131101	学問への扉（比較文学入門　越境する物語の世界）	bungaku,bunka,kokusai
131103	学問への扉（言語の多様性を考える）	kotoba
131105	学問への扉（ポルトガル語圏の文化と文学）	bungaku,bunka
131107	学問への扉（イタリアの文化と社会入門）	bunka,shakai,kokusai
131109	学問への扉（統計データの解釈）	tokei
131111	学問への扉（比較・国際教育入門）	kyoiku,kokusai
131113	学問への扉（環日本海諸港の日露関係史）	rekishi,bunka,kokusai
131115	学問への扉（民法の歴史）	rekishi,seiji
131117	学問への扉（医学生物学研究は医療に役立つのか?）	ikimono,iryo
131119	学問への扉（口の健康を支えるマテリアルサイエンス）	kagaku,iryo,monodukuri
131121	学問への扉（それって10の何乗？）	sugaku
131123	学問への扉（生命とは何か?: 宇宙・地球・生物を通して考えよう！）	ikimono,kankyo,uchu
131125	学問への扉（化学フロンティアⅦ（生物活性分子の合成・抽出・はたらき））	kagaku,ikimono
131127	学問への扉（生物ネタについて語り合おう！）	ikimono
131129	学問への扉（阪大の生きものに生物多様性を学ぶ）	rekishi,shakai,ikimono,kankyo
131131	学問への扉（バイオテクノロジーと産業1）	ikimono
131133	学問への扉（月曜午後の応用物理）	butsuri,ai
131135	学問への扉（金属の物性）	butsuri,monodukuri
131137	学問への扉（パワーレーザーで極限の世界へ）	butsuri,uchu,energy
131139	学問への扉（船と波の科学）	sugaku,butsuri,monodukuri
131141	学問への扉（フューチャー・デザイン ー 持続可能な未来社会とイノベーションを考える）	shakai,seiji,kankyo,energy
131143	学問への扉（エレクトロニクスの世界）	butsuri,joho,kikai
131145	学問への扉（量子力学の不思議な世界（～磁石・超伝導・超高圧の世界～））	butsuri
131147	学問への扉（触媒化学への招待）	kagaku,kankyo,energy
131149	学問への扉（情報システムデータ処理）	tokei,joho,ai
131151	学問への扉（ランダマイズドアルゴリズム入門）	sugaku,joho
131153	学問への扉（生物物理学へのいざない）	butsuri,ikimono
131155	学問への扉（脳神経科学入門）	nou
131157	学問への扉（ワクチンを創る）	kokusai,ikimono,iryo
131159	学問への扉（量子ビームがつなぐ科学と社会）	butsuri
131161	学問への扉（自然に学び活用するものづくり）	ikimono,kankyo,monodukuri
131163	学問への扉（「食べる」の科学）	bunka,shoku
131165	学問への扉（ものづくりサイエンス「３次元プリンタを用いたものづくり：遠くまで多量に飛ばす散水ポンプのノズルの設計と製造」）	kikai,monodukuri
131167	学問への扉（フェムト世界の不思議：原子核とその内部）	butsuri
131169	学問への扉（ピア・サポート入門）	shakai,shinri,kyoiku,iryo
131171	学問への扉（ものづくり ＆ ロボコン初級）	kikai,monodukuri
131201	学問への扉（東アジア古代史入門）	rekishi,kyoiku
131203	学問への扉（哲学対話入門）	tetsugaku
131205	学問への扉（アイデンティティの政治と多文化性）	bunka,shakai,seiji,gender,kokusai
131207	学問への扉（大学について考える）	kyoiku
131209	学問への扉（認知・行動変容入門）	keizai,shinri
131211	学問への扉（教育人間学入門）	tetsugaku,kyoiku
131213	学問への扉（持続可能な開発のための経済学）	keizai,kokusai,shoku,kankyo,energy
131215	学問への扉（マクロ経済入門）	keizai
131217	学問への扉（生殖細胞入門）	ikimono,iryo
131219	学問への扉（顔面と口の構造とはたらき）	ikimono,iryo
131221	学問への扉（自分を食べて生き延びる　- オートファジーとはなんだろう？）	ikimono
131223	学問への扉（数理モデルと微分方程式）	sugaku
131225	学問への扉（数学への挑戦）	sugaku
131227	学問への扉（読んで話して College Math）	sugaku
131229	学問への扉（化学フロンティアⅢ（熱・エントロピー・物質））	butsuri,kagaku,energy
131231	学問への扉（建築・町を見る）	rekishi,bunka,monodukuri
131233	学問への扉（製品設計における画期的アイデアの発想支援）	kankyo,monodukuri
131235	学問への扉（環境にやさしい材料の設計）	kagaku,kankyo,monodukuri,energy
131237	学問への扉（身の回りのセキュリティ）	joho
131239	学問への扉（ディスプレイ・照明デバイスの過去・現在・未来）	butsuri,kikai
131241	学問への扉（自然放射線の測定とエネルギー需要予測）	butsuri,kankyo,energy
131243	学問への扉（化学が拓く新たな科学）	kagaku,iryo,energy
131245	学問への扉（化学工学への招待）	kagaku,kankyo,energy
131247	学問への扉（数値流体力学入門）	butsuri,joho,kikai
131249	学問への扉（熱伝導方程式からKeller-Segel系へ：非線形移流拡散方程式の解の探索）	sugaku
131251	学問への扉（情報システム基盤 ）	tokei,joho
131253	学問への扉（細胞発見物語）	rekishi,ikimono,iryo
131255	学問への扉（ミステリアス細胞生物学）	ikimono,iryo
131257	学問への扉（機能を獲得した無機ナノマテリアル：基礎と応用）	kagaku,energy
131259	学問への扉（データサイエンス・パターン認識入門）	tokei,joho,ai
131261	学問への扉（ものづくりサイエンス「強くて軽い新聞紙橋を設計しよう」）	monodukuri
131263	学問への扉（博物館・公文書館への誘い）	rekishi,shakai
131265	学問への扉（多文化コミュニケーションセミナーⅠ─街の公共サインを考える─）	kotoba,bunka,shakai,kokusai
131267	学問への扉（メタバースにおける地域課題の学習環境設計）	kyoiku,joho,ai
131269	学問への扉（ビブリオバトル入門）	bungaku
131301	学問への扉（西洋史入門）	rekishi,bunka,shakai
131303	学問への扉（戦後日本史入門）	rekishi
131305	学問への扉（台湾研究入門）	kotoba,rekishi,bunka,kokusai
131307	学問への扉（外国にルーツを持つ子どもたちについて考える）	kotoba,shakai,kyoiku,kokusai
131309	学問への扉（気候変動と日常生活）	shakai,shoku,kankyo
131311	学問への扉（ここから始める政治哲学）	tetsugaku,seiji
131313	学問への扉（国連による平和の作り方）	seiji,kokusai
131315	学問への扉（関西のドキュメンタリーから法と社会を考える）	bunka,shakai,seiji,media
131317	学問への扉（生命現象を支える“タンパク質”の働きとは？）	kagaku,ikimono,iryo
131319	学問への扉（予防医学への招待）	shakai,iryo
131321	学問への扉（わたしたちの暮らしと放射線）	butsuri
131323	学問への扉（化学フロンティアⅤ（量子の世界への誘い））	butsuri,kagaku
131325	学問への扉（化学フロンティアⅡ（分子を分ける・測る/放射能を測るー分析化学と放射化学のフロンティアー））	kagaku
131327	学問への扉（化学フロンティアⅨ（プラスチックの行方を考える））	kagaku,kankyo
131329	学問への扉（有機化学と生活）	kagaku
131331	学問への扉（化学で救う地球の未来）	kagaku,kankyo,energy
131333	学問への扉（ものづくり工学入門I）	rekishi,monodukuri
131335	学問への扉（自然放射線の測定と人体への影響解析）	butsuri,ikimono,joho
131337	学問への扉（環境工学入門１―都市環境問題を考える）	kankyo,monodukuri,energy
131339	学問への扉（複雑系で読み解く人間社会）	shakai,sugaku,butsuri
131341	学問への扉（メカトロニクス入門A）	joho,kikai,monodukuri
131343	学問への扉（メカトロニクス入門B）	joho,kikai,monodukuri
131345	学問への扉（制御情報システム入門）	sugaku,joho,kikai
131347	学問への扉（グラフ理論入門 ～四色定理・美術館定理・結婚定理～）	sugaku
131349	学問への扉（発生生物学からみた生命科学）	ikimono
131351	学問への扉（科学を広報する-学術研究機関として我々は何を求められているのか-）	shakai,media
131353	学問への扉（バイオナノテクノロジー入門）	ikimono
131355	学問への扉（遺伝子・ゲノムの話）	ikimono,iryo
131357	学問への扉（レーザー科学への招待）	butsuri,uchu,energy
131359	学問への扉（福島の環境放射線を考える）	shakai,butsuri,kankyo,energy
131361	学問への扉（実践！知能ロボットシステム入門）	joho,ai,kikai
131363	学問への扉（多文化コミュニケーションセミナーⅠ─異文化理解へのアプローチ─）	rekishi,bunka,kokusai
131365	学問への扉（現代社会における情報とメディア）	shakai,media,joho
131367	学問への扉（身の回りの放射線の科学）	seiji,butsuri,kagaku,iryo,kankyo
131369	学問への扉（人工知能）	ai
131371	学問への扉（ロボティクスとデータサイエンス）	tokei,kikai
131401	学問への扉（言語研究への誘い）	kotoba
131403	学問への扉（アメリカ演劇研究入門）	bungaku,geijutsu,bunka
131405	学問への扉（ことばと文化のデータサイエンス：デジタルヒューマニティーズへの扉）	kotoba,bunka,tokei,joho
131407	学問への扉（ことばと文法の世界への誘い）	kotoba
131409	学問への扉（行動観察入門）	shinri,ikimono
131411	学問への扉（大学での学び入門）	kyoiku
131413	学問への扉（動画配信サービスと競争政策）	seiji,keizai,media
131415	学問への扉（日本とグローバルサウスの関係を考える）	shakai,kokusai
131417	学問への扉（生と死を考える）	shakai,iryo
131419	学問への扉（感染症と免疫）	rekishi,ikimono,iryo
131421	学問への扉（放射線技術科学への誘い）	butsuri,iryo
131423	学問への扉（創薬科学への扉①）	kagaku,ikimono,iryo
131425	学問への扉（創薬科学への扉②）	kagaku,ikimono,iryo
131427	学問への扉（群論と代数的図形の対称性）	sugaku
131429	学問への扉（化学フロンティアI（色から始まる金属元素の化学））	kagaku
131431	学問への扉（ダイナミックな生命の科学）	ikimono
131433	学問への扉（有機材料の電子デバイスや生体材料への応用）	kagaku,kikai
131435	学問への扉（サイバーセキュリティ入門）	joho
131437	学問への扉（ナノスケールの熱とエネルギー：量子力学で読み解く物質の世界）	butsuri,energy
131439	学問への扉（ものづくり工学入門II）	kankyo,monodukuri
131441	学問への扉（社会基盤工学入門）	kankyo,monodukuri
131443	学問への扉（身体性ロボティクスと生体模倣）	ikimono,ai,kikai
131445	学問への扉（分子を操る新たな科学）	kagaku
131447	学問への扉（非線形力学入門）	sugaku,butsuri,joho
131449	学問への扉（対話の中の知能）	kotoba,shinri
131451	学問への扉（計算機プログラミング入門）	joho
131453	学問への扉（放射線の安全と不安）	shinri,media,butsuri
131455	学問への扉（光るタンパク質が拓く未来社会）	kagaku,ikimono
131457	学問への扉（リチウムイオン電池の基礎と未来技術）	kagaku,kankyo,energy
131459	学問への扉（文化をみる科学のレンズ）	rekishi,geijutsu,bunka,kagaku
131461	学問への扉（プログラミングで遡る科学史）	rekishi,sugaku,butsuri,joho,ai
131463	学問への扉（みえないものをみる工夫）	ikimono,joho
131465	学問への扉（シルクロードを読み解く）	rekishi,shukyo,geijutsu,bunka
131467	学問への扉（健康とスポーツを科学する）	iryo,sports
131469	学問への扉（文理をつなぐ視点 ― 科学技術と社会の未来を考える ―）	shakai
131471	学問への扉（データサイエンス）	tokei
131501	学問への扉（日常言語の哲学に触れる）	kotoba,tetsugaku
131503	学問への扉（宣教師がみたキリシタン時代の日本）	rekishi,shukyo,bunka,kokusai
131505	学問への扉（言語記述への誘い）	kotoba
131507	学問への扉（世界の言語、言語の世界）	kotoba,bunka,shakai
131509	学問への扉（社会哲学入門）	tetsugaku,shakai
131511	学問への扉（阪大での安全な学生生活に役立つ防災を学ぶ）	shakai,kankyo
131513	学問への扉（江戸時代の大坂を探求する）	rekishi,bunka,keizai
131515	学問への扉（人を動かす仕掛けの仕組み）	
131517	学問への扉（日本語教育入門）	kotoba,bunka,kyoiku,kokusai
131519	学問への扉（薬を知ろう）	kagaku,iryo
131521	学問への扉（創薬科学への扉③）	kagaku,ikimono,iryo
131523	学問への扉（創薬科学への扉④）	kagaku,ikimono,iryo
131525	学問への扉（体験する科学 ― 電気と磁気で世界をのぞく ―）	butsuri
131527	学問への扉（文学における科学）	bungaku,tetsugaku,ai
131529	学問への扉（化学フロンティアⅧ（高分子の世界～身の回りの化学から最先端研究まで～））	kagaku
131531	学問への扉（身近な化学物質の機能や特性を探る）	kagaku
131533	学問への扉（水曜午後の工学系物理）	butsuri
131535	学問への扉（機械情報システム入門）	joho,kikai
131537	学問への扉（防災環境都市づくりへのアプローチ）	shakai,kankyo,monodukuri
131539	学問への扉（待ち行列理論入門）	sugaku
131541	学問への扉（物質・情報・ロボティクスが拓く未来のモノづくり）	kagaku,kikai,monodukuri
131543	学問への扉（映える科学―科学教材を作ろう―）	kyoiku,butsuri,kagaku
131545	学問への扉（ナノテクノロジー最前線）	butsuri
131547	学問への扉（生体インタラクション入門）	joho,kikai
131549	学問への扉（生成AIと学ぶプログラミング入門）	joho,ai
131551	学問への扉（組織免疫生物学入門）	ikimono,iryo
131553	学問への扉（がん研究入門）	rekishi,ikimono,iryo
131555	学問への扉（最先端産業の基盤となる新規機能性材料）	butsuri
131557	学問への扉（計算で読み解く生命）	ikimono,iryo,joho,ai
131559	学問への扉（量子のエネルギー）	butsuri,energy
131561	学問への扉（行動から探る生き物のみかた：  動物ドキュメンタリーで考える）	ikimono
131563	学問への扉（総合知入門）	kyoiku
131565	学問への扉（はじめてのハワイ）	rekishi,bunka,shakai,kokusai
131567	学問への扉（大学教員ってどんな仕事？）	kyoiku
131569	学問への扉（かけひきの科学）	shakai,keizai,sugaku,ai
131601	学問への扉（日本語からのぞく言語研究）	kotoba
131603	学問への扉（社会の中のことば）	kotoba,bunka,shakai
131605	学問への扉（太平洋島嶼部から核と気候変動について考える）	bungaku,geijutsu,bunka,kokusai,kankyo
131607	学問への扉（ことばについて考える）	kotoba
131609	学問への扉（キャンパス周辺の安全）	shakai
131611	学問への扉（社会規範を考える）	shakai,gender
131613	学問への扉（法と政策）	seiji
131615	学問への扉（経済学入門）	keizai
131617	学問への扉（日本語教育と異文化理解）	kotoba,bunka,kyoiku,kokusai
131619	学問への扉（映画や文学にみる医学）	bungaku,media,iryo
131621	学問への扉（自己組織化と発生・再生）	ikimono,iryo
131623	学問への扉（持続可能な開発目標（SDGs））	kagaku,ikimono,kankyo
131625	学問への扉（確率論について考える）	sugaku
131627	学問への扉（固体中におけるミクロ・マクロな物理現象）	butsuri
131629	学問への扉（化学フロンティアVI（身の回りの有機化学とその夢））	kagaku
131631	学問への扉（流れを見る/流れを知る（流体力学入門））	butsuri
131633	学問への扉（バイオテクノロジーと産業2）	ikimono
131635	学問への扉（AIはどのようにして超音波を聴くか？）	butsuri,ai
131637	学問への扉（プログラミングロボットを動かしてみよう）	joho,kikai
131639	学問への扉（先端材料と機能化プロセス）	iryo,monodukuri
131641	学問への扉（地球環境データ解析入門）	tokei,kankyo,ai
131643	学問への扉（光とエレクトロニクスが拓く科学と技術）	butsuri,kikai
131645	学問への扉（確率統計の考え方を学ぼう）	sugaku,tokei
131647	学問への扉（手を動かして学ぶ統計学）	tokei
131649	学問への扉（生成AIと学ぶプログラミング入門）	joho,ai
131651	学問への扉（ミトコンドリア科学）	ikimono
131655	学問への扉（血管と疾患の科学）	iryo
131657	学問への扉（物理シミュレーション入門）	butsuri,joho
131659	学問への扉（身近にひそむタンパク質の世界）	ikimono
131661	学問への扉（ものづくりサイエンス「多言語で学ぶグローバルものづくり」）	kotoba,bunka,keizai,kokusai,monodukuri
131663	学問への扉（特殊相対論から量子色力学まで）	butsuri
131665	学問への扉（多文化コミュニケーションセミナーⅠ─世界の成り立ち、日本の成り立ち １─）	kotoba,bunka,shakai,kokusai
131667	学問への扉（Discovery Seminar: はじめてのリサーチ）	shakai
131669	学問への扉（行動経済学の使い方）	keizai,shinri
131671	学問への扉（「炎上」に学ぶELSI）	shakai,seiji,media
131701	学問への扉（近代音曲史への道）	rekishi,geijutsu,bunka
131703	学問への扉（近代フランスの歴史と社会）	rekishi,shukyo,bunka,shakai,seiji
131705	学問への扉（横書きの詩を縦書きに訳すー現代詩翻訳入門）	kotoba,bungaku,bunka
131707	学問への扉（多様な日本語の文法記述）	kotoba
131709	学問への扉（法学入門）	seiji
131711	学問への扉（イギリス経済の歴史）	rekishi,keizai,tokei
131713	学問への扉（知識と文化の経済地理分析）	bunka,keizai,kokusai
131715	学問への扉（神経科学の基礎から病気まで）	nou,iryo
131717	学問への扉（腫瘍学入門）	ikimono,iryo
131719	学問への扉（神経-身体情報科学へのいざない　中枢神経系から運動器の制御まで）	nou,iryo,sports,joho,ai
131721	学問への扉（保健学の実践と研究）	shakai,iryo
131723	学問への扉（理論物理学の最前線）	butsuri
131725	学問への扉（物性物理学入門：電子をあやつる！）	butsuri
131727	学問への扉（地球科学入門）	butsuri,kagaku,kankyo,uchu
131729	学問への扉（動物のしくみ vs 植物のしくみ）	ikimono
131731	学問への扉（建築・町を見る）	rekishi,bunka,monodukuri
131733	学問への扉（分子を題材に大学化学の基礎知識と、科学情報の入手技術・プレゼンテーション技術を習得）	kagaku
131735	学問への扉（流れとかたち～相似則をとおして考える）	butsuri
131737	学問への扉（ものづくり工学入門III）	butsuri,monodukuri
131739	学問への扉（イノベーション/リーダーシップ入門）	keizai
131741	学問への扉（環境工学入門２―地球環境問題を考える）	kankyo,energy
131743	学問への扉（新しいビジネスを創ろう！）	shakai,keizai
131745	学問への扉（半導体の世界を体験しよう）	butsuri,kikai
131747	学問への扉（最良の決め方と求め方を考える）	keizai,sugaku,joho
131749	学問への扉（生物化学工学への招待）	tokei,kagaku,ikimono,ai
131751	学問への扉（科学的認識論から見たデータサイエンス）	tetsugaku,tokei,ai
131753	学問への扉（脳と意識）	nou
131755	学問への扉（子どものこころの発達を科学的視点から支える）	shinri,kyoiku,nou,iryo
131757	学問への扉（疑似科学を科学する）	tetsugaku
131759	学問への扉（配列情報解析入門（DNAを学び、予測し、進化させる））	ikimono,iryo,joho,ai
131763	学問への扉（半導体スピンと量子科学）	butsuri,joho,kikai
131765	学問への扉（タンパク質から細胞へ）	kagaku,ikimono
131767	学問への扉（ものづくりサイエンス「多次元プリンタを用いた復元と補修：歴史的遺物から先端産業部品まで」）	rekishi,geijutsu,iryo,kankyo,monodukuri
131769	学問への扉（社会の中のデータサイエンス：データ基盤・AI技術・社会課題）	shakai,seiji,tokei,joho,ai
131771	学問への扉（データを基に世界を読み解く）	kyoiku,kokusai,tokei,iryo,shoku
131773	学問への扉（新学術領域の創成と革新的イノベーション）	
134101	情報社会基礎	shakai,tokei,joho,ai
134103	情報社会基礎	shakai,tokei,joho,ai
134105	情報社会基礎（外国語学部正規生専用）	shakai,tokei,joho,ai
134107	情報社会基礎（外国語学部正規生専用）	shakai,tokei,joho,ai
134109	情報社会基礎（外国語学部正規生専用）	shakai,tokei,joho,ai
134111	情報社会基礎（外国語学部正規生専用）	shakai,tokei,joho,ai
134113	情報社会基礎（外国語学部正規生専用）	shakai,tokei,joho,ai
134115	情報社会基礎（外国語学部正規生専用）	shakai,tokei,joho,ai
134117	情報社会基礎（外国語学部正規生専用）	shakai,tokei,joho,ai
134119	情報社会基礎（外国語学部正規生専用）	shakai,tokei,joho,ai
134121	情報社会基礎（外国語学部正規生専用）	shakai,tokei,joho,ai
134123	情報社会基礎（外国語学部正規生専用）	shakai,tokei,joho,ai
134125	情報社会基礎	shakai,tokei,joho,ai
134127	情報社会基礎	shakai,tokei,joho,ai
134129	情報社会基礎	shakai,tokei,joho,ai
134131	情報社会基礎（経済学部専用）	shakai,tokei,joho,ai
134133	情報社会基礎（経済学部専用）	shakai,tokei,joho,ai
134135	情報社会基礎（経済学部専用）	shakai,tokei,joho,ai
134137	情報社会基礎（経済学部専用）	shakai,tokei,joho,ai
134139	情報科学基礎	shakai,tokei,joho,ai
134141	情報社会基礎	shakai,tokei,joho,ai
134143	情報科学基礎	shakai,tokei,joho,ai
134145	情報科学基礎	shakai,tokei,joho,ai
134147	情報科学基礎	shakai,tokei,joho,ai
134149	情報科学基礎（理学部専用）	shakai,tokei,joho,ai
134151	情報科学基礎（理学部専用）	shakai,tokei,joho,ai
134153	情報科学基礎（理学部専用）	shakai,tokei,joho,ai
134155	情報科学基礎（理学部専用）	shakai,tokei,joho,ai
134157	情報科学基礎	shakai,tokei,joho,ai
134159	情報科学基礎	shakai,tokei,joho,ai
134161	情報科学基礎	shakai,tokei,joho,ai
134163	情報科学基礎	shakai,tokei,joho,ai
134165	情報科学基礎	shakai,tokei,joho,ai
134167	情報科学基礎	shakai,tokei,joho,ai
134169	情報科学基礎	shakai,tokei,joho,ai
134171	情報科学基礎	shakai,tokei,joho,ai
134173	情報科学基礎Ａ	shakai,tokei,joho,ai
134175	情報科学基礎Ｃ	shakai,tokei,joho,ai
134177	情報科学基礎Ｂ（吹田開講）	shakai,tokei,joho,ai
134179	情報科学基礎Ｂ（吹田開講）	shakai,tokei,joho,ai
134181	情報科学基礎Ｄ－I（吹田開講）	shakai,tokei,joho,ai
134183	情報科学基礎Ｄ－II（吹田開講）	shakai,tokei,joho,ai
134185	情報科学基礎Ｄ－III（吹田開講）	shakai,tokei,joho,ai
134187	情報科学基礎Ｅ（吹田開講）	shakai,tokei,joho,ai
134301	情報社会基礎（外国語学部再履修生専用）	shakai,tokei,joho,ai
135001	【人文】倫理学の基礎	tetsugaku,ikimono,iryo,kankyo
135003	【人文】中国哲学基礎	rekishi,tetsugaku,shukyo,bunka,seiji
135005	【人文】インド学の基礎	kotoba,rekishi,tetsugaku,shukyo,bunka
135007	【人文】哲学の基礎Ａ	tetsugaku
135008	【人文】文芸学	bungaku,rekishi,tetsugaku,geijutsu
135009	【人文】東洋美術史	rekishi,geijutsu,bunka
135014	【人文】芸術の歴史	rekishi,geijutsu,shakai,gender
135015	【人文】日本文学研究入門	bungaku,rekishi,geijutsu
135017	【人文】日本の文学A	bungaku,rekishi
135019	【人文】日本の文学C	bungaku,rekishi,geijutsu
135025	【人文】中国語圏の文学A	kotoba,bungaku,geijutsu,bunka
135026	【人文】ドイツの文化・芸術	bungaku,rekishi,geijutsu,bunka
135029	【人文】西洋の文学	bungaku,rekishi,tetsugaku
135031	【人文】外国の文学を知る	bungaku,rekishi,shukyo,bunka
135032	【人文】教養としての日本語	kotoba
135033	【人文】教養としての日本語	kotoba,rekishi
135037	【人文】国語学入門	kotoba,rekishi
135039	【人文】英語学の基礎C	kotoba
135041	【人文】日本史の考え方	rekishi,seiji,kokusai
135043	【人文】日本史の考え方	rekishi,seiji,kokusai
135045	【人文】日本史の話題	rekishi,shakai,gender
135047	【人文】アジア史学基礎Ａ	rekishi,bunka
135049	【人文】世界史の考え方	rekishi,bunka,seiji,kokusai
135056	【人文】西洋史学基礎Ａ	rekishi,shukyo,shakai,seiji,keizai
135057	【人文】西洋史学基礎Ｂ	rekishi,shakai,seiji,kokusai
135058	【人文】世界史の考え方	rekishi,bunka,kokusai
135059	【人文】考古学基礎	rekishi
135063	【人文】ことばの学問入門	kotoba,rekishi,shakai,ikimono
135067	【人文】アフリカの文化と社会を知る	rekishi,geijutsu,bunka,shakai,seiji
135069	【人文】ユーラシアの文化と社会を知るA	kotoba,bunka,shakai,kokusai
135071	【人文】欧米の文化と社会を知るA	kotoba,bunka,shakai
135073	【人文】欧米の文化と社会を知るB	bunka,shakai
135076	【人文】中東の文化と社会を知るA	kotoba,bungaku,shukyo,bunka,seiji
135077	【人文】中東言語文化研究入門	kotoba,bunka
135081	【人文】欧米の政治・経済事情	rekishi,bunka,seiji,keizai,kokusai
135083	【人文】日本語・日本文化を考えるA	kotoba,bunka,kyoiku
135085	【人文】人間学の考え方	tetsugaku,shakai,butsuri
135087	【人文】人間学の話題	tetsugaku,shakai,iryo
135089	【人文】人間学の話題	bungaku,geijutsu,bunka
135091	【社会】行動学の考え方	kotoba,shinri,kyoiku
135093	【社会】行動学の考え方	shinri,ikimono,nou
135095	【社会】心理・行動科学入門	shinri,ikimono
135096	【社会】感情・人格心理学	shinri
135097	【社会】社会学の考え方	shakai
135099	【社会】社会学の考え方	bunka,shakai,media,gender,sports
135101	【社会】現代文化論	bunka,kyoiku,kokusai
135103	【社会】現代社会論	shakai,keizai,iryo
135107	【社会】現代社会を読み解く	shakai,kyoiku
135109	【社会】社会科学のための確率統計	sugaku,tokei
135111	【社会】社会学の話題	tetsugaku,shakai,iryo
135112	【社会】社会学の話題	shakai,seiji,shinri,kokusai,tokei
135113	【社会】社会思想史	rekishi,tetsugaku,shakai
135115	【社会】行動学の話題	kotoba,shinri,ikimono
135117	【社会】行動学の話題	shakai,iryo,kankyo
135119	【社会】行動学の話題	shinri,ikimono,nou
135121	【社会】行動学の話題	tetsugaku,bunka,shakai,kokusai,kankyo
135123	【社会】社会学の話題	shakai
135125	【社会】日本国憲法	seiji
135127	【社会】日本国憲法	seiji
135129	【社会】日本国憲法	seiji
135131	【社会】法の世界	seiji,joho
135133	【社会】法の世界	rekishi,seiji
135135	【社会】法の世界	seiji,keizai,kokusai
135137	【社会】日本国憲法	seiji
135139	【社会】日本国憲法	seiji
135141	【社会】日本国憲法	seiji
135143	【社会】法の世界	seiji
135145	【社会】法学の考え方	seiji,keizai
135147	【社会】法学の考え方	seiji,keizai
135149	【社会】法学の考え方	seiji
135151	【社会】日本国憲法	seiji
135153	【社会】政治学の話題	seiji,keizai,kokusai,tokei
135155	【社会】政治の世界	shakai,seiji,kokusai
135158	【社会】現代の法と政治を考える	rekishi,seiji,keizai,kokusai
135159	【社会】マクロ経済学の考え方	keizai,tokei
135161	【社会】マクロ経済学の考え方	keizai,kokusai,tokei
135163	【社会】ミクロ経済学の考え方	keizai
135165	【社会】ミクロ経済学の考え方	keizai
135167	【社会】経済の世界	keizai,sugaku,tokei
135169	【社会】ミクロ経済学の考え方	keizai,sugaku
135171	【社会】経済の世界	sugaku,tokei,joho
135173	【社会】経済現象を読み解く	seiji,keizai
135175	【社会】平和の問題を考える	rekishi,shakai,seiji,gender,kokusai
135177	【自然】数学の考え方	sugaku
135179	【自然】現代数学の基礎	sugaku,butsuri
135181	【自然】数学の考え方	rekishi,sugaku
135183	【自然】物理学の考え方	butsuri
135185	【自然】物理学の考え方	butsuri,uchu,energy
135187	【自然】現代物理学の基礎	butsuri
135189	【自然】現代物理学の基礎	butsuri
135191	【自然】宇宙地球科学の考え方	kankyo,uchu
135193	【自然】宇宙地球科学の考え方	butsuri,kagaku,kankyo,uchu
135195	【自然】宇宙地球科学の考え方	kankyo,uchu
135197	【自然】宇宙地球科学の考え方	ikimono,kankyo,uchu,energy
135199	【自然】化学の話題	kagaku,ikimono,iryo,kankyo,energy
135201	【自然】化学の話題	kagaku
135203	【自然】化学の考え方	kagaku
135205	【自然】現代生命科学の基礎	ikimono
135207	【自然】現代生命科学の基礎	kagaku,iryo
135209	【自然】生命機能学の基礎	ikimono,nou,iryo
135211	【自然】現代生命科学の基礎	ikimono,nou,iryo
135213	【自然】現代生命科学の基礎	kagaku,ikimono,iryo,shoku,sports
135215	【自然】現代生命科学の基礎	rekishi,tetsugaku,ikimono
135217	【自然】生命科学の世界	ikimono,kankyo
135219	【自然】生命科学の世界	ikimono,iryo
135221	【自然】認知脳科学への誘い	geijutsu,shinri,nou,sports,ai
135223	【自然】環境科学の基礎	kankyo,energy
135225	【自然】健康・医療の基礎	kokusai,iryo
135227	【自然】健康科学の考え方	shinri,iryo,shoku,sports
135229	【総合】現代文化を読み解く	rekishi,geijutsu,bunka,media,gender
135231	【総合】思考の世界	tetsugaku
135233	【総合】人文地理学の考え方	bunka,shoku,kankyo
135235	【総合】現代差別論	rekishi,shakai,seiji
135237	【総合】世界は今	kokusai,iryo
135239	【総合】科学技術の問題を考える	tetsugaku,shakai,seiji,iryo,ai
135241	【総合】共生学の話題	rekishi,bunka,shakai,kankyo
135243	【総合】共生学の話題	tetsugaku,shakai,kyoiku,kokusai
135245	【総合】共生学の話題	ikimono,kankyo
135246	【総合】共生学の話題	shakai,kyoiku,kokusai,iryo
135247	【総合】コンピュータシステムの原理	joho,kikai
135249	【総合】現代の脳科学	shinri,nou,iryo,ai
135251	【総合】現代の医療と生命を考える	iryo
135253	【総合】世界は今	bunka,kokusai,ai
135256	【総合】実践的危機管理入門	shakai,kankyo
135257	【総合】大阪大学の歴史－大阪大学を創った人達－	rekishi,kyoiku
135258	【総合】大阪大学の歴史－適塾・緒方洪庵入門－	rekishi,kyoiku,iryo
135259	【総合】科学・技術と情報の最前線	sugaku,butsuri,kagaku,iryo,kikai
135267	【総合】現代キャリアデザイン論I	shakai,keizai
135268	【総合】現代キャリアデザイン論I	shakai,keizai
135275	【総合】数理モデリングの基礎	sugaku,butsuri,ikimono
135281	【総合】知性への誘い	bungaku,rekishi,keizai,iryo,joho
135293	【総合】データ科学のための数理	sugaku,tokei,joho,ai
135297	【総合】データ解析の実際	sugaku,tokei,ai
135299	【総合】病気のバイオサイエンスI	ikimono,iryo
135301	【総合】病気のバイオサイエンスII	ikimono,iryo
135302	【総合】文理融合に向けた数理科学　I	sugaku,tokei,ai
135303	【総合】福島での環境放射線実習	shakai,butsuri,iryo,kankyo
135304	【総合】文理融合に向けた数理科学　I	sugaku,tokei,ai
135305	【総合】文理融合に向けた数理科学　I	sugaku,tokei,ai
135306	【総合】文理融合に向けた数理科学　I	sugaku,tokei,ai
135307	【総合】共生社会とアクセシビリティを考える	shakai,kyoiku,gender
135309	【総合】文理融合に向けた数理科学　I	sugaku,tokei,ai
135310	【総合】データサイエンスの基礎　I	sugaku,tokei,ai
135312	【総合】文理融合に向けた数理科学　I	sugaku,tokei,ai
135313	【人文】Cross Cultural Psychology	bunka,shinri
135314	【総合】数理・データサイエンス・AI活用PBL	tokei,joho,ai
135315	【総合】情報と社会	shakai,joho
135316	【総合】文理融合に向けた数理科学　I	sugaku,tokei,ai
135317	【社会】Introduction to Social Psychology	shakai,shinri
135318	【総合】文理融合に向けた数理科学　I	sugaku,tokei,ai
135323	【総合】Basic Learning Skills 1	tokei
135325	【総合】Basic Learning Skills 2	shakai
135327	【総合】カーボンニュートラルと私たちの未来	shakai,keizai,kankyo,energy
135333	【総合】ダイバーシティ＆インクルージョンの世界	shakai,seiji,media,gender,iryo
135335	【総合】文理融合に向けた数理科学 I	sugaku,tokei,ai
135337	【総合】文理融合に向けた数理科学 I	sugaku,tokei,ai
135339	【総合】文理融合に向けた数理科学 I	sugaku,tokei,ai
135341	【総合】文理融合に向けた数理科学 I	sugaku,tokei,ai
135343	【総合】阪大SDGs学入門	shakai,kankyo
135345	【総合】大阪の防災ー南海トラフ巨大地震・津波からあなたの身の守り方を学ぶ	shakai,kankyo
135349	【総合】SDGs＋Beyondに向けた新しい共感・共助の経済づくり	shakai,keizai,kankyo
135357	【総合】万博スタディーズ	rekishi,bunka,shakai,kokusai
135411	スマート・スポーツリテラシー（バスケットボール）	sports
135412	スマート・スポーツリテラシー（ソフトボール）	rekishi,bunka,iryo,sports
135413	スマート・スポーツリテラシー（ウエイトトレーニング）	iryo,sports
135414	スマート・スポーツリテラシー（ゴルフ）	sports
135415	スマート・スポーツリテラシー（フィットネス・ヨガ）	sports
135416	スマート・スポーツリテラシー（バレーボール）	sports
135417	スマート・ヘルスリテラシー	tokei,iryo,shoku,sports
135418	スマート・ヘルスリテラシー	iryo,sports
135421	スマート・スポーツリテラシー（ゴルフ）	sports
135422	スマート・スポーツリテラシー（フィットネス・ヨガ）	sports
135423	スマート・スポーツリテラシー（バスケットボール）	sports
135424	スマート・スポーツリテラシー（バレーボール）	sports
135425	スマート・ヘルスリテラシー	iryo,shoku,sports
135426	スマート・ヘルスリテラシー	tokei,iryo,sports
135431	スマート・スポーツリテラシー（ウエイトトレーニング）	iryo,shoku,sports
135432	スマート・スポーツリテラシー（ゴルフ）	sports
135433	スマート・スポーツリテラシー（テニス）	sports
135434	スマート・スポーツリテラシー（フィットネス・ヨガ）	sports
135435	スマート・スポーツリテラシー（バスケットボール）	sports
135436	スマート・ヘルスリテラシー	iryo,sports
135437	スマート・ヘルスリテラシー	iryo,shoku,sports
135441	スマート・スポーツリテラシー（ゴルフ）	sports
135442	スマート・スポーツリテラシー（ソフトボール）	iryo,sports
135443	スマート・スポーツリテラシー（テニス）	sports
135444	スマート・スポーツリテラシー（バドミントン）	sports
135445	スマート・スポーツリテラシー（卓球）	sports
135446	スマート・ヘルスリテラシー	iryo,sports
135447	スマート・ヘルスリテラシー	iryo,sports
135451	スマート・スポーツリテラシー（アダプテッドスポーツ）	shakai,iryo,sports
135452	スマート・スポーツリテラシー（サッカー）	sports
135453	スマート・スポーツリテラシー（ソフトボール）	iryo,sports
135454	スマート・スポーツリテラシー（ダンス）	geijutsu,sports
135455	スマート・スポーツリテラシー（バドミントン）	sports
135456	スマート・スポーツリテラシー（卓球）	sports
135457	スマート・ヘルスリテラシー	iryo,sports
135458	スマート・ヘルスリテラシー	iryo,sports
135461	スマート・スポーツリテラシー（ニュースポーツ）	sports
135462	スマート・スポーツリテラシー（サッカー）	sports
135463	スマート・スポーツリテラシー（ダンス）	geijutsu,sports
135464	スマート・スポーツリテラシー（バドミントン）	sports
135465	スマート・スポーツリテラシー（卓球）	sports
135466	スマート・スポーツリテラシー（フィットネス・ヨガ）	sports
135467	スマート・ヘルスリテラシー	iryo,shoku,sports
135468	スマート・ヘルスリテラシー	iryo,sports
135471	スマート・スポーツリテラシー（エアロビックダンス）	geijutsu,iryo,sports
135472	スマート・スポーツリテラシー（ウエイトトレーニング）	sports
135473	スマート・スポーツリテラシー（ソフトボール）	iryo,sports
135474	スマート・スポーツリテラシー（ハンドボール	sports
135475	スマート・スポーツリテラシー（卓球）	sports
135476	スマート・スポーツリテラシー（フットサル）	sports
135477	スマート・ヘルスリテラシー	shinri,iryo,shoku,sports
135478	スマート・ヘルスリテラシー	tokei,iryo,shoku,sports
135481	スマート・スポーツリテラシー（ウエイトトレーニング）	sports
135482	スマート・スポーツリテラシー（テニス）	tokei,iryo,sports
135483	スマート・スポーツリテラシー（ソフトボール）	iryo,sports
135484	スマート・スポーツリテラシー（ハンドボール）	sports
135485	スマート・スポーツリテラシー（卓球）	sports
135486	スマート・スポーツリテラシー（フットサル）	sports
135487	スマート・ヘルスリテラシー	shinri,iryo,shoku,sports
135488	スマート・ヘルスリテラシー	iryo,sports
135491	スマート・スポーツリテラシー（ハンドボール）	nou,sports
135492	スマート・スポーツリテラシー（ボクシングエクササイズ）	sports
135493	スマート・スポーツリテラシー（ウエイトトレーニング）	sports
135494	スマート・スポーツリテラシー（アダプテッドスポーツ）	shakai,iryo,sports
135495	スマート・スポーツリテラシー（卓球）	sports
135496	スマート・スポーツリテラシー（フットサル）	sports
135497	スマート・ヘルスリテラシー	iryo,shoku,sports
135498	スマート・ヘルスリテラシー	iryo
135501	スマート・スポーツリテラシー（ハンドボール）	tokei,iryo,sports
135502	スマート・スポーツリテラシー（バドミントン）	sports
135503	スマート・スポーツリテラシー（レクリエーションスポーツ）	sports
135504	スマート・スポーツリテラシー（ダンス）	geijutsu,sports
135505	スマート・スポーツリテラシー（タグボール）	shakai,iryo,sports
135506	スマート・スポーツリテラシー（卓球）	sports
135507	スマート・スポーツリテラシー（バレーボール）	sports
135508	スマート・ヘルスリテラシー	iryo,sports
135509	スマート・ヘルスリテラシー	shinri,iryo
135511	スマート・スポーツリテラシー（ウエイトトレーニング）	iryo,sports
135512	スマート・スポーツリテラシー（バドミントン）	sports
135513	スマート・スポーツリテラシー（レクリエーションスポーツ）	sports
135514	スマート・スポーツリテラシー（ダンス）	geijutsu,sports
135515	スマート・スポーツリテラシー（タグボール）	shakai,iryo,sports
135516	スマート・スポーツリテラシー（卓球）	sports
135517	スマート・スポーツリテラシー（バレーボール）	sports
135518	スマート・ヘルスリテラシー	shinri,iryo
135519	スマート・ヘルスリテラシー	iryo
135521	スマート・スポーツリテラシー（健康処方）	iryo,shoku,sports
135531	統計学Ａ-I	sugaku,tokei
135533	統計学Ａ-I	kotoba,bungaku,bunka,sugaku,tokei
135535	統計学Ｂ-I	sugaku,tokei
135537	統計学Ｂ-I	sugaku,tokei
135539	統計学Ｂ-I	sugaku,tokei,iryo
135541	統計学Ｂ-I	sugaku,tokei,iryo
135543	統計学Ｂ-I	sugaku,tokei,iryo
135545	統計学Ｃ-I	sugaku,tokei,joho
135549	統計学Ｃ-I	sugaku,tokei,joho
135551	統計学Ｃ-I	sugaku,tokei,joho
135553	統計学Ｃ-I（吹田開講）	sugaku,tokei
135554	統計学Ｃ-I（吹田開講）	sugaku,tokei
135555	統計学Ｃ-I（吹田開講）	sugaku,tokei
135556	統計学Ｃ-I（吹田開講）	sugaku,tokei
135557	統計学Ｃ-I	sugaku,tokei,joho
135559	統計学Ｃ-I	sugaku,tokei,joho
135561	統計学Ｃ-I	sugaku,tokei,ai
135571	解析学入門	sugaku
135575	線形代数学I	sugaku
135577	基礎解析学・同演義I	sugaku
135579	基礎解析学・同演義I	sugaku
135581	基礎解析学・同演義I	sugaku
135583	基礎解析学・同演義I	sugaku
135585	基礎解析学・同演義I	sugaku
135587	基礎解析学・同演義I	sugaku
135589	基礎解析学・同演義I	sugaku
135591	基礎解析学・同演義I	sugaku
135593	基礎解析学・同演義I	sugaku
135595	基礎解析学I	sugaku
135597	基礎解析学I	sugaku
135599	基礎解析学・同演義I	sugaku
135601	基礎解析学・同演義I	sugaku
135603	基礎解析学・同演義I	sugaku
135605	基礎解析学・同演義I	sugaku
135607	線形代数学・同演義I	sugaku
135609	線形代数学・同演義I	sugaku
135611	線形代数学・同演義I	sugaku
135613	解析学入門	sugaku
135615	解析学概論	sugaku
135617	解析学概論	sugaku
135619	解析学概論	sugaku
135621	線形代数学I	sugaku
135623	線形代数学I	sugaku
135625	線形代数学I	sugaku
135627	線形代数学I	sugaku
135629	線形代数学I	sugaku
135631	線形代数学I	sugaku
135633	線形代数学I	sugaku
135635	基礎解析学・同演義I	sugaku
135637	基礎解析学・同演義I	sugaku
135639	基礎解析学・同演義I	sugaku
135641	解析学概論	sugaku
135643	線形代数学I	sugaku
135645	線形代数学I	sugaku
135647	線形代数学I	sugaku
135649	線形代数学・同演義I	sugaku
135651	線形代数学・同演義I	sugaku
135653	線形代数学I	sugaku
135655	線形代数学I	sugaku
135657	線形代数学I	sugaku
135659	線形代数学I	sugaku
135661	線形代数学I	sugaku
135663	線形代数学I	sugaku
135665	基礎解析学・同演義I	sugaku
135667	基礎解析学・同演義I	sugaku
135669	基礎解析学・同演義I	sugaku
135671	基礎解析学・同演義I	sugaku
135673	基礎解析学・同演義I	sugaku
135675	基礎解析学・同演義I	sugaku
135677	基礎解析学・同演義I	sugaku
135679	解析学入門	sugaku
135681	解析学入門	sugaku
135683	解析学入門	sugaku
135685	線形代数学・同演義I	sugaku
135687	線形代数学・同演義I	sugaku
135689	線形代数学・同演義I	sugaku
135701	力学詳論I	butsuri
135703	力学詳論I	butsuri
135705	力学詳論I	butsuri
135707	力学通論	butsuri
135709	力学通論	butsuri
135711	力学通論	butsuri
135713	力学入門	butsuri
135715	力学通論	butsuri
135717	力学詳論I	butsuri
135719	力学詳論I	butsuri
135721	力学詳論I	butsuri
135723	力学詳論I	butsuri
135725	力学詳論I	butsuri
135727	力学詳論I	butsuri
135729	力学詳論I	butsuri
135731	力学詳論I	butsuri
135733	力学入門	butsuri
135735	力学通論	butsuri
135737	力学通論	butsuri
135739	力学通論	butsuri
135741	力学詳論I	butsuri
135743	力学詳論I	butsuri
135745	力学詳論I	butsuri
135747	力学詳論I	butsuri
135761	化学基礎論Ａ	butsuri,kagaku
135763	化学基礎論Ａ	butsuri,kagaku
135769	化学基礎論Ａ	butsuri,kagaku
135771	化学基礎論Ａ	butsuri,kagaku
135773	化学基礎論Ａ	butsuri,kagaku
135775	化学基礎論Ａ	butsuri,kagaku
135785	化学熱力学	kagaku,ikimono
135787	化学基礎論Ａ	butsuri,kagaku
135789	化学基礎論C	butsuri,kagaku
135791	化学基礎論Ａ	butsuri,kagaku
135799	化学基礎論Ａ	butsuri,kagaku
135801	化学基礎論Ａ	butsuri,kagaku
135807	化学基礎論Ａ	butsuri,kagaku
135811	化学基礎論C	butsuri,kagaku
135813	化学基礎論C	butsuri,kagaku
135819	化学基礎論Ａ	butsuri,kagaku
135823	化学基礎論Ａ	butsuri,kagaku
135825	化学基礎論Ａ	butsuri,kagaku
135827	化学基礎論Ａ	butsuri,kagaku
135835	化学基礎論Ａ	butsuri,kagaku
135837	化学基礎論Ａ	butsuri,kagaku
135839	化学基礎論Ａ	butsuri,kagaku
135847	化学基礎論Ａ	butsuri,kagaku
135851	基礎化学実験	kagaku
135853	基礎化学実験	kagaku
135855	基礎化学実験	kagaku
135871	生物学序論（医歯薬専用）	ikimono,nou
135873	生物学序論（医歯薬専用）	kagaku,ikimono,iryo
135875	生物学序論（医歯薬専用）	ikimono
135877	生物学序論（理工基専用）	kagaku,ikimono
135879	生物学序論（理工基専用）	kagaku,ikimono
135881	生物学序論（理工基専用）	kagaku,ikimono
135883	生物学序論（理工基専用）	kagaku,ikimono
135885	生物学序論（理工基専用）	ikimono
135887	生物学序論（理工基専用）	kagaku,ikimono
135889	基礎生物学実験	ikimono,kankyo
135891	基礎生物学実験	ikimono,kankyo
135893	基礎生物学実験	ikimono,kankyo
135901	宇宙地球科学I	kankyo,uchu
135903	宇宙地球科学I	kankyo,uchu
135905	宇宙地球科学II	kankyo,uchu
135907	宇宙地球科学II	kankyo,uchu
135909	宇宙地球科学I	kankyo,uchu
135911	宇宙地球科学I	kankyo,uchu
135913	宇宙地球科学II	kankyo,uchu
135915	宇宙地球科学II	kankyo,uchu
135917	宇宙地球科学I	kankyo,uchu
135919	宇宙地球科学II	kankyo,uchu
135921	基礎地学実験	kankyo,uchu
135923	基礎地学実験	kankyo,uchu
135931	図学講義A（吹田開講）	sugaku,monodukuri
135933	図学講義A（吹田開講）	sugaku,monodukuri
135934	図学講義A	sugaku,joho,monodukuri
135935	図学講義B	sugaku,monodukuri
135937	図学講義B	sugaku,monodukuri
137001	【人文】世界の思想	tetsugaku,shakai,shinri,gender,iryo
137003	【人文】哲学の基礎Ｂ	kotoba,tetsugaku
137005	【人文】美学	tetsugaku,geijutsu,kankyo,ai
137009	【人文】音楽学	rekishi,shukyo,geijutsu,bunka,sports
137011	【人文】演劇学	rekishi,geijutsu,bunka
137012	【人文】芸術の実践	rekishi,geijutsu,bunka
137013	【人文】芸術の場所	geijutsu,media,sports
137015	【人文】日本文学の名作を読む	bungaku,rekishi
137017	【人文】日本の文学B	bungaku
137019	【人文】中国の文学	bungaku,rekishi,bunka
137021	【人文】英米文学入門	bungaku,geijutsu,bunka,shakai,gender
137023	【人文】英語学の基礎B	kotoba,shinri
137024	【人文】フランス文学入門	kotoba,bungaku,geijutsu,bunka
137025	【人文】教養としての日本語	kotoba,bungaku,rekishi,shukyo
137029	【人文】日本の文学E	kotoba,bungaku,rekishi,shakai,media
137033	【人文】アジアの文化と社会を知るＧ	bunka,shakai,kokusai,iryo
137035	【人文】日本史の話題	rekishi,seiji
137037	【人文】アジア史学基礎Ｂ	rekishi,bunka
137039	【人文】中国古典入門	bungaku,bunka
137041	【人文】世界史の考え方	rekishi,seiji,kokusai
137042	【人文】世界史の考え方	rekishi,bunka,gender
137043	【人文】世界史の考え方	rekishi,bunka,shakai,seiji,gender
137046	【人文】日本学基礎	rekishi,bunka,shakai
137047	【人文】マイノリティを読む	kotoba,bungaku,bunka,shakai
137049	【人文】日本学の最前線	rekishi,shukyo,bunka,shakai
137050	【人文】アジアの文化と社会を知るA	rekishi,bunka,seiji,kokusai
137051	【人文】アジアの文化と社会を知るB	tetsugaku,geijutsu,bunka
137052	【人文】アジアの文化と社会を知るH	rekishi,shukyo,bunka,seiji,shoku
137053	【人文】アジアの文化と社会を知るC	geijutsu,bunka,shakai,media,kokusai
137055	【人文】アジアの文化と社会を知るD	rekishi,shukyo,bunka,shakai
137057	【人文】アジアの文化と社会を知るE	kotoba,rekishi,bunka,kokusai,shoku
137059	【人文】アフリカ言語文化研究入門	kotoba,rekishi,bunka,shakai,gender
137061	【人文】ユーラシアの文化と社会を知るB	kotoba,rekishi,bunka,kokusai
137065	【人文】欧米の文化と社会を知るB	bunka,shakai
137067	【人文】欧米の文化と社会を知るE	rekishi,bunka,shakai,seiji,keizai
137069	【人文】欧米の文化と社会を知るF	kotoba,rekishi,bunka,seiji,shoku
137070	【人文】アジアの文化と社会を知るF	rekishi,bunka,shakai,kokusai
137073	【人文】欧米言語文化研究入門A	kotoba,bunka
137077	【人文】中東の文化と社会を知るB	bunka,shakai
137079	【人文】中東の文化と社会を知るC	rekishi,bunka,shakai
137081	【人文】アジア言語文化研究入門A	kotoba,rekishi,bunka
137083	【人文】アジア言語文化研究入門B	rekishi,tetsugaku,bunka,seiji
137085	【人文】言語社会研究入門	kotoba
137087	【人文】日本語・日本文化を考えるB	kotoba
137089	【人文】日本語・日本文化を考えるC	kotoba,rekishi
137091	【人文】日本語・日本文化を考えるD	kotoba,kyoiku
137093	【人文】日本語・日本文化を考えるE	kotoba
137094	【人文】現代の差別を考える	rekishi,shakai
137096	【人文】ちがいをたのしむ	rekishi,shukyo,geijutsu,bunka,shakai
137097	【人文】人間学の考え方	bunka,shakai,kokusai
137098	【人文】科学技術と倫理的・法的・社会的課題	tetsugaku,shakai,seiji,joho,ai
137099	【社会】行動学の考え方	shakai,shinri
137101	【社会】心理・行動科学入門（吹田開講）	shinri,nou,iryo
137103	【社会】心理学基礎実験	shinri,tokei
137105	【社会】社会学の考え方	bunka,shakai,media,gender,sports
137107	【社会】現代社会を読み解く	rekishi,shakai,kyoiku,ai
137109	【社会】社会学の話題	tetsugaku,shakai
137111	【社会】社会学の話題	shakai,keizai,kyoiku,gender,tokei
137113	【社会】社会思想史	rekishi,tetsugaku,shakai
137115	【社会】アジアの途上国における開発と協力	bunka,shakai,keizai,kokusai,kankyo
137117	【社会】法の世界	bunka,shakai,seiji
137121	【社会】法学の話題	seiji,keizai,kokusai
137123	【社会】日本国憲法	seiji
137125	【社会】日本国憲法	seiji
137127	【社会】国際社会の法を考える	seiji,keizai,kokusai,kankyo
137129	【社会】知的財産モラル	seiji,keizai
137131	【社会】知的財産モラル	seiji,keizai
137133	【社会】知的財産モラル	seiji,keizai
137135	【社会】政治の世界	rekishi,seiji,kokusai
137137	【社会】政治学の話題	seiji,kokusai
137138	【社会】国際社会における法と政治	rekishi,seiji,kokusai
137143	【社会】現代の法と政治を考える	seiji,kokusai
137145	【社会】マクロ経済学の考え方	keizai
137147	【社会】ミクロ経済学の考え方	tetsugaku,keizai
137149	【社会】経済現象を読み解く	bungaku,rekishi,keizai
137151	【社会】経済の世界	rekishi,keizai,kyoiku,monodukuri
137153	【社会】経済の世界	bunka,keizai,kokusai
137155	【社会】マクロ経済学の考え方	keizai
137157	【社会】経済の世界	seiji,keizai,tokei
137159	【社会】経済現象を読み解く	seiji,keizai
137161	【社会】経済現象を読み解く	shakai,keizai,kyoiku,gender,ai
137162	【社会】Japan in the World	rekishi,seiji,kokusai
137163	【自然】数学の考え方	sugaku,tokei,joho
137164	【社会】Politics in Post-War Japan	rekishi,shakai,seiji,keizai,gender
137165	【自然】数学の考え方	rekishi,sugaku
137167	【自然】現代数学の基礎	sugaku
137169	【自然】化学の考え方	kagaku,ikimono,iryo
137171	【自然】化学の話題	kagaku,ikimono,iryo,kankyo,energy
137173	【自然】生物学を考える	ikimono
137175	【自然】現代生命科学の基礎	kagaku,ikimono
137177	【自然】グラフィックスの世界	geijutsu,joho
137179	【自然】グラフィックスの基礎	sugaku,joho,monodukuri
137181	【自然】環境科学の基礎	ikimono,nou,kankyo
137183	【自然】健康・医療イノベーション学	kokusai,iryo
137185	【自然】人の老化を考える	shakai,shinri,ikimono,nou,iryo
137187	【自然】口の健康科学	ikimono,nou,iryo,shoku,ai
137189	【総合】現代文化を読み解く	tetsugaku,gender,ikimono,iryo,kankyo
137191	【総合】現代文化を読み解く	rekishi,geijutsu,bunka,media
137193	【総合】人文地理学の話題	bunka,shakai
137197	【総合】課題から考える知と社会のコミュニケーションデザイン	shakai
137199	【総合】現代の環境を考える	butsuri,kankyo,energy
137201	【総合】世界は今	seiji,kokusai,iryo
137205	【総合】共生学の話題	rekishi,shakai,seiji,kyoiku
137209	【総合】現代人権論	rekishi,shakai,seiji,gender,iryo
137211	【総合】コンピュータアルゴリズム入門	joho,ai
137213	【総合】計算機シミュレーション入門	butsuri,joho
137215	【総合】情報探索入門	tokei,joho
137217	【社会】現代社会における法と政治	rekishi,seiji
137219	【総合】現代のスポーツサイエンス	shinri,nou,sports
137221	【総合】現代社会における健康科学の考え方	iryo,sports
137223	【総合】心とメンタルヘルス	shinri,nou,iryo
137227	【総合】世界の事情を英語で学ぶ	kotoba,kokusai
137229	【総合】過去・現在・未来を見つめる科学技術史―第三次産業革命から考える―	rekishi,butsuri,joho,kikai,energy
137231	【総合】「グローバル人材」について考える	kyoiku,kokusai
137233	【総合】今、がんは	iryo
137235	【総合】アクセシビリティ入門	shakai
137237	【総合】阪大SDGs学入門	shakai,keizai,kankyo
137239	【総合】Chemistry and Society	shakai,kagaku
137245	【総合】工学と現代数学の接点	sugaku,tokei,ai
137248	【総合】データ・AIエンジニアリング基礎	tokei,ai
137249	【総合】データサイエンスのためのプログラミング入門	tokei,joho
137253	【総合】震災の知・復興の知	shakai,kankyo,energy
137260	【総合】大阪大学の歴史－適塾・緒方洪庵入門－	rekishi,kyoiku,iryo
137262	【総合】放射線の自然科学、社会学、人文学	shakai,butsuri,kagaku,ikimono,iryo
137263	【総合】文理融合に向けた数理科学　II	sugaku,tokei,joho,ai
137267	【総合】共生社会とアクセシビリティを考える	shakai,shinri,gender,kokusai
137268	【総合】データサイエンスの基礎　II	tokei,joho,ai
137341	スマート・スポーツリテラシー	nou,sports
137342	スマート・ヘルスリテラシー	iryo,shoku,sports
137344	スマート・スポーツリテラシー	sports
137345	スマート・ヘルスリテラシー	iryo,sports
137347	スマート・スポーツリテラシー	sports
137348	スマート・ヘルスリテラシー	tokei,iryo,sports
137350	スマート・スポーツリテラシー	sports
137351	スマート・ヘルスリテラシー	butsuri,iryo,sports
137353	スマート・スポーツリテラシー	shoku,sports
137354	スマート・ヘルスリテラシー	shinri,iryo,sports
137356	スマート・スポーツリテラシー	sports
137357	スマート・ヘルスリテラシー	iryo
137359	スマート・スポーツリテラシー	nou,sports
137360	スマート・ヘルスリテラシー	iryo,sports
137362	スマート・スポーツリテラシー	sports
137363	スマート・ヘルスリテラシー	shinri,iryo,sports
137365	スマート・スポーツリテラシー	tokei,iryo,sports
137366	スマート・ヘルスリテラシー	shinri,iryo,sports
137368	スマート・スポーツリテラシー	sports
137369	スマート・ヘルスリテラシー	iryo,sports
137371	スマート・スポーツリテラシー	sports
137372	スマート・ヘルスリテラシー	butsuri,iryo,sports
137374	スマート・スポーツリテラシー	iryo,sports
137381	統計学Ａ-II	sugaku,tokei
137383	統計学Ａ-II	tokei
137385	統計学Ｂ-II	sugaku,tokei
137387	統計学Ｃ-II	sugaku,tokei
137389	統計学Ｃ-II	sugaku,tokei
137391	統計学Ｃ-II	sugaku,tokei,ai
137401	線形代数学概論	sugaku
137403	線形代数学入門	sugaku
137405	線形代数学入門	sugaku
137407	基礎解析学・同演義II	sugaku
137409	基礎解析学・同演義II	sugaku
137411	基礎解析学・同演義II	sugaku
137413	基礎解析学・同演義II	sugaku
137415	基礎解析学・同演義II	sugaku
137417	基礎解析学・同演義II	sugaku
137419	基礎解析学・同演義II	sugaku
137421	基礎解析学・同演義II	sugaku
137423	基礎解析学・同演義II	sugaku
137425	基礎解析学II	sugaku
137427	基礎解析学II	sugaku
137429	基礎解析学・同演義II	sugaku
137431	基礎解析学・同演義II	sugaku
137433	基礎解析学・同演義II	sugaku
137435	基礎解析学・同演義II	sugaku
137437	線形代数学II	sugaku
137439	線形代数学II	sugaku
137441	線形代数学II	sugaku
137443	線形代数学II	sugaku
137445	線形代数学入門	sugaku
137447	線形代数学概論	sugaku
137449	線形代数学概論	sugaku
137451	線形代数学概論	sugaku
137453	線形代数学II	sugaku
137455	線形代数学II	sugaku
137457	線形代数学II	sugaku
137459	基礎解析学・同演義II	sugaku
137461	基礎解析学・同演義II	sugaku
137463	基礎解析学・同演義II	sugaku
137465	線形代数学II	sugaku
137467	線形代数学II	sugaku
137469	線形代数学II	sugaku
137471	線形代数学II	sugaku
137473	線形代数学・同演義II	sugaku
137475	線形代数学・同演義II	sugaku
137477	線形代数学II	sugaku
137479	線形代数学II	sugaku
137481	線形代数学II	sugaku
137483	線形代数学II	sugaku
137485	線形代数学II	sugaku
137487	線形代数学II	sugaku
137489	線形代数学・同演義II	sugaku
137491	線形代数学・同演義II	sugaku
137493	線形代数学・同演義II	sugaku
137495	基礎解析学・同演義II	sugaku
137497	基礎解析学・同演義II	sugaku
137499	基礎解析学・同演義II	sugaku
137501	基礎解析学・同演義II	sugaku
137503	基礎解析学・同演義II	sugaku
137505	基礎解析学・同演義II	sugaku
137507	基礎解析学・同演義II	sugaku
137509	線形代数学入門	sugaku
137511	線形代数学入門	sugaku
137513	線形代数学入門	sugaku
137515	線形代数学・同演義II	sugaku
137517	線形代数学・同演義II	sugaku
137519	線形代数学・同演義II	sugaku
137531	電磁気学詳論I	butsuri
137533	電磁気学詳論I	butsuri
137535	電磁気学詳論I	butsuri
137537	力学詳論II	butsuri
137539	力学詳論II	butsuri
137541	力学詳論II	butsuri
137543	力学詳論II	butsuri
137545	電磁気学詳論I	butsuri
137547	電磁気学詳論I	butsuri
137549	電磁気学詳論I	butsuri
137551	力学詳論II	butsuri
137553	電磁気学入門	butsuri
137555	電磁気学入門	butsuri
137557	電磁気学通論	butsuri
137559	電磁気学通論	butsuri
137561	電磁気学通論	butsuri
137563	電磁気学通論	butsuri
137565	電磁気学通論	butsuri,kikai
137567	力学詳論II	butsuri
137569	力学詳論II	butsuri
137571	力学詳論II	butsuri
137577	電磁気学入門	butsuri
137579	電磁気学通論	butsuri
137581	電磁気学詳論I	butsuri
137583	電磁気学詳論I	butsuri
137585	力学詳論II	butsuri
137587	力学詳論II	butsuri
137589	力学詳論II	butsuri
137591	基礎物理学実験	butsuri
137593	基礎物理学実験	butsuri
137595	基礎物理学実験	butsuri
137597	基礎物理学実験	butsuri
137599	基礎物理学実験	butsuri
137601	基礎物理学実験	butsuri
137611	基礎有機化学	kagaku
137615	基礎無機化学	kagaku
137617	基礎無機化学	kagaku
137619	基礎無機化学	kagaku
137621	化学基礎論D	kagaku
137623	化学基礎論Ｂ	kagaku
137625	化学基礎論Ｂ	butsuri,kagaku,kankyo,energy
137633	化学熱力学	kagaku
137635	化学基礎論Ｂ	kagaku
137639	化学基礎論Ｂ	kagaku,kankyo
137643	基礎有機化学	kagaku
137645	化学基礎論Ｂ	butsuri,kagaku
137647	化学基礎論Ｂ	butsuri,kagaku
137648	化学基礎論Ｂ	butsuri,kagaku
137655	化学基礎論Ｂ	butsuri,kagaku,kankyo,energy
137661	化学熱力学	butsuri,kagaku
137663	化学基礎論Ｂ	butsuri,kagaku,kankyo,energy
137665	化学基礎論Ｂ	butsuri,kagaku,kankyo,energy
137671	基礎化学実験	kagaku
137673	基礎化学実験	kagaku
137675	基礎化学実験	kagaku
137677	基礎化学実験	kagaku
137679	基礎化学実験	kagaku
137681	基礎化学実験	kagaku
137683	基礎化学実験	kagaku
137701	生物学序論（理工基専用）	ikimono
137703	生物学序論（理工基専用）	ikimono
137705	生物学序論（理工基専用）	ikimono
137707	生物学詳論	ikimono
137709	生物学詳論	ikimono
137711	生物学詳論	ikimono
137713	基礎生物学実験	ikimono,kankyo
137715	基礎生物学実験	ikimono,kankyo
137717	基礎生物学実験	ikimono,kankyo
137719	基礎生物学実験	ikimono,kankyo
137731	宇宙地球科学I	kankyo,uchu
137733	宇宙地球科学II	butsuri,kankyo,uchu
137735	基礎地学実験	kankyo,uchu
137741	図学演義A	kikai,monodukuri
137743	図学演義B	sugaku,joho,monodukuri
137745	図学演義B	sugaku,joho,monodukuri
137755	オン・キャンパス・インターンシップ：総合商社のビジネス・キャリア・サステナビリティ	shakai,keizai,kokusai
137757	学術的文章の作法	kotoba
137759	アカデミック・リテラシー入門	ai
137763	コントラクトブリッジで考える力をつけよう	sugaku
137785	オン・キャンパス・インターンシップ：未来の「はたらく」を考える	shakai,keizai,gender
137787	リーダーシップを考える	shakai
137797	キャンパスデザインプロジェクト	kankyo,monodukuri
137801	多文化コミュニケーションセミナー II─対話から異文化理解へ ─	bunka,kokusai
137803	多文化コミュニケーションセミナー II─日本語を研究する─	kotoba,bunka
137805	多文化コミュニケーションセミナー II ─世界の成り立ち、日本の成り立ち 2─	kotoba,bunka,shakai,kokusai
137809	福島県飯舘村環境放射線実習	shakai,butsuri,iryo,kankyo
137811	Introduction to International Education	shakai,kyoiku,kokusai
137819	デザインアートプロジェクト入門	geijutsu,bunka,kokusai,monodukuri
137823	試してわかる物理学入門	sugaku,butsuri
137825	キャリアデザインと社会実装Ⅰ　～問いの創出～	shakai
137827	キャリアデザインと社会実装Ⅱ　～問いの実践～	shakai,keizai
137829	地域活動と対話	shakai
137831	データサイエンスによる課題解決入門	media,tokei,joho
137833	ソフトウェアシステム開発をしてみよう	joho
137835	ソーシャルソリューション未来体験ラボ～ボード・カードゲームで人と社会を体感・創造～	shakai,seiji,keizai,kankyo
137839	動物の行動学	kyoiku,ikimono
137841	地域活動と対話２	shakai
137843	キャリアデザインと公共哲学	tetsugaku,shakai
137847	物理学の名著を読む	butsuri
137851	北フリジア語を学ぼう	kotoba,bunka
137855	北欧の文化と社会を考える―比較と対話のアプローチ―	bunka,shakai,kyoiku,gender,kokusai
137857	欧米言語文化セミナー	kotoba,bunka
137859	モンゴル遊牧民の文化を科学の言葉に翻訳する	bunka,kagaku,shoku
137861	子どもの居場所と共感経済：ボランティア実践と理論	shakai,keizai,shoku
138001	【人文】西洋美術史	rekishi,geijutsu,bunka
138007	【総合】現代日本の教育問題	shakai,shinri,kyoiku,gender
138111	統計学Ｃ-I	sugaku,tokei
138113	統計学Ｃ-II	sugaku,tokei
138115	統計学Ｂ-II	sugaku,tokei
138121	熱学・統計力学要論	butsuri
138123	熱学・統計力学要論	butsuri
138125	熱学・統計力学要論	butsuri
138127	電磁気学詳論II	butsuri,kikai
138129	電磁気学詳論II	butsuri,kikai
138131	電磁気学詳論II（吹田開講）	butsuri,kikai
138133	電磁気学詳論II（吹田開講）	butsuri,kikai
138135	電磁気学詳論II（吹田開講）	butsuri,kikai
138137	熱学・統計力学要論（吹田開講）	butsuri
138139	熱学・統計力学要論（吹田開講）	butsuri
138141	熱学・統計力学要論（吹田開講）	butsuri
138143	電磁気学詳論II	butsuri,kikai
138145	基礎物理学実験	butsuri
138147	物理学実験【再履修者用】	butsuri
138149	物理学実験【再履修者用】	butsuri
138161	基礎生化学	kagaku,ikimono
138163	基礎化学実験	kagaku
138179	化学基礎論ＡI【2021年度以前入学者向け】	butsuri,kagaku
138180	化学基礎論ＡII【2021年度以前入学者向け】	butsuri,kagaku
138181	化学基礎論ＢI【2021年度以前入学者向け】	butsuri,kagaku,kankyo,energy
138183	化学基礎論ＡI【2021年度以前入学者向け】	butsuri,kagaku
138184	化学基礎論ＡII【2021年度以前入学者向け】	butsuri,kagaku
138185	化学基礎論ＢI【2021年度以前入学者向け】	butsuri,kagaku,kankyo,energy
138191	基礎生物学実験	ikimono,kankyo
138211	基礎地学実験	kankyo,uchu
138213	自然科学実験２地学	kankyo
138501	科学的思考のための化学実験	kagaku
138503	アドヴァンスト情報リテラシー	joho
138505	現代の生命倫理・法・経済を考える	tetsugaku,seiji,keizai,iryo
138507	現代の生命倫理・法・経済を考える	tetsugaku,seiji,keizai,iryo
138523	データ科学と意思決定	shinri,tokei,nou
138531	GIS（地理情報システム）入門	kankyo,joho
138533	研究者が知っておくべき知的財産と法律の知識	seiji
138537	“見る”を神経科学するⅠ	ikimono,nou
138539	“見る”を神経科学するⅠ	ikimono,nou
138545	”みんなの筋肉体操”を科学する	iryo,sports
138547	”みんなの筋肉体操”を科学する	iryo,sports
138561	身体活動と運動疫学	shakai,iryo,sports
138563	身体活動と運動疫学	shakai,iryo,sports
138569	ウェイトコントロールの科学的実践	iryo,shoku,sports
138571	ウェイトコントロールの科学的実践	iryo,shoku,sports
138577	脳情報学基礎Ⅰ	nou,joho
138579	脳情報学基礎Ⅰ	nou,joho
138581	脳情報学基礎Ⅰ	nou,joho
138583	脳情報学基礎Ⅰ	nou,joho
138585	バイオメカニクス基礎Ⅰ（キネマティクス：運動学）	butsuri,sports
138587	バイオメカニクス基礎Ⅰ（キネマティクス：運動学）	butsuri,sports
138601	健康科学のための人工知能学基礎	tokei,iryo,ai
138603	健康科学のための人工知能学基礎	tokei,iryo,joho,ai
138609	運動器の解剖と機能	iryo,sports
138611	運動器の解剖と機能	iryo,sports
138617	運動に伴う心血管系・心肺機能の変化	iryo,sports
138619	運動に伴う心血管系・心肺機能の変化	iryo,sports
138625	バイオメカニクス基礎Ⅱ（関節運動）	butsuri,iryo,sports
138627	バイオメカニクス基礎Ⅱ（関節運動）	butsuri,iryo,sports
138633	バイオメカニクス基礎Ⅲ（生体組織）	butsuri,iryo,sports
138635	バイオメカニクス基礎Ⅲ（生体組織）	butsuri,iryo,sports
138641	健康科学1	iryo
138643	健康科学1	iryo
138649	脳とからだのつながり ：仕組みを知れば意識が変わる	nou,sports
138651	脳とからだのつながり ：仕組みを知れば意識が変わる	nou,sports
138661	“見る”を神経科学するⅡ	ikimono,nou
138663	“見る”を神経科学するⅡ	ikimono,nou
138669	ウォーキング・ノルディックウォーキングの科学	iryo,sports
138671	ウォーキング・ノルディックウォーキングの科学	iryo,sports
138677	スポーツ栄養とコンディショニング	iryo,shoku,sports
138679	スポーツ栄養とコンディショニング	iryo,shoku,sports
138685	体力・筋力トレーニング基礎・実践	iryo,sports
138687	体力・筋力トレーニング基礎・実践	iryo,sports
138693	バイオメカニクス基礎Ⅳ（キネティクス：運動力学）	butsuri,sports
138695	バイオメカニクス基礎Ⅳ（キネティクス：運動力学)	butsuri,sports
138709	スポーツ科学のための人工知能学基礎	tokei,sports,ai
138711	スポーツ科学のための人工知能学基礎	tokei,sports,ai
138717	スポーツに役立つテーピング　上肢編	iryo,sports
138719	スポーツに役立つテーピング　上肢編	iryo,sports
138725	スポーツに関連する内科的疾患	iryo,sports
138727	スポーツに関連する内科的疾患	iryo,sports
138733	臨床バイオメカニクス（正常と疾患の関節運動）	butsuri,iryo,sports
138735	臨床バイオメカニクス（正常と疾患の関節運動）	butsuri,iryo,sports
138741	医工連携で学ぶ生体組織バイオメカニクス応用	butsuri,iryo,sports
138743	医工連携で学ぶ生体組織バイオメカニクス応用	butsuri,iryo,sports
138749	健康科学2	iryo
138751	健康科学2	iryo
138757	身体運動の心理生理学	shinri,nou,iryo,sports
138759	身体運動の心理生理学	shinri,nou,iryo,sports
138761	精神・身体健康増進医学各論	shinri,iryo
138763	精神・身体健康増進医学各論	shinri,iryo
138765	精神・身体健康増進医学各論	shinri,iryo
138767	精神・身体健康増進医学各論	shinri,iryo
000001	文学部共通概説	kotoba,bungaku,rekishi,tetsugaku,geijutsu
000003	人文学概説	kotoba,bungaku,rekishi,tetsugaku,geijutsu
001012	現代哲学演習	kotoba,tetsugaku
001013	現代哲学演習	kotoba,tetsugaku,shakai
001017	哲学講義	rekishi,tetsugaku
001019	現代哲学演習	kotoba,tetsugaku
001020	論理学演習	tetsugaku,sugaku
001021	論理学演習	tetsugaku,sugaku
001022	哲学史演習	kotoba,tetsugaku
001024	哲学史演習	kotoba,tetsugaku,seiji,kokusai
001025	哲学史講義	tetsugaku
001026	哲学史講義	tetsugaku
001028	哲学史演習	kotoba,tetsugaku,seiji
001029	哲学史演習	kotoba,tetsugaku
001031	現代哲学演習	kotoba,tetsugaku
001032	現代哲学講義	tetsugaku,bunka,kankyo
001033	哲学史講義	tetsugaku,shukyo
001036	現代哲学講義	tetsugaku
001037	現代哲学演習	kotoba,tetsugaku,shakai
001038	現代哲学演習	tetsugaku,shakai
001039	現代哲学講義	tetsugaku,shukyo,bunka,kyoiku
001040	現代哲学演習	kotoba,tetsugaku
001042	現代哲学講義	tetsugaku,seiji
001044	現代哲学演習	tetsugaku,shakai
001045	現代哲学講義	kotoba,tetsugaku
001046	現代哲学講義	kotoba,tetsugaku
001047	現代哲学講義	kotoba,tetsugaku,shakai,gender
001050	科学史・科学論講義	shakai,media,tokei,ai
001051	科学史・科学論講義	rekishi,tetsugaku,shakai,media
001054	現代哲学講義	kotoba,tetsugaku
001055	生命哲学講義	tetsugaku,shakai,gender,iryo
001056	生命哲学講義	tetsugaku,shakai,keizai,iryo
001057	生命哲学演習	shakai,gender,kokusai,iryo
001058	生命哲学演習	shakai,gender,kokusai,iryo
001059	生命哲学演習	tetsugaku,shakai,seiji
001202	ジェンダー・セクシュアリティ研究基礎講義	bungaku,rekishi,geijutsu,shakai,gender
001203	ジェンダー・セクシュアリティ研究基礎演習	tetsugaku,shakai,gender
001208	倫理学演習	tetsugaku
001212	倫理学演習	tetsugaku
001213	倫理学演習	tetsugaku
001221	倫理学演習	tetsugaku
001225	倫理学講義	rekishi,tetsugaku,shakai
001230	臨床哲学演習	tetsugaku,bunka,iryo
001233	社会哲学講義	tetsugaku
001234	社会哲学演習	tetsugaku
001235	臨床哲学講義Ⅰ	tetsugaku,shakai,iryo
001237	哲学対話法演習	tetsugaku
001239	臨床哲学講義Ⅱ	tetsugaku,shakai
001240	哲学対話法演習	tetsugaku
001401	中国哲学講義	rekishi,tetsugaku,shukyo,bunka,iryo
001404	中国哲学演習	tetsugaku,bunka
001407	中国哲学演習	rekishi,tetsugaku
001408	中国哲学演習	rekishi,tetsugaku
001409	中国哲学演習	tetsugaku
001411	中国哲学講義	rekishi,tetsugaku,shukyo
001412	中国哲学演習	tetsugaku
001601	インド哲学史講義	kotoba,tetsugaku,shukyo,bunka
001602	仏教学演習	kotoba,shukyo
001603	インド哲学演習	tetsugaku,bunka
001604	仏教学演習	shukyo
001605	仏教学演習	kotoba,shukyo
001606	インド哲学演習	tetsugaku,bunka
001607	仏教学演習	shukyo
001611	インド文化学演習	kotoba,bungaku,bunka
001612	インド文化学演習	kotoba
001613	インド哲学演習	kotoba,tetsugaku,shukyo
001615	インド哲学演習	kotoba,tetsugaku,shukyo
001616	仏教学講義	rekishi,shukyo,geijutsu
001617	仏教学講義	rekishi,tetsugaku,shukyo
002001	日本史学演習	rekishi
002002	日本史学演習	rekishi,seiji
002003	日本史学演習	rekishi,seiji
002006	日本史学演習	rekishi,shakai,seiji
002007	日本史学演習	rekishi
002008	日本史学演習	rekishi,keizai
002010	日本史学演習	rekishi,seiji
002011	日本史学演習	rekishi,media,kokusai
002012	日本史学演習	rekishi
002013	日本史学講義	rekishi,seiji,kokusai
002014	日本史学演習	rekishi
002017	日本史学講義	rekishi,shakai,seiji
002018	日本史学講義	rekishi,seiji
002020	日本史学演習	rekishi
002021	日本史学演習	kotoba,rekishi
002022	日本史学演習	kotoba,rekishi
002025	日本史学演習	rekishi,shukyo,seiji,kokusai
002026	日本史学講義	rekishi,shukyo,seiji,kokusai
002028	日本史学演習	kotoba,rekishi
002201	東洋史学演習	rekishi,bunka
002203	東洋文献学演習	kotoba,rekishi,bunka
002204	東洋文献学演習	kotoba,rekishi,bunka
002205	東洋史学演習	kotoba,rekishi,bunka
002208	東洋史学演習	kotoba,rekishi,bunka
002209	東洋史学演習	kotoba,rekishi,bunka
002210	東洋史学演習	kotoba,rekishi,bunka
002212	歴史学方法論講義	rekishi
002214	東洋文献学演習	kotoba,rekishi,bunka
002217	東洋文献学演習	kotoba,rekishi,bunka
002219	東洋文献学演習	kotoba,rekishi
002220	東洋文献学演習	kotoba,rekishi,bunka
002225	東洋史学講義	rekishi,keizai,kokusai
002226	東洋史学講義	rekishi,bunka,kokusai
002229	東洋史学演習	kotoba,rekishi,bunka
002230	東洋史学演習	kotoba,rekishi,bunka
002231	東洋史学演習	kotoba,rekishi,bunka
002233	東洋文献学演習	kotoba
002235	東洋文献学演習	kotoba,rekishi
002236	東洋文献学演習	kotoba,rekishi,shukyo,bunka
002237	東洋文献学演習	kotoba,rekishi,shukyo,bunka
002238	東洋史学演習	kotoba,rekishi,bunka
002246	東洋文献学演習	rekishi,bunka
002247	東洋文献学演習	rekishi,bunka
002402	西洋史学リサーチ演習	rekishi
002403	西洋史学リサーチ演習	rekishi
002405	西洋史学講義	rekishi,seiji,keizai,kokusai
002408	西洋史学演習	kotoba,rekishi,shakai
002409	歴史資料学演習	rekishi
002410	西洋史学講義	rekishi,shukyo,shakai,seiji
002411	西洋史学リサーチ演習	rekishi
002415	西洋史学リサーチ演習	kotoba,rekishi,seiji
002416	西洋史学リサーチ演習	rekishi,seiji,kokusai
002417	西洋史学リサーチ演習	rekishi,seiji,kokusai
002420	西洋史学リサーチ演習	rekishi
002423	西洋史学リサーチ演習	rekishi
002424	西洋史学リサーチ演習	rekishi,seiji
002427	西洋史学リサーチ演習	rekishi,seiji
002429	西洋史学リサーチ演習	rekishi,bunka,shakai,seiji,keizai
002431	歴史学方法論講義	rekishi,kyoiku,kokusai
002432	歴史学方法論講義	rekishi,kyoiku,kokusai
002443	西洋史学演習	rekishi
002444	西洋史学演習	rekishi
002445	西洋史学演習	rekishi
002446	西洋史学リサーチ演習	rekishi
002602	考古学講義	rekishi
002603	考古学演習	rekishi
002604	考古学演習	rekishi
002605	日本考古学講義	rekishi
002606	考古資料論講義	rekishi,monodukuri
002607	比較考古学演習	rekishi
002608	比較考古学演習	rekishi
002609	考古資料論演習	rekishi
002613	考古学講義	rekishi,ikimono,shoku,kankyo
002614	考古学講義	rekishi,shakai,gender,shoku,kankyo
002615	考古学演習	rekishi
002616	考古学演習	rekishi
002617	文化財学演習	rekishi,bunka
003001	日本文化学講義	rekishi,bunka,shakai
003002	民俗学演習	bunka
003003	日本文化学演習	rekishi,bunka,shakai
003005	日本学演習	bunka,gender
003008	民俗学演習	bunka
003009	比較文化学演習	geijutsu,bunka,gender
003010	比較文化学講義	rekishi,tetsugaku,geijutsu,bunka,gender
003011	比較文化学演習	bunka
003012	比較文化学演習	bunka
003014	文化交流史講義	rekishi,shakai,seiji,kokusai
003016	文化交流史演習	rekishi,shakai
003017	日本学演習	bunka
003020	日本学研究方法論演習	bunka
003021	日本学研究方法論演習	bunka
003025	日本思想史演習	rekishi,tetsugaku
003028	日本思想史演習	rekishi,tetsugaku
003201	人文地理学演習	bunka
003202	地誌学演習	bunka
003204	人文地理学演習	bunka,tokei
003205	人文地理学演習	bunka
003206	人文地理学演習	bunka
003207	自然地理学講義	kankyo
003208	人文地理学演習	bunka,shakai,keizai
003209	地誌学講義	rekishi,bunka,seiji,kankyo
003210	地誌学演習	bunka
003211	人文地理学講義	bunka,keizai,kokusai,shoku
003213	地誌学講義	bunka,ikimono,kankyo
003215	人間・環境関係論講義	bunka,shoku,kankyo
003218	人文地理学講義	rekishi,shakai,keizai,gender
004001	現代日本語学演習	kotoba
004002	現代日本語学演習	kotoba
004003	現代日本語学講義	kotoba
004006	現代日本語学演習	kotoba
004007	現代日本語学演習	kotoba,kyoiku
004008	現代日本語学演習	kotoba,kyoiku
004009	現代日本語学演習	kotoba
004010	現代日本語学演習	kotoba
004011	現代日本語学講義	kotoba
004014	対照言語学講義	kotoba,bunka
004015	対照言語学演習	kotoba,bunka
004016	対照言語学演習	kotoba
004017	社会言語学講義	kotoba,shakai
004018	対照言語学講義	kotoba,rekishi
004019	社会言語学演習	kotoba,shakai
004025	現代日本語学講義	kotoba,kyoiku
004032	社会言語学講義	kotoba,shakai
004038	現代日本語学講義	kotoba
004039	現代日本語学講義	kotoba
004046	現代日本語学講義	kotoba,kyoiku
004048	現代日本語学演習	kotoba
004201	日本文学演習	bungaku,rekishi
004202	日本文学演習	bungaku
004203	日本文学講義	bungaku,rekishi
004204	日本文学講義	bungaku,rekishi,media
004205	日本文学演習	bungaku,rekishi
004208	日本文学演習	bungaku
004209	日本文学講義	bungaku,rekishi
004212	日本文学講義	bungaku,geijutsu,bunka
004214	日本文学講義	bungaku,rekishi
004215	日本文学演習	bungaku
004216	日本文学演習	bungaku,shakai
004218	国語学演習	kotoba,rekishi,geijutsu
004221	国語学演習	kotoba
004222	国語学講義	kotoba,rekishi,shukyo
004223	国語学演習	kotoba,rekishi
004226	日本文学演習	bungaku
004228	日本文学演習	bungaku
004234	日本文学演習	bungaku,rekishi
004235	日本文学演習	bungaku,rekishi,bunka
004237	国語学講義	kotoba,rekishi
004240	国語学講義	kotoba,rekishi,shoku
004241	日本文学講義	bungaku,rekishi,geijutsu
004401	比較文学講義	bungaku,geijutsu,bunka,gender,kokusai
004402	比較文学演習	bungaku,bunka,kokusai
004404	比較文学演習	bungaku
004405	比較文学講義	bungaku,rekishi,bunka,kokusai
004406	比較文学演習	bungaku,media
004407	比較文学講義	bungaku,rekishi,bunka,kokusai
004408	比較文学講義	bungaku,bunka,kokusai
004409	比較文学講義	kotoba,bungaku,rekishi,kokusai
004410	比較文学演習	bungaku
004601	中国文学講義	bungaku,rekishi
004602	中国文学講義	bungaku,rekishi
004606	中国文学演習	kotoba,bungaku
004608	中国文学演習	bungaku
004609	中国文学演習	bungaku,rekishi
004610	中国文学演習	bungaku
004612	中国文学演習	bungaku
004615	中国文学演習	kotoba,bungaku,bunka
004802	イギリス文化Ⅰ講義	bungaku,bunka,media
004803	英文学Ⅱ演習	kotoba,bungaku
004804	英文学Ⅱ演習	kotoba,bungaku
004805	英文学Ⅳ講義	bungaku
004806	英文学Ⅳ講義	bungaku
004807	英文学Ⅱ演習	bungaku,rekishi
004813	英文学Ⅰ演習	kotoba,bungaku,rekishi
004816	イギリス文化Ⅱ講義	bungaku,geijutsu,shakai,seiji,gender
004817	アメリカ文化Ⅰ講義	bungaku,media
004820	アメリカ文学Ⅱ講義	bungaku,rekishi,media
004821	アメリカ文学Ⅰ演習	kotoba,bungaku
004822	アメリカ文学Ⅱ演習	kotoba,bungaku
004823	アメリカ文学Ⅰ演習	bungaku,geijutsu
004824	アメリカ文学Ⅱ演習	bungaku,geijutsu
004825	アメリカ文学Ⅰ講義	bungaku,rekishi,media
004827	英語学Ⅰ演習	kotoba
004828	英語学Ⅰ講義	kotoba
004830	英語学Ⅳ演習	kotoba
004832	英語学Ⅲ演習	kotoba
004833	英語学Ⅲ講義	kotoba
004835	アメリカ文化Ⅱ講義	bungaku,geijutsu,bunka,media
004836	英語学Ⅱ演習	kotoba
004837	英語学Ⅱ演習	kotoba
004838	英語学Ⅱ講義	kotoba
004839	英語学Ⅱ講義	kotoba
004841	英語学Ⅲ演習	kotoba,geijutsu
004842	英語学Ⅲ演習	kotoba,geijutsu
004843	アメリカ文化Ⅱ講義	bungaku,geijutsu,bunka,iryo
004844	英語学Ⅲ講義	kotoba
004845	英語学Ⅲ演習	kotoba
004847	英語学Ⅳ講義	kotoba
004856	英文学Ⅰ講義	bungaku,rekishi
004857	英文学Ⅰ講義	bungaku,rekishi
004859	英文学Ⅰ演習	bungaku,rekishi
004861	英語学Ⅰ演習	kotoba
004863	イギリス文化Ⅰ講義	bungaku,rekishi,gender
004865	アメリカ文学Ⅱ演習	bungaku,geijutsu
005002	ドイツ文学Ⅰ演習	kotoba,bungaku,rekishi
005003	ドイツ文学研究方法論Ⅰ演習	bungaku
005004	ドイツ文学研究方法論Ⅱ演習	bungaku
005005	ドイツ語学Ⅰ演習	kotoba,bunka
005006	ドイツ語学Ⅱ演習	kotoba,bunka,shakai,kyoiku
005007	ドイツ文化論Ⅰ講義	rekishi,shukyo,geijutsu,bunka,kokusai
005010	ドイツ文化論Ⅱ講義	bungaku,rekishi,bunka
005019	ドイツ文学Ⅳ講義	bungaku,rekishi,seiji
005020	ドイツ文学Ⅱ演習	kotoba,bungaku,rekishi
005023	ドイツ文学Ⅲ講義	bungaku,rekishi
005024	ドイツ文学Ⅲ演習	kotoba,bungaku,rekishi,shinri
005026	ドイツ文学Ⅳ演習	kotoba,bungaku,rekishi,shinri
005202	フランス文学Ⅰ演習	kotoba,bungaku,rekishi,tetsugaku,shukyo
005203	フランス文学Ⅱ演習	kotoba,bungaku,rekishi,tetsugaku,shukyo
005205	フランス文学Ⅰ演習	kotoba,bungaku
005207	フランス文学作品論Ⅱ演習	rekishi,bunka,shakai,media,gender
005208	フランス語学Ⅰ演習	kotoba,bungaku,geijutsu
005209	フランス語学Ⅱ演習	kotoba
005213	フランス文学Ⅳ演習	kotoba,bungaku,tetsugaku,shukyo,geijutsu
005214	フランス文学Ⅲ演習	kotoba,bungaku,tetsugaku
005215	フランス文学史Ⅰ演習	bungaku,geijutsu
005216	フランス文学史Ⅱ演習	bungaku,geijutsu
005217	フランス文学作品論Ⅲ演習	kotoba,bungaku,rekishi,bunka
005218	フランス文学作品論Ⅳ演習	kotoba,bungaku,rekishi,bunka
005219	フランス文学Ⅰ講義	bungaku,rekishi,tetsugaku,shukyo,seiji
005221	フランス文学Ⅰ講義	kotoba,bungaku
005222	フランス文学Ⅱ講義	kotoba
005225	フランス語学Ⅱ講義	kotoba,bungaku,bunka
005228	フランス文学Ⅱ演習	kotoba,bungaku
005229	フランス文学Ⅱ講義	bungaku,media
006001	美学・芸術学講義	tetsugaku,geijutsu,shoku
006002	美学・芸術学講義	rekishi,geijutsu,shakai,keizai,kyoiku
006003	美学・芸術学演習	tetsugaku,geijutsu,shakai
006004	美学・芸術学演習	geijutsu,media
006009	美学・芸術学演習	tetsugaku,geijutsu
006012	美学・芸術学演習	tetsugaku,geijutsu
006014	文芸学演習	kotoba,bungaku,rekishi
006015	西洋古典学演習	kotoba,bungaku,bunka
006016	美学・芸術学講義	geijutsu,shakai,shoku,kankyo,monodukuri
006019	西洋古典学演習	kotoba
006020	西洋古典学演習	kotoba
006021	文芸学演習	bungaku
006022	西洋古典学講義	bungaku,tetsugaku
006025	文芸学講義	bungaku,rekishi
006026	西洋古典学講義	bungaku,rekishi
006027	文芸学演習	bungaku
006028	文芸学演習	bungaku
006029	西洋古典学演習	kotoba,bungaku,bunka
006030	美学・芸術学講義	rekishi,geijutsu,media
006031	美学・芸術学講義	tetsugaku,geijutsu,monodukuri
006032	美学・芸術学演習	geijutsu,monodukuri
006033	美学・芸術学演習	geijutsu,shakai,monodukuri
006035	文芸学演習	kotoba,bungaku,rekishi
006037	文芸学講義	bungaku,rekishi
006038	美学・芸術学演習	tetsugaku,geijutsu
006039	美学・芸術学演習	tetsugaku,geijutsu
006040	美学・芸術学講義	tetsugaku,geijutsu
006041	美学・芸術学演習	geijutsu,shakai,joho,ai
006042	美学・芸術学演習	geijutsu,bunka
006043	文芸学講義	bungaku,tetsugaku
006044	文芸学講義	bungaku,geijutsu
006201	音楽学演習	geijutsu
006202	実践音楽学講義	geijutsu
006204	音楽学演習	geijutsu
006205	音楽学演習	rekishi,tetsugaku,geijutsu
006206	音楽学演習	geijutsu
006208	音楽学講義	rekishi,geijutsu
006209	音楽学演習	geijutsu
006211	音楽学講義	geijutsu,bunka,media,kokusai
006212	音楽学演習	geijutsu
006213	音楽学講義	shukyo,geijutsu,bunka,media
006214	音楽学演習	geijutsu,media
006216	実践音楽学演習	geijutsu,bunka,gender,sports
006217	演劇学演習	geijutsu
006218	演劇学演習	geijutsu
006219	演劇学演習	rekishi,geijutsu
006222	演劇学講義	rekishi,geijutsu,media
006226	演劇学講義	rekishi,geijutsu,seiji
006227	演劇学講義	rekishi,geijutsu
006228	演劇学演習	bungaku,geijutsu
006229	演劇学演習	bungaku,geijutsu
006230	演劇学演習	geijutsu,shakai,kyoiku
006231	演劇学講義	rekishi,geijutsu,sports
006232	演劇学講義	geijutsu,bunka,shakai
006233	演劇学演習	rekishi,geijutsu
006234	演劇学講義	bungaku,rekishi,geijutsu,bunka
006235	音楽学演習	geijutsu
006236	音楽学演習	geijutsu
006237	応用音楽学講義	shukyo,geijutsu,bunka,keizai,media
006238	応用音楽学演習	shukyo,geijutsu
006240	音楽学演習	kotoba,rekishi,geijutsu,bunka
006241	音楽学講義	geijutsu,bunka
006245	演劇学演習	geijutsu,bunka,seiji
006402	日本美術史講義	rekishi,geijutsu
006403	日本美術史演習	rekishi,geijutsu
006404	日本美術史演習	rekishi,geijutsu
006405	日本美術史演習	rekishi,geijutsu
006406	東洋美術史演習	rekishi,geijutsu
006407	東洋美術史演習	rekishi,geijutsu
006410	日本美術史演習	rekishi,geijutsu
006411	日本美術史講義	rekishi,geijutsu
006412	日本美術史演習	rekishi,geijutsu
006413	日本美術史演習	rekishi,geijutsu
006414	西洋美術史演習	rekishi,geijutsu
006415	西洋美術史演習	rekishi,geijutsu
006416	西洋美術史講義	rekishi,geijutsu
006417	西洋美術史講義	rekishi,geijutsu,monodukuri
006418	西洋美術史講義	rekishi,shukyo,geijutsu
006419	西洋美術史講義	rekishi,shukyo,geijutsu,seiji,kokusai
006420	西洋美術史演習	geijutsu
006421	西洋美術史演習	kotoba,geijutsu
006423	西洋美術史講義	rekishi,geijutsu
006424	西洋美術史演習	geijutsu
006425	西洋美術史演習	kotoba,geijutsu
006426	東洋美術史講義	rekishi,shukyo,geijutsu,bunka
006432	日本美術史講義	rekishi,geijutsu,seiji
006436	西洋美術史演習	rekishi,geijutsu,monodukuri
006437	西洋美術史演習	geijutsu
006438	西洋美術史演習	kotoba,geijutsu
006442	西洋美術史講義	rekishi,geijutsu,shakai,gender
007003	漢文学（書道）講義	rekishi,geijutsu
007042	博物館学（概論）	bunka,kyoiku
007043	博物館学（学内実習）	rekishi,geijutsu
007044	博物館学（館園実習）	rekishi
007045	博物館学（資料保存論）	rekishi,kagaku
007046	博物館学（展示論）	rekishi,geijutsu,bunka
007047	博物館学（情報・メディア論）	seiji,media,joho
007048	博物館学（生涯学習）	shakai,kyoiku
007504	国語科教育法Ⅲ	kotoba,kyoiku
007505	国語科教育法Ⅳ	kotoba,bungaku,kyoiku
007515	社会科・地理歴史科教育法Ⅱ	rekishi,bunka,kyoiku,joho
007516	社会科・公民科教育法Ⅱ	tetsugaku,shakai,seiji,keizai,kyoiku
007535	英語科教育法Ⅲ	kotoba,kyoiku
007536	英語科教育法Ⅳ	kotoba,kyoiku
008002	ロシア語（初級）	kotoba
008008	ラテン語	kotoba,bungaku,rekishi,bunka
008009	ドイツ語(中級）	kotoba,bungaku,rekishi
008011	ドイツ語(中級）	kotoba,bungaku,bunka
008012	ドイツ語(中級）	kotoba,bungaku,bunka,shakai,kyoiku
008013	フランス語（中級）	kotoba,bungaku,geijutsu
008014	フランス語（中級）	kotoba
008015	フランス語（中級）	kotoba,bungaku,tetsugaku
008016	フランス語（中級）	kotoba,rekishi,tetsugaku,shukyo,geijutsu
008022	英語（英作文・英会話）	kotoba
008023	英語（英作文・英会話）	kotoba,shakai,media
008024	英語（英作文・英会話）	kotoba,shakai,media
008025	アジア・アフリカ諸語	kotoba,bunka
008026	アジア・アフリカ諸語	kotoba,rekishi,bunka
008031	フランス語（中級）	kotoba,bungaku,rekishi,bunka
008032	フランス語（中級）	kotoba,bungaku,rekishi,bunka
008035	ヨーロッパ諸語(イディッシュ語)	kotoba,rekishi,shukyo,bunka
008102	日本語	kotoba
008103	日本語	kotoba
008105	日本語	kotoba,media
008106	日本語	kotoba,media
008500	Basic Academic Skills for Humanities 1	kotoba
008501	Basic Academic Skills for Humanities 1	kotoba,bunka
008502	Basic Academic Skills for Humanities 2	kotoba
008503	Basic Academic Skills for Humanities 2	kotoba,bunka
008504	Introduction to Contemporary Japanese Studies 1	geijutsu,bunka,media,shoku,sports
008505	Introduction to Contemporary Japanese Studies 1	rekishi,bunka,shakai,seiji,kokusai
008506	Introduction to Contemporary Japanese Studies 2	bungaku,rekishi,bunka
008507	Introduction to Contemporary Japanese Studies 2	bungaku,rekishi,shukyo,bunka,kokusai
008508	アカデミック・ライティング	kotoba
009001	デジタルヒューマニティーズ基礎演習	tokei,joho
009003	多文化社会と子ども	kotoba,bunka,shakai,kyoiku
00B001	アート・メディア史講義	rekishi,geijutsu,media
00B007	メディア論Ｂ演習	media,joho
00B011	メディア文化論演習	rekishi,geijutsu,bunka,monodukuri
00B013	芸術環境論講義	rekishi,geijutsu,media
00B014	実践芸術論講義	rekishi,geijutsu
00B019	映像メディア論講義	rekishi,geijutsu,media
00B021	映像メディア論演習	geijutsu,media
00B024	アーツ･プラクシス演習	kotoba,geijutsu,bunka,shakai,media
00B026	実践芸術論演習	geijutsu,bunka,seiji
00C009	文学テクスト論Ⅰ講義	bungaku,tetsugaku
00Z001	グローバルフィロソフィー	tetsugaku,bunka,kankyo
00Z002	世界の中のアジア史	rekishi,kyoiku,kokusai
00Z003	世界の中のアジア史	rekishi,kyoiku,kokusai
00Z008	アジアの思想史Ⅰ	kotoba,tetsugaku,shukyo,bunka,iryo
00Z009	アジアの思想史Ⅱ	rekishi,tetsugaku
00Z014	広域アジア史Ⅰ	kotoba,rekishi,bunka
00Z015	広域アジア史Ⅱ	kotoba,rekishi,bunka
00Z020	アジアの思想史Ⅳ	rekishi,tetsugaku,shukyo,bunka
00Z021	アジアの文化と社会Ⅰ	rekishi,bunka,shakai,shinri
00Z023	中国語圏文学Ⅰ	bungaku,rekishi,bunka
00Z025	中国語圏文学Ⅲ	bungaku,rekishi,bunka
00Z029	中国の文化と社会Ⅱ	kotoba,bunka
00Z030	中国の文化と社会Ⅲ	kotoba,bunka
00Z032	アジアの思想史Ⅲ	rekishi,tetsugaku,shukyo,bunka
00Z201	グローバル・ユーロ思想史	rekishi,tetsugaku,gender
00Z203	ヨーロッパの哲学I	tetsugaku,kokusai
00Z204	ヨーロッパの哲学II	tetsugaku,shukyo
00Z205	ヨーロッパの哲学III	kotoba,tetsugaku
00Z207	ヨーロッパの哲学V	kotoba,tetsugaku,shakai,gender
00Z208	ヨーロッパの哲学VI	tetsugaku,seiji
00Z211	ヨーロッパの歴史II	rekishi,shukyo,shakai,seiji,keizai
00Z212	ヨーロッパの歴史III	rekishi,kyoiku,kokusai
00Z213	ヨーロッパの歴史III	rekishi,kyoiku,kokusai
00Z216	ヨーロッパの文学I	bungaku,rekishi,gender
00Z217	ヨーロッパの文学I	bungaku,rekishi,gender,kokusai
00Z218	ヨーロッパの文学II	bungaku,geijutsu,shakai,seiji,gender
00Z220	ヨーロッパの文学IV	bungaku
00Z221	ヨーロッパの文学V	kotoba,bungaku,rekishi,bunka
00Z222	ヨーロッパの文学VI	kotoba,bungaku,rekishi,bunka
00Z223	ヨーロッパの文学VII	kotoba,geijutsu,shakai,media,gender
00Z225	ヨーロッパの文学IX	kotoba,bungaku,rekishi,tetsugaku,shukyo
00Z228	ヨーロッパの文学XI	kotoba,bungaku,tetsugaku
00Z229	ヨーロッパの文学XI	kotoba,rekishi,tetsugaku,shukyo,geijutsu
00Z230	ヨーロッパの文学XII	bungaku,tetsugaku
00Z232	ヨーロッパの芸術I	rekishi,geijutsu
00Z233	ヨーロッパの芸術II	rekishi,geijutsu
00Z235	ヨーロッパの芸術IV	rekishi,shukyo,geijutsu
00Z237	ヨーロッパの現代II	kotoba,tetsugaku,seiji
00Z238	ヨーロッパの現代III	rekishi,shukyo,geijutsu,bunka,shakai
00Z240	ヨーロッパの芸術IV	rekishi,shukyo,geijutsu,bunka,seiji
00Z241	ヨーロッパの文学VII	kotoba,bungaku,rekishi,tetsugaku,shukyo
00Z242	ヨーロッパの文学XIII	kotoba,bungaku,geijutsu
00Z243	ヨーロッパの文学XIII	kotoba
010010	ヒューマン・ファクターズ心理学	shinri,kikai,monodukuri
010011	共生の人間学演習Ⅰ（共生と福祉）	shakai
010048	感覚生理学	shinri,ikimono,nou,ai
010081	教育環境学実験実習Ⅰ	kyoiku
010082	教育環境学実験実習Ⅱ	shakai,kyoiku,tokei
010083	教育環境学実験実習Ⅲ	shakai,kyoiku,tokei
010113	教育社会学演習 Ｉ	shakai,kyoiku,tokei
010114	教育社会学演習 II	shakai,kyoiku,gender,kokusai,tokei
010122	教育心理学演習 Ｉ	shakai,shinri,kyoiku
010123	教育心理学演習 II	shinri,kyoiku
010130	教育人間学演習 Ｉ	kyoiku
010131	教育人間学演習 II	kyoiku
010136	教育制度学演習 Ｉ	shakai,seiji,kyoiku,kokusai
010137	教育制度学演習 II	shakai,seiji,kyoiku,kokusai
010157	経験社会学	shakai,tokei
010178	行為と倫理	tetsugaku,iryo,sports
010191	行動生態学実験実習 II	shinri
010193	行動生理学	shinri,ikimono,nou
010194	行動生理学演習 Ｉ	nou,shoku
010195	行動生理学演習 II	ikimono,shoku
010218	自然地理学	kankyo
010232	社会環境学実験実習 Ｉ	shakai,tokei
010233	社会環境学実験実習 II	shakai,tokei
010234	社会環境学実験実習 III	shakai
010262	社会変動論	shakai,keizai,kyoiku,tokei
010264	集団力学	shakai,shinri,media
010271	情報処理演習 Ｉ	tokei,joho
010272	情報処理演習 II	tokei,joho
010276	心理学実験	shinri,tokei
010285	人間科学基礎理論	tetsugaku,butsuri
010292	人間科学特殊講義 Ｉ	kotoba,shakai
010293	人間科学特殊講義 II	shakai,shinri,iryo
010294	人間科学特殊講義 III	bunka,shakai,shinri
010295	人間科学特殊講義 IV	bunka,shakai,shoku
010308	人間行動学実験実習 II	shinri,tokei,joho
010325	生物人類学	ikimono
010326	生物人類学演習	ikimono
010351	日本教育史	rekishi,shakai,seiji,kyoiku,gender
010355	認知心理学	geijutsu,shinri
010383	比較文明学	tetsugaku,shukyo,bunka,shinri
010395	文化人類学演習 Ｉ	bunka,shakai
010396	文化人類学演習 II	bunka
010397	文化人類学実験実習 Ｉ	bunka,shakai
010398	文化人類学実験実習 II	geijutsu,bunka,media,gender
010399	文化人類学実験実習 III	bunka
010405	文明動態学	tetsugaku
010414	臨床教育学実験実習 Ｉ	kyoiku
010444	臨床死生学・老年行動学演習 Ｉ	shinri,iryo
010445	臨床死生学・老年行動学演習 II	shinri,iryo
010452	比較発達心理学演習Ⅰ	shinri
010453	比較発達心理学演習Ⅱ	shinri
010454	行動形態学	ikimono,sports
010456	行動形態学演習	ikimono
010489	教育工学演習Ⅰ	kyoiku
010490	教育工学演習Ⅱ	kyoiku
010493	臨床心理学演習 Ｉ	shinri,kyoiku,iryo
010497	生涯教育学	shakai,kyoiku,kokusai
010500	生涯教育学演習Ⅰ	bunka,shakai,kyoiku
010501	生涯教育学演習Ⅱ	bunka,shakai,kyoiku
010502	コミュニティ教育学	rekishi,shakai,kyoiku
010503	教育文化学	shakai,kyoiku,gender
010504	教育文化学演習Ⅰ	shakai,kyoiku
010505	教育文化学演習Ⅱ	shakai,kyoiku
010601	比較行動学	shinri,ikimono
010603	比較行動学演習Ⅰ	ikimono
010604	比較行動学演習Ⅱ	ikimono
010616	人類学理論	bunka,shakai,kokusai
010623	比較教育制度学	bunka,kyoiku,kokusai
010627	キャリアデザイン概論	shakai
010631	安全行動学	shakai,shinri
010633	多変量統計科学	sugaku,tokei
010636	行動統計科学演習Ⅰ	sugaku,tokei
010637	行動統計科学演習Ⅱ	sugaku,tokei
010639	交通心理学	shakai,shinri
010640	応用認知心理学演習Ⅰ	shinri
010641	応用認知心理学演習Ⅱ	shinri
010642	社会心理学演習Ⅰ	shakai,shinri
010643	社会心理学演習Ⅱ	shakai,shinri
010645	安全行動学演習Ⅰ	shakai,shinri
010646	安全行動学演習Ⅱ	shakai,shinri
010648	教育哲学	tetsugaku,shakai,kyoiku,gender,kokusai
010653	ジェンダーと教育	shakai,kyoiku,media,gender,sports
010654	人権教育論	shakai,seiji,kyoiku,media,gender
010657	科学技術と文化	bunka,seiji,keizai,kankyo,energy
010662	環境評価論	shakai,seiji,iryo,kankyo
010664	生活環境論	bunka,shakai,kankyo,monodukuri
010665	環境行動学演習Ⅰ	bunka,shakai,kokusai,kankyo
010666	環境行動学演習Ⅱ	bunka,shakai,kokusai,kankyo
010667	人間科学概論	shakai,kyoiku
010669	社会学概論	tetsugaku,shukyo,bunka,shakai,kankyo
010670	教育学概論	shakai,shinri,kyoiku
010671	共生学概論	bunka,shakai
010673	現代社会の課題	tetsugaku,bunka,shakai,media,ai
010674	現代日本の教育問題	shakai,shinri,kyoiku,gender
010675	共生の理論と実践	shakai,kokusai,kankyo
010678	哲学演習I	tetsugaku
010679	哲学演習I	tetsugaku,iryo
010680	哲学演習I	tetsugaku
010681	共生の技法Ⅱ	geijutsu,bunka,sports
010686	共生の人間学演習Ⅰ（共生の哲学）	tetsugaku,shakai
010687	共生の人間学演習Ⅱ	shakai
010691	共生社会論演習Ⅰ	shakai
010692	共生社会論演習Ⅱ	shakai
010694	共生行動論Ⅱ	shakai,shinri
010695	共生行動論演習Ⅰ	shakai,shinri
010696	共生行動論演習Ⅱ	shakai,shinri
010703	国際協力学演習Ⅰ	shakai,kokusai
010704	国際協力学演習Ⅱ	shakai,kokusai
010705	多文化共生学Ⅰ	bunka,shakai,kokusai
010711	地域創生論演習Ⅰ	bunka,shakai
010712	地域創生論演習Ⅱ	bunka,shakai
010714	コンフリクトと共生Ⅱ(a)	bunka,shakai,ikimono,kankyo
010715	コンフリクトと共生演習Ⅰ	bunka,shakai,kyoiku,ikimono,kankyo
010716	コンフリクトと共生演習Ⅱ	shakai,kankyo,energy
010718	哲学演習II	bungaku,tetsugaku,bunka,shinri,media
010719	哲学演習II	tetsugaku,shakai,seiji
010721	人間科学学際実習I	shakai
010722	人間科学学際実習II	shakai
010728	健康・医療心理学	shinri,iryo
010729	行動学概論（心理学概論）	shinri,ikimono,nou
010731	認知心理生理学（神経・生理心理学）	shinri,nou
010732	応用認知心理学（知覚・認知心理学）	shinri
010733	社会・集団・家族心理学	bunka,shakai,shinri
010734	臨床死生学・老年行動学（福祉心理学）	shinri,iryo
010735	産業心理学（産業・組織心理学）	shakai,shinri
010736	人間行動学実験実習Ⅰ（心理的アセスメント）	shinri
010737	人間行動学実験実習Ⅱ（心理演習）	shinri,iryo
010738	人間行動学実験実習Ⅲ（心理学研究法）	shinri,iryo
010739	比較発達行動学（発達心理学）	shinri,ikimono
010741	学習生理学（学習・言語心理学）	kotoba,shinri,ikimono,nou
010742	心理学統計法	shinri,sugaku,tokei
010743	行動生態学実験実習Ⅰ（心理的アセスメント）	shinri,ikimono
010744	行動生態学実験実習Ⅱ（心理演習）	shinri
010745	行動生態学実験実習Ⅲ（心理学研究法）	shinri,tokei
010749	司法・犯罪心理学	shakai,seiji,shinri
010750	教育・学校心理学	shakai,shinri,kyoiku
010752	臨床心理学概論	shinri,iryo
010754	公認心理師の職責	seiji,shinri,iryo
010755	臨床教育学実験実習Ⅰ（心理的アセスメント）	shinri
010756	臨床教育学実験実習Ⅱ（心理演習）	shinri
010757	臨床教育学実験実習Ⅲ（心理学研究法）	shinri
010759	人体の構造と機能及び疾病	butsuri,ikimono,nou,iryo
010760	精神疾患とその治療	shinri,iryo
010761	関係行政論	seiji,shinri
010763	未来共生論Ⅱ	kotoba,bunka,shakai
010766	心理実習	shinri,iryo
010767	未来共創フィールド実習Ⅰ	bunka,shakai
010768	未来共創フィールド実習Ⅱ	bunka,shakai
010769	哲学と質的研究	tetsugaku,iryo
010770	日本の現代思想	tetsugaku,bunka,shakai,keizai
010771	社会科・地理歴史科教育法III	rekishi,bunka,shakai,kyoiku
010772	社会科・公民科教育法III	shakai,seiji,keizai,kyoiku,kankyo
010774	社会環境学演習	shakai
010775	現代社会学演習	shakai
010776	社会調査演習	shakai,tokei
010777	文化社会学演習	bunka,shakai,seiji
010779	教育人間学	tetsugaku,shinri,kyoiku
010780	人間変容論 Ｉ	rekishi,bunka,shakai,kyoiku
010781	人間変容論 II	geijutsu,shakai,kyoiku,sports
010782	人間変容論演習 I	tetsugaku,shakai,shinri,kyoiku
010783	人間変容論演習 II	tetsugaku,shakai,shinri,kyoiku
010786	シティズンシップと教育	bunka,shakai,seiji,kyoiku,kokusai
010787	認識論・形而上学	tetsugaku
010791	哲学実験実習I	tetsugaku
010792	哲学実験実習II	tetsugaku
010793	哲学実験実習III	tetsugaku
010794	教育工学	kyoiku
010796	感情・人格心理学（理論と実践）	shinri
010797	社会学理論	shakai
010800	教育関係論	shakai,kyoiku
010801	教育法学	shakai,seiji,kyoiku
010802	共生の人間学Ⅰ（障害者・障害児心理学）	kotoba,bunka,shakai,shinri,kokusai
010803	福祉社会論	shakai,keizai,kokusai,kankyo
010804	基礎心理学（知覚・認知心理学）	shinri
010805	基礎心理学演習 Ｉ	shinri
010806	基礎心理学演習 II	shinri
010807	教授・学習過程論（学習・言語心理学）	shinri,kyoiku
010808	インターンシップ等実習Ａ	shakai
010809	インターンシップ等実習Ｂ	shakai
010815	福祉理論	tetsugaku,shakai,seiji,keizai,gender
010817	地域・都市社会学	bunka,shakai,seiji
010825	共生の哲学	tetsugaku,bunka,shakai,seiji,gender
010826	福祉社会論Ⅱ	shakai,seiji,gender,kokusai
010830	利他と社会	tetsugaku,shukyo,shakai
010831	復興と共生	shakai,shinri
010834	教育とグローバル世界	shakai,kyoiku,kokusai
010837	国際協力学の諸相	bunka,shakai,kokusai
010841	環境共生学の諸相	shakai,keizai,ikimono,kankyo
010843	レジリエンス・環境・共生	shakai,seiji,kankyo,energy
010848	共生学実験実習Ⅰ（共生学調査法入門）	shakai
019013	教育環境学実験実習Ⅰ	kyoiku
019014	教育環境学実験実習Ⅰ	kyoiku
019016	教育環境学実験実習Ⅰ	kyoiku
019020	臨床教育学実験実習 II	kyoiku
019021	臨床教育学実験実習 III	kyoiku
019022	行動生態学実験実習 II	shinri,ikimono
019023	行動生態学実験実習 II	sugaku,tokei
019026	行動生態学実験実習 II	ikimono
019032	人間行動学実験実習 II	shinri
019033	人間行動学実験実習 II	shinri,tokei,joho
019036	人間行動学実験実習 II	shakai,shinri
019037	人間行動学実験実習 II	shinri,tokei,joho
019048	教育環境学実験実習Ⅱ	seiji,kyoiku,kokusai
019049	教育環境学実験実習Ⅱ	kyoiku
019051	教育環境学実験実習Ⅱ	kyoiku
019053	教育環境学実験実習Ⅲ	seiji,kyoiku,kokusai
019054	教育環境学実験実習Ⅲ	kyoiku
019056	教育環境学実験実習Ⅲ	kyoiku
019059	臨床教育学実験実習 II	kyoiku,tokei
019064	臨床教育学実験実習 III	kyoiku
019066	行動生態学実験実習Ⅲ（心理学研究法）	shinri,ikimono,nou
019085	卒業演習	
019087	卒業演習	
019088	卒業演習	
019092	卒業演習	
019096	卒業演習	
019098	卒業演習	kyoiku
019099	卒業演習	
019111	卒業演習	
019123	卒業研究	kyoiku
019125	卒業研究	
019126	卒業研究	
019127	卒業研究	
019131	卒業研究	
019134	卒業研究	
019136	卒業研究	
019142	卒業研究	
019148	卒業研究	
019507	卒業演習	
019508	卒業研究	
019509	卒業演習	
019510	卒業研究	
019511	卒業演習	
019512	卒業研究	
019513	卒業演習	
019514	卒業研究	
019517	卒業演習	
019518	卒業研究	
019519	卒業演習	
019520	卒業研究	
019522	卒業演習	shinri
019524	卒業研究	shinri
019525	卒業演習	
019526	卒業研究	
019534	卒業演習	
019538	卒業演習	
019539	卒業研究	
019540	卒業演習	
019541	卒業研究	
019542	卒業演習	
019543	卒業研究	
019546	卒業演習	tokei
019547	卒業研究	tokei
019554	卒業演習	
019555	卒業研究	
019556	社会環境学実験実習 III	shakai
019557	社会環境学実験実習 III	bunka,shakai
019558	卒業演習	
019559	卒業研究	
019738	人間行動学実験実習Ⅲ（心理学研究法）	shinri
019756	臨床教育学実験実習Ⅰ（心理的アセスメント）	shinri
019757	臨床教育学実験実習Ⅱ（心理演習）	shinri,kyoiku,tokei
019758	臨床教育学実験実習Ⅲ（心理学研究法）	shinri
019802	行動生態学実験実習 II	ikimono,sports
019807	臨床教育学実験実習 Ｉ	kyoiku
019808	臨床教育学実験実習 Ｉ	kyoiku
019809	臨床教育学実験実習 II	kyoiku
019810	臨床教育学実験実習 III	kyoiku
019813	共生学実験実習Ⅱ	tetsugaku
019814	共生学実験実習Ⅱ	shakai
019815	共生学実験実習Ⅱ	shakai
019817	共生学実験実習Ⅱ	shakai,kokusai
019819	共生学実験実習Ⅱ	shakai,kokusai
019820	共生学実験実習Ⅱ	shakai,kankyo
019821	共生学実験実習Ⅲ	tetsugaku
019822	共生学実験実習Ⅲ	shakai
019823	共生学実験実習Ⅲ	shakai
019825	共生学実験実習Ⅲ	
019827	共生学実験実習Ⅲ	bunka,shakai,kokusai
019828	共生学実験実習Ⅲ	shakai,kankyo
019829	人間行動学実験実習Ⅲ（心理学研究法）	shinri
019831	人間行動学実験実習Ⅲ（心理学研究法）	shinri
019832	人間行動学実験実習Ⅲ（心理学研究法）	shakai,shinri
019833	人間行動学実験実習Ⅲ（心理学研究法）	shinri
019834	認知行動工学	keizai,shinri,iryo
019835	行動医学・健康行動論（健康・医療心理学）	shinri,iryo
019836	認知行動工学演習I	shinri
019837	認知行動工学演習Ⅱ（心理演習）	shinri
019838	行動生態学実験実習Ⅲ（心理学研究法）	shinri
019839	行動生態学実験実習Ⅲ（心理学研究法）	sugaku,tokei,joho
019840	行動生態学実験実習Ⅲ（心理学研究法）	ikimono
019841	行動生態学実験実習Ⅲ（心理学研究法）	ikimono
019842	卒業演習	
019843	卒業研究	
019903	卒業演習	
019904	卒業研究	
019905	卒業演習	
019906	卒業演習	
019907	卒業研究	
019910	卒業演習	
019911	卒業研究	
019912	卒業演習	
019913	卒業研究	
019914	卒業演習	
019916	卒業研究	
019917	卒業研究	
019918	卒業研究	
019919	卒業演習	
019920	卒業研究	
019921	卒業演習	
019922	卒業演習	
019923	卒業研究	
019924	卒業演習	
019935	卒業研究	shinri
019939	卒業演習	
019940	卒業研究	
019943	卒業演習	
019944	卒業研究	
019945	卒業演習	
019946	卒業研究	bunka
019947	卒業演習	
019948	卒業研究	
019957	卒業演習	
019958	卒業研究	
019959	卒業演習	
019960	卒業研究	
019963	卒業演習	
019964	卒業研究	
019965	卒業演習	
019966	卒業研究	
019968	卒業研究	
019969	卒業演習	
019970	卒業研究	
020021	刑事訴訟法	seiji
020032	経済法	seiji,keizai
020034	民事訴訟法	seiji
020047	国際経済法	seiji,keizai,kokusai
020056	ローマ法	rekishi,seiji
020057	法理学	tetsugaku,seiji
020063	政治学原論	seiji,kokusai
020064	政治過程論	seiji,keizai
020068	西洋政治史	rekishi,bunka,seiji
020069	日本政治史	rekishi,seiji,kokusai
020071	外交史	rekishi,seiji,kokusai
020073	行政学	seiji
020081	法医学	seiji,iryo
020096	日本の法制度	kotoba,seiji
020111	労働法	shakai,seiji
020122	特別講義（国際商事模擬仲裁１）	seiji,keizai,kokusai
020123	特別講義（国際商事模擬仲裁２）	seiji,keizai,kokusai
020125	特別講義（Advanced introduction to international human rights law）	seiji,kokusai
020127	特別講義（Introduction of International Economic Law: Basic issues and cases）	seiji,keizai,kokusai
020141	知的財産法１	seiji
020142	知的財産法２	seiji
020143	知的財産法３	seiji,keizai
020203	法社会学	shakai,seiji
020209	憲法２	seiji
020210	行政法１	seiji
020211	行政法２	seiji
020212	行政法３	seiji
020213	行政法４	seiji
020216	税法１	seiji,keizai,kokusai
020217	税法２	seiji,keizai
020218	刑法１	seiji
020219	刑法２	seiji
020220	国際法１	seiji,kokusai
020221	国際法２	seiji,kokusai
020223	民法２	seiji
020225	民法４	seiji
020231	国際私法	seiji,kokusai
020232	日本近代法史	rekishi,seiji
020234	西洋政治思想史	rekishi,tetsugaku,seiji
020236	地方行政論	seiji
020237	比較政治	bunka,seiji,kokusai
020254	西洋法制史	rekishi,seiji
020255	民事回収法１	seiji
020256	民事回収法２	seiji,keizai
020257	社会保障法	shakai,seiji
020277	特別講義（リーダーシップを考える）	shakai
020278	特別講義（実践グローバル・リーダーシップ）	shakai,kokusai
020279	経済史	rekishi,keizai,kokusai
020280	財政	seiji,keizai,iryo
020286	特別講義（リーダーシップデザイン）	shakai
020299	法情報学１	seiji,joho
020301	国際法３	seiji,kokusai
020302	国際取引法	seiji,keizai,kokusai
020303	ミクロ経済学	keizai
020304	マクロ経済学	keizai
020305	ゲーム理論	keizai,sugaku
020307	公共経済学	seiji,keizai
020309	アジア政治史	rekishi,seiji,kokusai
020317	環境法	seiji,kokusai,kankyo
020318	犯罪者処遇法	shakai,seiji
020323	中国法	bunka,seiji
020324	マスコミと国際公共政策	media,kokusai
020330	市民社会論	tetsugaku,shakai,seiji
020332	環境と開発	keizai,kokusai,kankyo
020335	国際関係論Ⅰ	seiji,kokusai
020336	国際関係論Ⅱ	seiji,keizai,kokusai
020338	特別講義（国際投資法入門）	seiji,keizai,kokusai
020339	特別講義 (International Intellectual Property Law and Emerging Technologies)	seiji,kokusai
020341	特別講義（公共支出と租税）	keizai,kankyo
020344	特別講義（海洋法）	seiji,kokusai
020346	特別講義（比較刑事法）	seiji,kokusai
020347	特別講義（International Commercial Arbitration）	seiji,keizai,kokusai
020348	特別講義（グローバル時代における抵触法の現代的課題）	seiji,kokusai
020349	特別講義（マクロ経済学の理論と実践）	seiji,keizai,kokusai
020350	特別講義（金融制度と金融市場）	keizai
020351	特別講義（資産評価理論とその応用）	keizai
020352	社会連携講義（国家・企業・地域の現場から：松下政経塾提携講座）	shakai,seiji,keizai
020615	特別講義（ESGが変える企業戦略）	shakai,keizai,kokusai,kankyo
020624	特別講義（ネゴシエーション基礎）	seiji
020631	特別講義（立法学）	seiji
020638	特別講義（英語で学ぶ国際問題とグローバル・リーダーシップ）	kotoba,seiji,kokusai
020644	特別講義（損害保険の実務と法）	seiji,keizai
020661	特別講義（経営者と語るリーダーシップ）	keizai
020667	特別講義（法と開発）	seiji,kokusai
020675	特別講義（公共政策のイノベーションとシンクタンクの役割）	seiji
020682	特別講義（ESGインテグレーションの理論と実践）	shakai,keizai,kokusai,kankyo
020685	特別講義（Introduction to Comparative Law）	seiji
020686	特別講義（Introduction to Japanese Law）	seiji
020687	特別講義（Law and Society in the Middle East）	bunka,shakai,seiji
020688	特別講義（Private Law in Japan）	seiji
020689	特別講義（Introduction to Common Law）	seiji
020694	特別講義（司法通訳・翻訳）	kotoba,seiji,kokusai
021024	外国語文献研究１	kotoba,seiji
021027	外国語文献研究２	kotoba,seiji
021028	外国語文献研究１	kotoba,keizai,kankyo
021111	法政情報処理	seiji,joho
021135	法政基礎演習ａ	seiji,kokusai
021136	法政基礎演習ｂ	seiji,kokusai
021137	法政基礎演習ａ	rekishi,seiji,kokusai
021138	法政基礎演習ｂ	rekishi,seiji,kokusai
021141	法政基礎演習ａ	seiji,keizai
021142	法政基礎演習ｂ	seiji,keizai
022103	演習１ａ	rekishi,seiji
022104	演習１ｂ	rekishi,seiji
022105	演習１ａ	seiji,kankyo
022106	演習１ｂ	seiji,kankyo
022107	演習１ａ	seiji
022108	演習１ｂ	seiji
022109	演習１ａ	seiji,keizai
022110	演習１ｂ	seiji,keizai
022115	演習１ａ	bunka,seiji
022116	演習１ｂ	bunka,seiji
022119	演習１ａ	seiji
022120	演習１ｂ	seiji
022133	演習１ａ	seiji,kokusai
022134	演習１ｂ	seiji,kokusai
022135	演習１ａ	tetsugaku,seiji
022136	演習１ｂ	tetsugaku,seiji
022137	演習１ａ	shakai,seiji
022138	演習１ｂ	shakai,seiji
022141	演習１ａ	rekishi,seiji
022142	演習１ｂ	rekishi,seiji
022145	演習１ａ	seiji
022146	演習１ｂ	seiji
022162	演習１ｂ	seiji,kokusai
022163	演習１ａ	seiji,kokusai
022164	演習１ａ	seiji
022165	演習１ｂ	seiji
022177	演習１ａ	seiji
022178	演習１ｂ	seiji
022179	演習１ａ	seiji
022180	演習１ｂ	
022183	演習１ａ	seiji
022184	演習１ｂ	seiji
022189	演習１ａ	seiji
022190	演習１ｂ	seiji
022191	演習１ａ	seiji,keizai
022192	演習１ｂ	seiji,keizai
022193	演習１ａ	seiji
022194	演習１ｂ	seiji
022197	演習１ａ	seiji
022198	演習１ｂ	seiji
022207	演習１ａ	seiji
022208	演習１ｂ	seiji
022209	演習１ａ	seiji
022210	演習１ｂ	seiji
022213	演習１ａ	bungaku,tetsugaku,seiji
022214	演習１ｂ	tetsugaku,seiji
022215	演習１ａ	seiji,kokusai
022216	演習１ｂ	seiji,kokusai
022217	演習１ａ	seiji,kokusai
022218	演習１ｂ	seiji,kokusai
022219	演習１ａ	seiji
022220	演習１ｂ	seiji
022223	演習１ａ	seiji
022224	演習１ｂ	seiji
022225	演習１ａ	seiji,kokusai
022226	演習１ｂ	seiji,kokusai
022227	演習１ａ	rekishi,seiji
022228	演習１ｂ	rekishi,seiji
022229	演習１ａ	rekishi,seiji,kokusai
022230	演習１ｂ	rekishi,seiji,kokusai
022233	演習１ａ	seiji,keizai,kokusai
022234	演習１ｂ	seiji,keizai,kokusai
022235	演習１ａ	seiji,kokusai
022236	演習１ｂ	seiji,kokusai
022237	演習１ａ	seiji
022238	演習１ｂ	seiji
022239	演習１ａ	seiji
022240	演習１ｂ	seiji
023103	演習２ａ	rekishi,seiji
023104	演習２ｂ	rekishi,seiji
023105	演習２ａ	seiji,kankyo
023106	演習２ｂ	seiji,kankyo
023107	演習２ａ	seiji
023108	演習２ｂ	seiji
023109	演習２ａ	seiji,keizai
023110	演習２ｂ	seiji,keizai
023115	演習２ａ	bunka,seiji
023116	演習２ｂ	bunka,seiji
023119	演習２ａ	seiji
023120	演習２ｂ	seiji
023133	演習２ａ	seiji,kokusai
023134	演習２ｂ	seiji,kokusai
023135	演習２ａ	tetsugaku,seiji
023136	演習２ｂ	tetsugaku,seiji
023137	演習２ａ	shakai,seiji
023138	演習２ｂ	shakai,seiji
023141	演習２ａ	rekishi,seiji
023142	演習２ｂ	rekishi,seiji
023145	演習２ａ	seiji
023146	演習２ｂ	seiji
023162	演習２ｂ	seiji,kokusai
023163	演習２ａ	seiji,kokusai
023164	演習２ａ	seiji
023165	演習２ｂ	seiji
023177	演習２ａ	seiji
023178	演習２ｂ	seiji
023179	演習２ａ	seiji
023180	演習２ｂ	seiji
023183	演習２ａ	seiji
023184	演習２ｂ	seiji
023189	演習２ａ	seiji
023190	演習２ｂ	seiji
023191	演習２ａ	seiji,keizai
023192	演習２ｂ	seiji,keizai
023193	演習２ａ	seiji
023194	演習２ｂ	seiji
023197	演習２ａ	seiji
023198	演習２ｂ	seiji
023207	演習２ａ	seiji
023208	演習２ｂ	seiji
023209	演習２ａ	seiji
023210	演習２ｂ	seiji
023213	演習２ａ	bungaku,tetsugaku,seiji
023214	演習２ｂ	tetsugaku,seiji
023215	演習２ａ	seiji,kokusai
023216	演習２ｂ	seiji,kokusai
023217	演習２ａ	seiji,kokusai
023218	演習２ｂ	seiji,kokusai
023219	演習２ａ	seiji
023220	演習２ｂ	seiji
023223	演習２ａ	seiji
023224	演習２ｂ	seiji
023225	演習２ａ	seiji,keizai,kokusai
023226	演習２ｂ	seiji,keizai,kokusai
023227	演習２ａ	rekishi,seiji
023228	演習２ｂ	rekishi,seiji
023229	演習２ａ	rekishi,seiji,kokusai
023230	演習２ｂ	rekishi,seiji,kokusai
023233	演習２ａ	seiji,keizai,kokusai
023234	演習２ｂ	seiji,keizai,kokusai
023235	演習２ａ	seiji,kokusai
023236	演習２ｂ	seiji,kokusai
023237	演習２ａ	seiji
023238	演習２ｂ	seiji
023239	演習２ａ	seiji
023240	演習２ｂ	seiji
026001	法学の基礎	rekishi,seiji
026004	政治学の基礎	seiji
026006	ミクロ経済入門	keizai
026007	マクロ経済入門	keizai
026009	国際公共政策	shakai,seiji,keizai,kokusai,kankyo
026018	計量経済	keizai,tokei
026021	日本経済史２	rekishi,keizai
026150	特別講義（政治行動論）	seiji
026202	ネゴシエーション	seiji
026211	特別講義（国際報道論）	seiji,media,kokusai
026253	特別講義（日米比較憲法論）	shukyo,seiji,kokusai
026256	法政基礎演習ａ	bungaku,tetsugaku,seiji
026257	法政基礎演習ｂ	tetsugaku,seiji
026258	法政基礎演習ａ	seiji
026259	法政基礎演習ｂ	seiji
026260	法政基礎演習ａ	seiji,kokusai
026261	法政基礎演習ｂ	seiji,kokusai
026267	法政基礎演習ａ	seiji
026268	法政基礎演習ｂ	seiji
026273	法政基礎演習ａ	seiji
026274	法政基礎演習ｂ	seiji
026281	法政基礎演習ａ	seiji,keizai
026282	法政基礎演習ｂ	seiji,keizai
026283	法政基礎演習ａ	seiji
026284	法政基礎演習ｂ	seiji
026289	法政基礎演習ａ	seiji,kokusai
026290	法政基礎演習ｂ	seiji,kokusai
026295	法政基礎演習ａ	seiji
026296	法政基礎演習ｂ	seiji
026304	法政基礎演習ａ	seiji
026305	法政基礎演習ｂ	seiji
026310	憲法１	seiji
026311	民法１	seiji
026312	商法４	seiji,keizai
026313	ＥＵ法概論	rekishi,seiji,kokusai
026314	外国語文献研究１	kotoba,seiji,keizai,kokusai
026315	外国語文献研究２	kotoba,seiji,keizai,kokusai
026316	ロイヤリング（紛争処理）	seiji
026317	社会科学のための数学	keizai,sugaku
026318	計量経済学Ⅰ	keizai,tokei
026319	Data Management	tokei,joho
026320	国際経済学 I	keizai,kokusai
026322	計量経済学 II	keizai,tokei
026332	法政導入演習	seiji
026333	法政導入演習	seiji
026340	法政導入演習	seiji
026346	法政導入演習	seiji,joho
026349	法政導入演習	seiji,kankyo
026351	セミナーⅡa	seiji,keizai
026352	セミナーⅡb	seiji,keizai
026353	セミナーⅡa	seiji
026354	セミナーⅡb	seiji
026357	セミナーⅡa	shakai,keizai,kyoiku,tokei,iryo
026358	セミナーⅡb	shakai,keizai,tokei
026362	セミナーⅡb	seiji,kokusai
026363	セミナーⅡa	seiji,kokusai
026367	セミナーⅡa	seiji,keizai,kankyo,energy
026368	セミナーⅡb	seiji,keizai,kankyo
026369	セミナーⅡa	rekishi,seiji,kokusai
026370	セミナーⅡb	rekishi,seiji,kokusai
026373	セミナーⅡa	seiji
026374	セミナーⅡb	seiji
026389	セミナーⅡa	seiji,kokusai
026390	セミナーⅡb	seiji,kokusai
026391	セミナーⅡa	seiji,media,kokusai
026392	セミナーⅡb	seiji,media,kokusai
026393	セミナーⅡa	seiji,kokusai,tokei
026394	セミナーⅡb	seiji,kokusai,tokei
026401	外交政策論	rekishi,seiji,kokusai
026405	国際行動論	seiji,keizai,kokusai
026406	国際機構論	seiji,kokusai
026409	セミナーⅡa	seiji,kokusai
026410	セミナーⅡb	seiji,kokusai
026415	セミナーⅡa	keizai,kokusai,tokei
026416	セミナーⅡb	keizai,kokusai,tokei
026417	セミナーⅡa	seiji,kokusai
026418	セミナーⅡb	seiji,kokusai
026419	セミナーⅡa	shakai
026420	セミナーⅡb	shakai
026421	セミナーⅡa	seiji,tokei
026422	セミナーⅡb	seiji,tokei
026429	セミナーⅡa	seiji,kokusai
026430	セミナーⅡb	seiji,kokusai
026433	法政基礎演習ａ	seiji
026434	法政基礎演習ｂ	seiji
026443	特別講義（私法の体系と原理）	tetsugaku,seiji
026444	特別講義（中国外交論）	rekishi,seiji,kokusai
026446	特別講義（イスラーム家族法）	shukyo,seiji
026447	特別講義（Poverty Measurement）	keizai,kokusai,tokei
026452	外国語文献研究１	kotoba,seiji,kokusai
026454	外国語文献研究１	kotoba,tetsugaku,seiji
026455	外国語文献研究２	kotoba,tetsugaku,seiji
026456	民法３	seiji,keizai
026457	商法１（会社法）	seiji,keizai
026458	商法２（総則・商行為）	seiji,keizai
026464	法政導入演習	kotoba
026470	セミナーⅡa	seiji,keizai,kokusai
026471	セミナーⅡb	seiji,keizai,kokusai
026472	セミナーⅡa	seiji,keizai,tokei,joho,ai
026473	セミナーⅡb	seiji,keizai,tokei,joho,ai
026474	セミナーⅡa	seiji
026475	セミナーⅡb	seiji
026476	セミナーⅡa	keizai
026477	セミナーⅡb	keizai
026478	セミナーⅡa	seiji
026479	セミナーⅡb	seiji
026480	法政導入演習	seiji
026481	法政導入演習	seiji
026482	セミナーⅡa	keizai,tokei,joho
026483	セミナーⅡb	keizai,tokei,joho
026484	法政導入演習	seiji
026485	法政導入演習	shakai,seiji
026486	法政導入演習	seiji
026487	法政導入演習	seiji,kokusai
026504	経済発展	keizai,kokusai
026507	特別講義（健康経済学）	keizai,iryo
026599	Project Seminar in English	seiji,media
027351	セミナーⅢａ	seiji,keizai
027352	セミナーⅢｂ	seiji,keizai
027353	セミナーⅢａ	seiji
027354	セミナーⅢｂ	seiji
027357	セミナーⅢａ	shakai,keizai,kyoiku,tokei,iryo
027358	セミナーⅢｂ	shakai,keizai,tokei
027362	セミナーⅢｂ	seiji,kokusai
027363	セミナーⅢａ	seiji,kokusai
027367	セミナーⅢａ	seiji,keizai,kankyo,energy
027368	セミナーⅢｂ	seiji,keizai,kankyo
027369	セミナーⅢａ	rekishi,seiji,kokusai
027370	セミナーⅢｂ	rekishi,seiji,kokusai
027373	セミナーⅢａ	seiji
027374	セミナーⅢｂ	seiji
027389	セミナーⅢａ	seiji,kokusai
027390	セミナーⅢｂ	seiji,kokusai
027391	セミナーⅢａ	seiji,media,kokusai
027392	セミナーⅢｂ	seiji,media,kokusai
027393	セミナーⅢａ	seiji,kokusai,tokei
027394	セミナーⅢｂ	seiji,kokusai,tokei
027409	セミナーⅢａ	seiji,kokusai
027410	セミナーⅢｂ	seiji,kokusai
027411	セミナーⅢａ	seiji,kankyo
027412	セミナーⅢｂ	seiji,kankyo
027415	セミナーⅢａ	seiji,kokusai
027416	セミナーⅢｂ	seiji,kokusai
027421	セミナーⅢａ	keizai,kokusai,tokei
027422	セミナーⅢｂ	keizai,kokusai,tokei
027423	セミナーⅢａ	seiji,kokusai
027424	セミナーⅢｂ	seiji,kokusai
027425	セミナーⅢａ	shakai
027426	セミナーⅢｂ	shakai
027427	セミナーⅢａ	seiji,tokei
027428	セミナーⅢｂ	seiji,tokei
027468	セミナーⅢａ	seiji
027469	セミナーⅢｂ	seiji
027470	セミナーⅢａ	seiji,keizai,kokusai
027471	セミナーⅢｂ	seiji,keizai,kokusai
027472	セミナーⅢａ	seiji,keizai,tokei,joho,ai
027473	セミナーⅢｂ	seiji,keizai,tokei,joho,ai
027474	セミナーⅢａ	seiji
027475	セミナーⅢｂ	seiji
027476	セミナーⅢａ	keizai
027477	セミナーⅢｂ	keizai
027478	セミナーⅢａ	seiji
027479	セミナーⅢｂ	seiji
027482	セミナーⅢａ	keizai,tokei,joho
027483	セミナーⅢｂ	keizai,tokei,joho
027484	セミナーⅢａ	seiji
027485	セミナーⅢｂ	seiji
027486	セミナーⅢａ	seiji
027487	セミナーⅢｂ	seiji
028351	セミナーⅣa	seiji,keizai
028352	セミナーⅣb	seiji,keizai
028353	セミナーⅣa	seiji
028354	セミナーⅣb	seiji
028357	セミナーⅣa	shakai,keizai,kyoiku,tokei,iryo
028358	セミナーⅣb	shakai,keizai,tokei
028362	セミナーⅣb	seiji,kokusai
028363	セミナーⅣa	seiji,kokusai
028367	セミナーⅣa	seiji,keizai,kankyo,energy
028368	セミナーⅣb	seiji,keizai,kankyo
028369	セミナーⅣa	rekishi,seiji,kokusai
028370	セミナーⅣb	rekishi,seiji,kokusai
028373	セミナーⅣa	seiji
028374	セミナーⅣb	seiji
028389	セミナーⅣa	seiji,kokusai
028390	セミナーⅣb	seiji,kokusai
028391	セミナーⅣa	seiji,media,kokusai
028392	セミナーⅣb	seiji,media,kokusai
028393	セミナーⅣa	seiji,kokusai,tokei
028394	セミナーⅣb	seiji,kokusai,tokei
028409	セミナーⅣa	seiji,kokusai
028410	セミナーⅣb	seiji,kokusai
028411	セミナーⅣa	seiji,kankyo
028412	セミナーⅣb	seiji,kankyo
028415	セミナーⅣa	seiji,kokusai
028416	セミナーⅣb	seiji,kokusai
028421	セミナーⅣa	keizai,kokusai,tokei
028422	セミナーⅣb	keizai,kokusai,tokei
028423	セミナーⅣa	seiji,kokusai
028424	セミナーⅣb	seiji,kokusai
028425	セミナーⅣa	shakai
028426	セミナーⅣb	shakai
028427	セミナーⅣa	seiji,tokei
028428	セミナーⅣb	seiji,tokei
028468	セミナーⅣa	seiji
028469	セミナーⅣb	seiji
028470	セミナーⅣa	seiji,keizai,kokusai
028471	セミナーⅣb	seiji,keizai,kokusai
028472	セミナーⅣa	seiji,keizai,tokei,joho,ai
028473	セミナーⅣb	seiji,keizai,tokei,joho,ai
028474	セミナーⅣa	seiji
028475	セミナーⅣb	seiji
028476	セミナーⅣa	keizai
028477	セミナーⅣb	keizai
028478	セミナーⅣa	seiji
028479	セミナーⅣb	seiji
028482	セミナーⅣa	keizai,tokei,joho
028483	セミナーⅣb	keizai,tokei,joho
028484	セミナーⅣa	seiji
028485	セミナーⅣb	seiji
028486	セミナーⅣa	seiji
028487	セミナーⅣb	seiji
030101	マクロ経済	keizai
030102	ミクロ経済	keizai
030103	経済史	rekishi,keizai
030105	統計	sugaku,tokei
030106	経営計算システム	keizai
030201	財政	shakai,seiji,keizai,iryo
030208	経済発展	keizai,kyoiku,kokusai,tokei,shoku
030209	公共経済	seiji,keizai,kankyo
030210	計量経済　【旧→エコノメトリックス】	keizai,tokei
030213	都市・地域経済 　【旧→各論】	keizai
030215	ファイナンス	keizai
030217	日本経済史２　【旧→各論】	rekishi,keizai
030219	西洋経済史２　【旧→各論】	rekishi,seiji,keizai
030222	経営史２　【旧→各論】	rekishi,keizai
030224	組織論	shakai,keizai,shinri
030225	マーケティング１	keizai
030247	特殊講義（人事の経済学）	keizai
030271	経営戦略　【旧→戦略論（選択）】	keizai
030272	財務会計　【旧→財務会計１、財務会計２】	keizai,tokei,joho
030304	数理経済	keizai,sugaku
030321	経済地理　　【旧→特殊講義】	keizai,kokusai
030322	テキストマイニング 【旧→選必２】	tokei,joho
030341	労働法 　【新、2025～】	shakai,seiji
030342	社会保障法　【新、2025～】	shakai,seiji
030346	上級マクロ経済１　【旧→上級マクロ経済Ⅰ】	keizai
030347	上級マクロ経済２　【旧→上級マクロ経済Ⅱ】	keizai
030348	上級ミクロ経済１　【旧→上級ミクロ経済Ⅰ】	keizai
030349	上級ミクロ経済２　【旧→上級ミクロ経済Ⅱ】	keizai
030350	上級計量経済１　【旧→上級エコノメトリックスⅠ】	keizai,tokei
030351	上級計量経済２　【旧→上級エコノメトリックスⅡ】	keizai,tokei
030425	特殊講義（実証的日本経済論）	keizai
030501	専門セミナー（消費者行動論）	keizai,shinri
030536	専門セミナー（データ分析のための統計学入門）	tokei,joho
030542	専門セミナー（マーケティングケース分析）	keizai
030704	研究セミナー（太田　亘）	keizai
030713	研究セミナー（佐々木　勝）	keizai,tokei,joho
030717	研究セミナー（ばん澤　歩）	rekishi,keizai,kokusai
030718	研究セミナー（浦井　憲）	tetsugaku,shukyo,shakai,keizai,media
030736	研究セミナー（福田　祐一）	keizai
030739	研究セミナー（松村　真宏）	
030741	研究セミナー（廣田　誠）	rekishi,keizai
030745	研究セミナー（山本　千映）	rekishi,keizai,tokei
030752	研究セミナー（小野　哲生）	keizai
030754	研究セミナー（WIRAWAN DONY DAHANA）	keizai,tokei
030755	研究セミナー（勝又　壮太郎）	keizai
030756	研究セミナー（椎葉　淳）	keizai,tokei
030757	研究セミナー（村宮　克彦）	keizai,tokei,joho
030758	研究セミナー（Pierre-Yves Donze）	keizai
030759	研究セミナー（祝迫　達郎）	keizai
030761	研究セミナー（開本　浩矢）	keizai
030762	研究セミナー（西村　幸浩）	seiji,keizai
030763	研究セミナー（大竹　文雄）	keizai,shinri,tokei
030764	研究セミナー（恩地　一樹）	keizai
030766	研究セミナー（許　衛東）	keizai,kokusai
030775	研究セミナー（上須　道徳）	bunka,shakai,keizai,kankyo
030776	研究セミナー（笠原　晃恭）	keizai
030777	研究セミナー（渡辺　周）	keizai
030868	特殊講義（感染症政策の行動経済学）　【旧、新→各論】	seiji,keizai,shinri,iryo
030872	専門セミナー（組織行動論入門）	keizai
030874	国際経営　【旧、新→各論】	bunka,keizai,kokusai
030877	経営科学２　【旧、新→応用経営科学】	keizai,sugaku
030879	特殊講義（人生計画とそれに基づくキャリアデザイン）	shinri
030880	特殊講義（Global Business Dynamics）	bunka,keizai,kokusai
030881	特殊講義（経営管理と生産システム）	keizai,joho,ai,monodukuri
030882	特殊講義（コンサルティング入門：共感に基づく地域経済の理解と活性化）	bunka,shakai,keizai
030884	実践講義（リーダーシップ開発）　【旧、新→特殊講義】	shakai,keizai,shinri
030886	実践講義（実践　顧客基点のデジタルトランスフォーメーション）　【旧、新→特殊講義】	keizai,media,joho,ai
030887	実践講義（ビジネスモデル研究）　【旧、新→特殊講義】	shakai,keizai
030893	研究セミナー（JEON HAEJUN）	keizai,sugaku
030894	研究セミナー（金　熙珍）	bunka,keizai,kokusai
030895	特殊講義（日本ファミリービジネス史）　【旧、新→各論】	rekishi,bunka,keizai
030896	特殊講義（産業革命期のイギリス経済）	rekishi,bunka,keizai
030898	研究セミナー（佐藤　秀昭）	rekishi,bunka,keizai
030900	特殊講義（クリエイティブ産業）	bunka,keizai,kokusai
030904	実践講義（アセットマネジメントの理論と実務）【旧、新→特殊講義】	seiji,keizai
030905	特殊講義（経済開発）	keizai,kokusai
030906	国際関係論I　【新→国際関係論入門】	seiji,kokusai
030907	応用計量経済	keizai,tokei
030908	特殊講義（機械学習を用いたデータ分析）	tokei,joho,ai
030909	専門セミナー（Pythonによる経済分析）	keizai,tokei,joho,ai
030910	専門セミナー（機械学習入門）	sugaku,tokei,joho,ai
030911	研究セミナー（松井　宗也）	keizai,tokei,joho,ai
030912	研究セミナー（西脇　雅人）	keizai,tokei
030913	特殊講義（人的資源管理）	shakai,keizai
030914	特殊講義（技術経営）	keizai,monodukuri
030915	専門セミナー（パーソナル・ファイナンス）	keizai
030916	専門セミナー（経営行動科学）	shakai,keizai,shinri,tokei
030917	専門セミナー（行動科学論文リーディング）	shakai,shinri,tokei
030918	研究セミナー（SHIN HAYOUNG）	shakai,keizai,shinri
030919	特殊講義（Positive Accounting Theory）	keizai
030920	専門セミナー（日本金融史）	rekishi,keizai
030921	専門セミナー（日本をつくった企業家）	rekishi,keizai
030922	研究セミナー（高槻　泰郎）	rekishi,keizai
030923	行動経済学　【旧、新→各論】	seiji,keizai,shinri,iryo
030924	特殊講義（基礎機械学習）	joho,ai
030925	専門セミナー（データ探索・モデリング入門）	keizai,tokei,joho
030926	専門セミナー（因果推論入門）	keizai,tokei
030927	特殊講義（因果推論入門）	shakai,keizai,tokei
030929	実践講義（ビジネスリーダー基礎論 ～企業改革事例から学ぶビジネスの“理”～）　　【旧、新→特殊講義】	shakai,keizai
030930	特殊講義（行動・実験経済学入門）	keizai,shinri
030932	実践講義（データサイエンスのビジネス活用実践）　　【旧、新→特殊講義】	keizai,tokei,iryo,joho
031414	特殊講義（マーケティング分析）	keizai,tokei
031420	特殊講義（監査論）	keizai
031433	特殊講義（Accounting and Decision Making in the Global Companies）	keizai,kokusai
031434	特殊講義（ナッジと公共政策）	seiji,keizai,shinri
031555	専門セミナー（日本経営史）	rekishi,keizai
031557	専門セミナー（複式簿記の世界）	keizai,sugaku,joho
040001	プラズマ物理学	butsuri,uchu,energy
040006	応用数理学１	sugaku,butsuri,joho
040009	応用数理学２	sugaku,tokei
040011	応用数理学４	sugaku,butsuri
040012	応用数理学５	keizai,sugaku,tokei
040013	応用数理学６	sugaku,ikimono,iryo
040016	応用数理学９	sugaku,joho,ai
040018	化学プログラミング	kagaku,joho,ai
040022	化学実験法（平成31年度以降入学者用）	kagaku,joho
040024	化学熱力学１	butsuri,kagaku,energy
040025	化学熱力学２	butsuri,kagaku
040026	化学熱力学３	butsuri,kagaku
040037	幾何学２	sugaku
040039	幾何学４	sugaku
040040	幾何学５	sugaku
040043	幾何学８	sugaku
040044	幾何学９	sugaku
040046	系統進化学	ikimono,kankyo
040062	光物理学	butsuri
040073	実験数学３	sugaku,joho,ai
040133	数値計算法	sugaku,tokei,butsuri,joho
040146	生物学野外実習	ikimono,kankyo
040147	生物学臨海実習	ikimono,kankyo
040151	相対論	sugaku,butsuri,uchu
040161	代数学３	sugaku
040162	代数学４	sugaku
040163	代数学５	sugaku
040164	代数学６	sugaku
040173	電磁気学１	butsuri
040175	電磁気学２	butsuri
040193	物性化学	butsuri,kagaku
040194	物性物理学１	butsuri
040195	物性物理学２	butsuri
040210	分子構造論１	butsuri,kagaku
040211	分子構造論２	sugaku,kagaku
040216	分析化学１	kagaku
040217	分析化学２	kagaku
040221	無機化学２	kagaku
040222	無機化学１	butsuri,kagaku
040224	無機化学３	butsuri,kagaku
040225	無機工業化学	kagaku,monodukuri,energy
040227	有機化学１	kagaku
040228	有機化学２	kagaku
040229	有機化学３	kagaku
040232	有機機器分析	kagaku
040235	有機工業化学	kagaku,iryo,shoku,monodukuri,energy
040239	量子化学１	butsuri,kagaku
040240	量子化学２	butsuri,kagaku
040242	量子力学１	sugaku,butsuri
040243	量子力学２	butsuri
040245	量子力学３	butsuri
040247	量子力学概論	butsuri,kagaku
040249	連続体力学	sugaku,butsuri
040250	惑星科学概論	butsuri,kagaku,kankyo,uchu
040258	生物物理学概論	butsuri,ikimono,joho
040266	極限光物理学	butsuri,energy
040269	統計力学概論	butsuri,kagaku
040271	化学反応論１	butsuri,kagaku
040272	化学反応論２	kagaku
040274	高分子合成化学１	kagaku,monodukuri
040275	高分子合成化学２	kagaku,ikimono,monodukuri
040276	高分子物理化学１	butsuri,kagaku,monodukuri
040277	高分子物理化学２	butsuri,kagaku
040293	生物学特別講義Ａ	ikimono
040294	生物学特別講義Ｂ	ikimono,iryo
040314	発生生物学Ｂ	ikimono,iryo
040315	細胞生物学Ａ	kotoba,ikimono
040316	細胞生物学Ｂ	ikimono
040317	構造生物学	kagaku,ikimono,iryo,joho
040320	生物科学の最前線	ikimono
040326	生物学演習Ａ	ikimono
040327	生物学演習Ｂ	kotoba,ikimono
040328	生物学演習Ｃ	ikimono
040329	生物学演習Ｄ	ikimono
040336	物性物理学３	butsuri
040337	生物学実験１	ikimono
040338	生物学実験２	ikimono
040342	量子力学１演義	butsuri
040343	量子力学２演義	butsuri
040350	遺伝情報発現の生物学	ikimono
040351	真核生物の分子遺伝学Ⅰ	ikimono
040352	真核生物の分子遺伝学II	ikimono,iryo
040369	線形代数続論１	sugaku
040370	線形代数続論１演義	sugaku
040373	複素関数論	sugaku
040374	複素関数論演義	sugaku
040375	複素関数論続論	sugaku
040376	複素関数論続論演義	sugaku
040386	幾何学序論	sugaku
040387	幾何学序論演義	sugaku
040388	解析学序論１	sugaku
040389	解析学序論１演義	sugaku
040390	解析学序論２	sugaku
040391	解析学序論２演義	sugaku
040397	幾何学１	sugaku
040398	幾何学１演義	sugaku
040399	幾何学２演義	sugaku
040400	解析学１	sugaku
040401	解析学１演義	sugaku
040402	解析学２	sugaku
040403	解析学２演義	sugaku
040405	実験数学２	sugaku,joho
040406	解析学３	sugaku
040408	解析学５	sugaku
040409	解析学６	sugaku,tokei
040411	解析学８	sugaku,butsuri
040414	力学１	butsuri
040415	力学１演義	butsuri
040416	力学２	butsuri
040418	相対論的量子力学	butsuri
040419	宇宙物理学	butsuri,uchu
040421	地球惑星物質学	butsuri,kagaku,kankyo,uchu
040422	高分子科学	kagaku
040423	基礎化学実験(平成30年度以前入学者用)	kagaku,joho
040424	無機放射化学演習	butsuri,kagaku,iryo
040425	量子力学演習	butsuri
040426	統計熱力学演習	butsuri
040427	有機化学演習１	kagaku
040428	有機化学演習２	kagaku
040429	高分子科学演習	kagaku
040433	複素環化学	kagaku,iryo
040434	生化学１	kagaku,ikimono
040435	生化学２	kagaku,ikimono,iryo
040436	有機生物化学	kagaku,ikimono
040438	生物化学Ａ	kagaku,ikimono
040440	生物化学Ｂ	butsuri,kagaku,ikimono,iryo
040444	地球科学概論	butsuri,kankyo,uchu
040445	化学実験１	butsuri,kagaku
040446	化学実験２	kagaku
040449	電磁気学１演義	butsuri
040452	数値計算法基礎	sugaku,butsuri,joho,ai
040454	科学英語基礎	kotoba
040455	幾何学基礎１（位相と微積分）	sugaku
040456	幾何学基礎１（位相と微積分）演義	sugaku
040457	幾何学基礎２（位相空間論）	sugaku
040458	幾何学基礎２（位相空間論）演義	sugaku
040463	実験数学１（コンピュータプログラミング）	sugaku,joho
040466	応用数理学７（情報システム論）	joho
040467	応用数理学８（通信ネットワーク論）	joho
040474	物理学実験１	butsuri,uchu
040475	物理学実験２	butsuri,uchu
040476	放射化学	butsuri,kagaku,uchu
040477	無機放射化学特論	butsuri,kagaku
040500	物理オナーセミナー（１学期）	butsuri
040501	基礎解析続論	sugaku
040507	化学特別実験	kagaku
040513	質量分析学	butsuri,kagaku
040514	化学生物学	kagaku,ikimono,iryo
040518	数学オナーセミナー１	sugaku
040519	数学オナーセミナー２	sugaku
040520	数学オナーセミナー３	sugaku
040521	数学オナーセミナー４	sugaku
040524	宇宙地球フィールドワーク１	butsuri,kankyo,uchu
040525	宇宙地球フィールドワーク２	butsuri,kankyo,uchu
040529	化学発展セミナー	kagaku
040530	化学への道程と私たち	kagaku
040531	化学オナーセミナー１	kagaku
040532	化学オナーセミナー２	kagaku
040533	化学オナーセミナー３	kagaku
040534	化学オナーセミナー４	kagaku
040545	基礎解析続論演義	sugaku
040547	力学２演義	butsuri
040548	熱物理学	butsuri
040549	熱物理学演義	butsuri
040550	統計力学１	butsuri
040551	統計力学１演義	butsuri
040552	統計力学２	butsuri
040553	数理物理１	sugaku,butsuri
040554	数理物理１演義	sugaku,butsuri
040555	数理物理２	sugaku,butsuri
040556	数理物理２演義	sugaku,butsuri
040557	数理物理３	sugaku,butsuri
040561	生命理学基礎演習１	butsuri,ikimono
040564	物理実験学	butsuri,kikai
040566	有機金属化学	kagaku
040567	有機化学演習３	kagaku
040570	生命現象の物理Ａ	tokei,butsuri,ikimono
040571	生命現象の物理Ｂ	butsuri,ikimono
040574	先端物理学・宇宙地球科学輪講	butsuri,kankyo,uchu
040575	ゲノム分子生物学	ikimono,iryo
040589	現代ゲノム研究概説	ikimono,joho
040590	ゲノム情報学	tokei,ikimono,joho
040593	科学技術論Ｂ１	tetsugaku,shakai,seiji,gender
040594	科学技術論Ｂ２	tetsugaku,shakai,kankyo,ai
040597	理科教育法Ⅲ	kyoiku,butsuri,kagaku,ikimono,kankyo
040598	理科教育法Ⅳ	kyoiku,butsuri,kagaku,ikimono,kankyo
040599	将来展望特論Ａ	shakai,kyoiku
040601	ベクトル解析	sugaku
040602	数学への道程	sugaku
040605	確率と統計	sugaku,tokei
040606	基礎考究	sugaku
040607	代数学基礎	sugaku
040608	代数学基礎演義	sugaku
040609	代数学序論１	sugaku
040610	代数学序論１演義	sugaku
040611	代数学序論２	sugaku
040612	代数学序論２演義	sugaku
040613	代数学３演義	sugaku
040616	現代物理学入門	butsuri
040617	物理学セミナー	butsuri
040619	化学入門セミナー	kagaku
040622	宇宙構造形成論	butsuri,uchu
040623	RNA生物学	ikimono
040626	生体膜の生命科学	ikimono
040627	放射線計測学基礎	butsuri,kikai
040628	素粒子原子核物理入門	butsuri,uchu
040629	原子核物理学	butsuri,uchu,energy
040630	素粒子物理学	butsuri
040631	素粒子原子核宇宙論	butsuri,uchu
040632	動物生理学C	ikimono,nou
040633	動物生理学A	ikimono,nou
040634	動物生理学B	ikimono
040636	発生生物学D	ikimono
040638	植物科学Ａ	ikimono,kankyo
040639	植物科学Ｂ	ikimono
040640	植物科学Ｃ	kagaku,ikimono,kankyo
040901	理系科学英語夏期海外研修（令和7年度以降入学者用）	kotoba,bunka,kokusai
040902	理系科学英語夏期海外研修（令和5、6年度入学者用）	kotoba,bunka,kokusai
045002	課題研究ａ	sugaku
045003	課題研究ａ	sugaku
045005	課題研究ａ	sugaku
045006	課題研究ａ	sugaku
045007	課題研究ａ	sugaku
045008	課題研究ａ	sugaku
045009	課題研究ａ	sugaku
045010	課題研究ａ	sugaku
045012	課題研究ａ	sugaku
045013	課題研究ａ	sugaku
045016	課題研究ａ	sugaku
045017	課題研究ａ	sugaku
045018	課題研究ａ	sugaku
045019	課題研究ａ	sugaku
045020	課題研究ａ	sugaku
045022	課題研究ａ	sugaku
045024	課題研究ａ	sugaku
045026	課題研究ａ	sugaku
045027	課題研究ａ	sugaku
045028	課題研究ａ	sugaku
045029	課題研究ａ	sugaku
045035	課題研究ａ	sugaku
045036	課題研究ａ	sugaku
045037	課題研究ａ	sugaku
045040	課題研究ａ	sugaku
045042	課題研究ａ	sugaku
045044	課題研究ａ	sugaku
045045	課題研究ａ	sugaku
045046	課題研究ａ	sugaku
045047	課題研究ａ	sugaku
045050	課題研究ａ	sugaku
045051	課題研究ａ	sugaku
045053	課題研究ａ	sugaku
045054	課題研究ａ	sugaku
045055	課題研究ａ	sugaku
045057	課題研究ａ	sugaku
045058	課題研究ａ	sugaku
045059	課題研究ａ	sugaku
045060	課題研究ａ	sugaku
045061	課題研究ａ	sugaku
045062	課題研究ａ	sugaku
045063	課題研究ａ	sugaku
045202	海外文献調査ａ	sugaku
045203	海外文献調査ａ	sugaku
045205	海外文献調査ａ	
045206	海外文献調査ａ	sugaku
045207	海外文献調査ａ	sugaku
045208	海外文献調査ａ	sugaku
045209	海外文献調査ａ	sugaku
045210	海外文献調査ａ	sugaku
045212	海外文献調査ａ	sugaku
045213	海外文献調査ａ	sugaku
045216	海外文献調査ａ	sugaku
045217	海外文献調査ａ	sugaku
045218	海外文献調査ａ	sugaku
045219	海外文献調査ａ	sugaku
045220	海外文献調査ａ	sugaku
045222	海外文献調査ａ	sugaku
045224	海外文献調査ａ	sugaku
045226	海外文献調査ａ	sugaku
045227	海外文献調査ａ	sugaku
045228	海外文献調査ａ	sugaku
045229	海外文献調査ａ	sugaku
045235	海外文献調査ａ	sugaku
045236	海外文献調査ａ	sugaku
045237	海外文献調査ａ	sugaku
045240	海外文献調査ａ	sugaku
045242	海外文献調査ａ	sugaku
045244	海外文献調査ａ	sugaku
045245	海外文献調査ａ	sugaku
045246	海外文献調査ａ	sugaku
045247	海外文献調査ａ	sugaku
045250	海外文献調査ａ	sugaku
045251	海外文献調査ａ	sugaku
045253	海外文献調査ａ	sugaku
045254	海外文献調査ａ	sugaku
045255	海外文献調査ａ	sugaku
045257	海外文献調査ａ	sugaku
045258	海外文献調査ａ	sugaku
045259	海外文献調査ａ	sugaku
045260	海外文献調査ａ	sugaku
045261	海外文献調査ａ	sugaku
045262	海外文献調査ａ	sugaku
045263	海外文献調査ａ	sugaku
045302	海外文献調査ｂ	sugaku
045303	海外文献調査ｂ	sugaku
045305	海外文献調査ｂ	
045306	海外文献調査ｂ	sugaku
045307	海外文献調査ｂ	sugaku
045308	海外文献調査ｂ	sugaku
045309	海外文献調査ｂ	sugaku
045310	海外文献調査ｂ	sugaku
045312	海外文献調査ｂ	sugaku
045313	海外文献調査ｂ	sugaku
045316	海外文献調査ｂ	sugaku
045317	海外文献調査ｂ	sugaku
045318	海外文献調査ｂ	sugaku
045319	海外文献調査ｂ	sugaku
045320	海外文献調査ｂ	sugaku
045322	海外文献調査ｂ	sugaku
045324	海外文献調査ｂ	sugaku
045326	海外文献調査ｂ	sugaku
045327	海外文献調査ｂ	sugaku
045328	海外文献調査ｂ	sugaku
045329	海外文献調査ｂ	sugaku
045335	海外文献調査ｂ	sugaku
045336	海外文献調査ｂ	sugaku
045337	海外文献調査ｂ	sugaku
045340	海外文献調査ｂ	sugaku
045342	海外文献調査ｂ	sugaku
045344	海外文献調査ｂ	sugaku
045345	海外文献調査ｂ	sugaku
045346	海外文献調査ｂ	sugaku
045347	海外文献調査ｂ	sugaku
045350	海外文献調査ｂ	sugaku
045351	海外文献調査ｂ	sugaku
045353	海外文献調査ｂ	sugaku
045354	海外文献調査ｂ	sugaku
045355	海外文献調査ｂ	sugaku
045357	海外文献調査ｂ	sugaku
045358	海外文献調査ｂ	sugaku
045359	海外文献調査ｂ	sugaku
045360	海外文献調査ｂ	sugaku
045361	海外文献調査ｂ	sugaku
045362	海外文献調査ｂ	sugaku
045363	海外文献調査ｂ	sugaku
045502	課題研究ｂ	sugaku
045503	課題研究ｂ	sugaku
045505	課題研究ｂ	sugaku
045506	課題研究ｂ	sugaku
045507	課題研究ｂ	sugaku
045508	課題研究ｂ	sugaku
045509	課題研究ｂ	sugaku
045510	課題研究ｂ	sugaku
045512	課題研究ｂ	sugaku
045513	課題研究ｂ	sugaku
045516	課題研究ｂ	sugaku
045517	課題研究ｂ	sugaku
045518	課題研究ｂ	sugaku
045519	課題研究ｂ	sugaku
045520	課題研究ｂ	sugaku
045522	課題研究ｂ	sugaku
045524	課題研究ｂ	sugaku
045526	課題研究ｂ	sugaku
045527	課題研究ｂ	sugaku
045528	課題研究ｂ	sugaku
045529	課題研究ｂ	sugaku
045535	課題研究ｂ	sugaku
045536	課題研究ｂ	sugaku
045537	課題研究ｂ	sugaku
045540	課題研究ｂ	sugaku
045542	課題研究ｂ	sugaku
045544	課題研究ｂ	sugaku
045545	課題研究ｂ	sugaku
045546	課題研究ｂ	sugaku
045547	課題研究ｂ	sugaku
045550	課題研究ｂ	sugaku
045551	課題研究ｂ	sugaku
045553	課題研究ｂ	sugaku
045554	課題研究ｂ	sugaku
045555	課題研究ｂ	sugaku
045557	課題研究ｂ	sugaku
045558	課題研究ｂ	sugaku
045559	課題研究ｂ	sugaku
045560	課題研究ｂ	sugaku
045561	課題研究ｂ	sugaku
045562	課題研究ｂ	sugaku
045563	課題研究ｂ	sugaku
046001	物理学特別研究	butsuri
046002	物理学特別研究	butsuri
046003	物理学特別研究	butsuri
046005	物理学特別研究	butsuri
046006	物理学特別研究	butsuri
046007	物理学特別研究	butsuri
046010	物理学特別研究	butsuri
046013	物理学特別研究	butsuri
046014	物理学特別研究	butsuri
046015	物理学特別研究	butsuri
046016	物理学特別研究	butsuri
046017	物理学特別研究	butsuri
046019	物理学特別研究	butsuri
046020	物理学特別研究	butsuri
046021	物理学特別研究	butsuri
046022	物理学特別研究	butsuri
046023	物理学特別研究	butsuri
046024	物理学特別研究	butsuri
046025	物理学特別研究	butsuri
046026	物理学特別研究	butsuri
046102	宇宙地球科学特別研究	butsuri,kankyo,uchu
046103	宇宙地球科学特別研究	butsuri,kankyo,uchu
046104	宇宙地球科学特別研究	butsuri,kankyo,uchu
046106	宇宙地球科学特別研究	butsuri,kankyo,uchu
046109	宇宙地球科学特別研究	butsuri,kankyo,uchu
046110	宇宙地球科学特別研究	butsuri,kankyo,uchu
046111	宇宙地球科学特別研究	butsuri,kankyo,uchu
046112	宇宙地球科学特別研究	butsuri,kankyo,uchu
046202	物理学文献調査	butsuri
046205	物理学文献調査	butsuri
046206	物理学文献調査	butsuri
046207	物理学文献調査	butsuri
046208	物理学文献調査	butsuri
046210	物理学文献調査	butsuri
046213	物理学文献調査	butsuri
046214	物理学文献調査	butsuri
046216	物理学文献調査	butsuri
046217	物理学文献調査	butsuri
046219	物理学文献調査	butsuri
046220	物理学文献調査	butsuri
046221	物理学文献調査	butsuri
046222	物理学文献調査	butsuri
046223	物理学文献調査	butsuri
046224	物理学文献調査	butsuri
046225	物理学文献調査	butsuri
046226	物理学文献調査	butsuri
046228	物理学文献調査	butsuri,joho
046302	宇宙地球科学文献調査	butsuri,kankyo,uchu
046304	宇宙地球科学文献調査	butsuri,kankyo,uchu
046305	宇宙地球科学文献調査	butsuri,kankyo,uchu
046306	宇宙地球科学文献調査	butsuri,kankyo,uchu
046309	宇宙地球科学文献調査	butsuri,kankyo,uchu
046310	宇宙地球科学文献調査	butsuri,kankyo,uchu
046311	宇宙地球科学文献調査	butsuri,kankyo,uchu
046312	宇宙地球科学文献調査	butsuri,kankyo,uchu
047001	化学特別研究	kagaku
047002	化学特別研究	kagaku
047003	化学特別研究	kagaku
047004	化学特別研究	kagaku
047005	化学特別研究	kagaku
047006	化学特別研究	kagaku
047007	化学特別研究	kagaku
047008	化学特別研究	kagaku
047009	化学特別研究	kagaku
047010	化学特別研究	kagaku
047011	化学特別研究	kagaku
047013	化学特別研究	kagaku
047014	化学特別研究	kagaku
047015	化学特別研究	kagaku
047016	化学特別研究	kagaku,ikimono
047017	化学特別研究	kagaku
047018	化学特別研究	kagaku
047019	化学特別研究	kagaku
047020	化学特別研究	kagaku
047021	化学特別研究	kagaku
047022	化学特別研究	kagaku
047024	化学特別研究	kagaku
047025	化学特別研究	kagaku
047028	化学特別研究	kagaku
047029	化学特別研究	kagaku
047030	化学特別研究	kagaku
047032	化学特別研究	kagaku
047033	化学特別研究	kagaku
047101	高分子科学特別研究	kagaku,monodukuri
047102	高分子科学特別研究	kagaku,monodukuri
047103	高分子科学特別研究	kagaku,monodukuri
047104	高分子科学特別研究	kagaku,monodukuri
047105	高分子科学特別研究	kagaku,monodukuri
047106	高分子科学特別研究	kagaku,monodukuri
047107	高分子科学特別研究	kagaku,monodukuri
047111	高分子科学特別研究	kagaku,monodukuri
047112	高分子科学特別研究	kagaku,monodukuri
047201	化学文献調査	kagaku
047202	化学文献調査	kagaku
047203	化学文献調査	kagaku
047204	化学文献調査	kagaku
047205	化学文献調査	kagaku
047206	化学文献調査	kagaku
047207	化学文献調査	kagaku
047208	化学文献調査	kagaku
047209	化学文献調査	kagaku
047210	化学文献調査	kagaku
047211	化学文献調査	kagaku
047212	化学文献調査	kagaku
047213	化学文献調査	kagaku
047214	化学文献調査	kagaku
047215	化学文献調査	kagaku
047216	化学文献調査	kagaku
047217	化学文献調査	kagaku
047218	化学文献調査	kagaku
047219	化学文献調査	kagaku
047220	化学文献調査	kagaku
047221	化学文献調査	kagaku
047222	化学文献調査	kagaku
047224	化学文献調査	kagaku
047225	化学文献調査	kagaku
047228	化学文献調査	kagaku
047229	化学文献調査	kagaku
047230	化学文献調査	kagaku
047231	化学文献調査	kagaku
047232	化学文献調査	kagaku
047233	化学文献調査	kagaku
047234	化学文献調査	kagaku
047238	化学文献調査	kagaku
047239	化学文献調査	kagaku
047240	化学文献調査	kagaku
047242	化学文献調査	kagaku
047243	化学文献調査	kagaku
047244	化学文献調査	kagaku
047245	化学文献調査	kagaku
048001	生物学特別実験	ikimono
048002	生物学特別実験	ikimono
048003	生物学特別実験	ikimono
048010	生物学特別実験	ikimono
048017	生物学特別実験	ikimono
048018	生物学特別実験	ikimono
048020	生物学特別実験	ikimono
048023	生物学特別実験	ikimono
048025	生物学特別実験	ikimono
048027	生物学特別実験	ikimono
048028	生物学特別実験	ikimono
048029	生物学特別実験	ikimono
048033	生物学特別実験	ikimono
048034	生物学特別実験	ikimono
048035	生物学特別実験	ikimono
048036	生物学特別実験	ikimono
048038	生物学特別実験	ikimono
048040	生物学特別実験	ikimono
048101	生物学文献調査	ikimono
048102	生物学文献調査	ikimono
048103	生物学文献調査	ikimono
048110	生物学文献調査	ikimono
048117	生物学文献調査	ikimono
048118	生物学文献調査	ikimono
048120	生物学文献調査	ikimono
048123	生物学文献調査	ikimono
048125	生物学文献調査	ikimono
048127	生物学文献調査	ikimono
048128	生物学文献調査	ikimono
048129	生物学文献調査	ikimono
048133	生物学文献調査	ikimono
048135	生物学文献調査	ikimono
048136	生物学文献調査	ikimono
048138	生物学文献調査	ikimono
048140	生物学文献調査	ikimono
048201	生命理学特別研究	ikimono
048202	生命理学特別研究	ikimono
048203	生命理学特別研究	ikimono
048208	生命理学特別研究	ikimono
048210	生命理学特別研究	ikimono
048217	生命理学特別研究	ikimono
048218	生命理学特別研究	ikimono
048219	生命理学特別研究	ikimono
048222	生命理学特別研究	ikimono
048223	生命理学特別研究	ikimono
048225	生命理学特別研究	ikimono
048226	生命理学特別研究	ikimono
048228	生命理学特別研究	ikimono
048229	生命理学特別研究	ikimono
048231	生命理学特別研究	ikimono
048232	生命理学特別研究	ikimono
048240	生命理学特別研究	ikimono
048245	生命理学特別研究	ikimono
048246	生命理学特別研究	ikimono
048248	生命理学特別研究	ikimono
048249	生命理学特別研究	ikimono
048252	生命理学特別研究	ikimono
048254	生命理学特別研究	butsuri,ikimono
048255	生命理学特別研究	ikimono
048257	生命理学特別研究	ikimono
048258	生命理学特別研究	ikimono
048259	生命理学特別研究	ikimono
048260	生命理学特別研究	ikimono
048261	生命理学特別研究	ikimono
048263	生命理学特別研究	ikimono
048264	生命理学特別研究	ikimono
048265	生命理学特別研究	ikimono
048267	生命理学特別研究	ikimono
048268	生命理学特別研究	ikimono
048269	生命理学特別研究	ikimono
048270	生命理学特別研究	ikimono
048276	生命理学特別研究	ikimono
048277	生命理学特別研究	ikimono
048278	生命理学特別研究	ikimono
048280	生命理学特別研究	ikimono
048282	生命理学特別研究	ikimono
048283	生命理学特別研究	ikimono
048284	生命理学特別研究	ikimono
048285	生命理学特別研究	ikimono
048301	生命理学文献調査	ikimono
048302	生命理学文献調査	ikimono
048303	生命理学文献調査	ikimono
048308	生命理学文献調査	ikimono
048310	生命理学文献調査	ikimono
048317	生命理学文献調査	ikimono
048318	生命理学文献調査	ikimono
048319	生命理学文献調査	ikimono
048322	生命理学文献調査	ikimono
048323	生命理学文献調査	ikimono
048325	生命理学文献調査	ikimono
048326	生命理学文献調査	ikimono
048328	生命理学文献調査	ikimono
048329	生命理学文献調査	ikimono
048331	生命理学文献調査	ikimono
048332	生命理学文献調査	ikimono
048340	生命理学文献調査	ikimono
048345	生命理学文献調査	ikimono
048346	生命理学文献調査	ikimono
048348	生命理学文献調査	ikimono
048349	生命理学文献調査	ikimono
048352	生命理学文献調査	ikimono
048354	生命理学文献調査	butsuri,ikimono,joho
048355	生命理学文献調査	ikimono
048357	生命理学文献調査	ikimono
048358	生命理学文献調査	ikimono
048359	生命理学文献調査	ikimono
048360	生命理学文献調査	ikimono
048361	生命理学文献調査	ikimono
048363	生命理学文献調査	ikimono
048364	生命理学文献調査	ikimono
048365	生命理学文献調査	ikimono
048367	生命理学文献調査	ikimono
048368	生命理学文献調査	ikimono
048369	生命理学文献調査	ikimono
048370	生命理学文献調査	ikimono
048376	生命理学文献調査	ikimono
048377	生命理学文献調査	ikimono
048378	生命理学文献調査	ikimono
048380	生命理学文献調査	ikimono
048382	生命理学文献調査	ikimono
048383	生命理学文献調査	ikimono
048384	生命理学文献調査	ikimono
048385	生命理学文献調査	ikimono
049589	科学英語基礎	kotoba
049700	物理オナーセミナー（２学期）	butsuri
049769	物理学実験１	butsuri,kankyo,uchu
049770	物理学実験２	butsuri,kankyo,uchu
04B902	生物科学オナーセミナー	ikimono
04B904	生物科学オナーセミナー	ikimono
04FM01	FrontierLab Mini 12	
04FM02	FrontierLab Mini 12	
04H314	発生生物学Ｂ　Ｈ（オナー講義）	ikimono,iryo
04H315	細胞生物学Ａ　Ｈ（オナー講義）	kotoba,ikimono
04H316	細胞生物学Ｂ　Ｈ（オナー講義）	ikimono
04H317	構造生物学　Ｈ（オナー講義）	kagaku,ikimono,iryo,joho
04H350	遺伝情報発現の生物学　Ｈ（オナー講義）	ikimono
04H351	真核生物の分子遺伝学Ⅰ　Ｈ（オナー講義）	ikimono
04H352	真核生物の分子遺伝学Ⅱ　Ｈ（オナー講義）	ikimono,iryo
04H438	生物化学Ａ　Ｈ（オナー講義）	kagaku,ikimono
04H440	生物化学Ｂ　Ｈ（オナー講義）	butsuri,kagaku,ikimono,iryo
04H570	生命現象の物理Ａ　Ｈ（オナー講義）	tokei,butsuri,ikimono,joho
04H571	生命現象の物理Ｂ　Ｈ（オナー講義）	butsuri,ikimono
04H575	ゲノム分子生物学 Ｈ（オナー講義）	ikimono,iryo
04H589	現代ゲノム研究概説　Ｈ（オナー講義）	ikimono,joho
04H590	ゲノム情報学　Ｈ	tokei,ikimono,joho
04H623	RNA生物学　H	ikimono
04H632	動物生理学C H	ikimono,nou
04H633	動物生理学A H	ikimono,nou
04H634	動物生理学B　H	ikimono
04H636	発生生物学D H	ikimono
04H638	植物科学Ａ　Ｈ	ikimono,kankyo
04H639	植物科学Ｂ　Ｈ	ikimono
04H640	植物科学Ｃ　Ｈ	kagaku,ikimono,kankyo
050149	医学概論	rekishi,tetsugaku,shakai,seiji,iryo
050160	形態学	ikimono,iryo
050163	病理学	iryo,ai
050164	感染症・免疫学	ikimono,iryo
051062	生化学	kagaku,ikimono,iryo
051104	生理学（実験動物学を含む。）	ikimono,nou,iryo
051114	放射線基礎医学	butsuri,kagaku,ikimono,iryo
051120	環境医学・公衆衛生学	shakai,seiji,tokei,iryo,kankyo
051121	薬理学	kagaku,iryo
051122	医学序説	iryo
051125	遺伝学	ikimono,iryo,joho
051147	基礎医学体験実習	iryo
05A008	基礎医学講座配属	iryo
05A010	研究室配属	iryo
05A011	MD研究者育成プログラム	iryo
05A015	生物科学概論	ikimono,iryo
05A016	データサイエンスA	tokei,iryo,joho,ai
05A017	データサイエンスB	tokei,iryo,joho,ai
05B001	環境医学・公衆衛生学実習	shakai,tokei,iryo,kankyo
05B003	臨床講義１	iryo
05B004	臨床講義２	seiji,shinri,tokei,iryo
05B101	臨床講義１（呼吸器病学）	iryo
05B102	臨床講義１（内分泌・代謝内科学）	iryo
05B103	臨床講義１（循環器病学）	iryo
05B104	臨床講義１（免疫・アレルギー内科学）	iryo
05B105	臨床講義１（老年・総合診療・検査診断学）	shakai,iryo
05B111	臨床講義２（女性医学（産科学婦人科学・乳腺内分泌外科学））	gender,iryo
05B112	臨床講義２（小児科・小児外科学）	iryo
05B113	臨床講義２（麻酔・救急医学）	shakai,iryo
05B114	臨床講義２（形成外科学）	iryo
05B115	臨床講義２（眼科学）	iryo
05B116	臨床講義２（皮膚科学）	iryo
05B117	臨床講義２（耳鼻咽喉科学）	iryo
05B118	臨床講義２（法医学（医事法制を含む。））	shakai,seiji,iryo
05B119	臨床講義２（精神神経学（医学心理学を含む。））	shakai,shinri,nou,iryo
05B120	臨床講義２（整形外科学）	iryo,sports
05B121	臨床講義２（臨床疫学・統計学）	tokei,iryo
05B122	臨床講義１（感染症）	iryo
05C001	早期臨床体験実習１	iryo
05C002	早期臨床体験実習２	iryo
05C003	臨床導入実習	iryo
05C007	選択実習	kokusai,iryo
05C008	臨床実習３	iryo
05C009	臨床医学特論	shakai,seiji,kokusai,iryo
05C010	臨床実習１	iryo
05C011	臨床実習２	iryo
05D001	医学英語1	kotoba,iryo
05D002	医学英語２	kotoba,iryo
060003	解剖学	ikimono,iryo
060005	組織学	ikimono,iryo
060021	歯科理工学	kagaku,iryo,monodukuri
060022	基礎配属実習	ikimono,iryo
060025	予防歯科学	shakai,tokei,iryo,shoku
060030	内科学（診断学及び栄養学を含む）	iryo,shoku
060031	外科学	iryo
060032	整形外科学	iryo
060033	隣接臨床医学－耳鼻咽喉科学－	iryo
060034	隣接臨床医学－小児科学－	iryo
060035	隣接臨床医学－皮膚科学－	iryo
060036	隣接臨床医学－眼科学－	iryo
060040	歯科保存学	iryo
060041	口腔治療学	iryo
060048	歯科矯正学	shinri,iryo
060049	小児歯科学	iryo
060050	歯科放射線学（一般放射線学を含む）	butsuri,iryo,kikai
060051	歯科麻酔学	iryo
060052	障害者歯科学	shakai,seiji,shinri,iryo
060053	顎口腔機能治療学	kotoba,iryo,shoku
060054	口腔検査診断学	iryo
060069	臨床実習（臨床基礎歯科学を含む）	iryo
060076	総合歯科学特論	iryo
060136	歯学序説Ｉ	iryo
060137	歯学序説II	iryo
060140	口腔総合医療学	shakai,seiji,tokei,iryo,ai
060141	総合歯科学	rekishi,shakai,seiji,keizai,iryo
060142	プレポリクリ	iryo
060143	国際歯科学演習	kokusai,iryo
060144	クラウンブリッジ補綴学	iryo,monodukuri
060145	有床義歯補綴学・高齢者歯科学（顎顔面補綴学を含む。）	iryo,sports,ai,monodukuri
060146	顎顔面外科学	iryo
060147	口腔外科腫瘍学	iryo
060148	口腔解剖学（口腔組織学を含む。）	ikimono,iryo
060149	生理学（口腔生理学を含む。）	ikimono,iryo
060150	生化学（口腔生化学を含む。）	kagaku,ikimono,iryo
060151	病理学（口腔病理学を含む。）	iryo
060152	細菌学（口腔細菌学を含む。）	ikimono,iryo
060153	薬理学（歯科薬物学を含む。）	kagaku,iryo
060161	基礎生命科学	ikimono,iryo
060162	衛生学	shakai,tokei,iryo
060163	総合歯科学（2024～）	rekishi,shakai,seiji,keizai,iryo
072010	放射化学	butsuri,kagaku,iryo
072011	無機化学	butsuri,kagaku,ikimono
072012	有機医薬化学	rekishi,kagaku,iryo
072013	天然薬物学	kagaku,ikimono,iryo
072014	生物有機化学	kagaku,ikimono,iryo
072015	スペクトル解析学	butsuri,kagaku
072016	漢方薬学	rekishi,kagaku,ikimono,iryo
072021	情報科学	tokei,ikimono,joho,ai
072032	製剤サイエンス	butsuri,kagaku,iryo
072040	薬物治療V	nou,iryo
072042	薬学統計入門	sugaku,tokei,iryo
072045	臨床試験とレギュラトリーサイエンス	shakai,seiji,iryo
072048	薬学統計	tokei,iryo
072052	薬物治療演習２	iryo
072057	実務実習（病院）	iryo
072058	実務実習（薬局）	iryo
072059	実践化学	butsuri,kagaku
072062	先進医療学	ikimono,iryo,joho
072064	生物物理化学特論	butsuri,kagaku,ikimono,iryo
072067	生物有機化学特論	kagaku,ikimono,iryo
072069	分子細胞生物学特論	ikimono,iryo
072071	分子病態生理学特論	ikimono,iryo
072074	衛生薬学特論	shakai,kagaku,iryo,shoku,kankyo
072077	医療薬学特論	keizai,shinri,iryo
072079	医薬基盤科学特論	kagaku,ikimono,iryo,joho
072082	グローバル薬学演習	kokusai,iryo
072083	ヘルスコミュニケーション	tetsugaku,shakai,iryo
072084	疾患生体応答学特論	ikimono,iryo
072085	医薬合成化学特論	kagaku,iryo
072086	天然物創薬学特論	kagaku,ikimono,iryo
072088	機能分子製造化学特論	kagaku,iryo
073001	薬学入門１	shakai,seiji,iryo
073002	薬学入門２	iryo
073003	薬学入門３	tetsugaku,shakai,iryo
073004	有機化学１	kagaku
073005	有機化学２	kagaku
073006	有機化学３	kagaku
073007	物理化学１	butsuri,kagaku
073008	物理化学２	butsuri,kagaku,ikimono
073009	分析化学１	kagaku,iryo
073010	分析化学２	butsuri,kagaku,iryo
073011	分析化学３	butsuri,kagaku,ikimono,iryo
073012	生物科学概論１	kagaku,ikimono
073013	生物科学概論２	kagaku,ikimono
073014	生物化学１	kagaku,ikimono,iryo
073015	生理学１	ikimono,nou,iryo,sports
073016	生理学２	ikimono,nou,iryo
073017	免疫学１	ikimono,iryo
073018	免疫学２	ikimono,iryo
073019	衛生薬学１	rekishi,ikimono,iryo,shoku,kankyo
073020	衛生薬学２	tokei,iryo,shoku,kankyo
073021	衛生薬学３	shakai,kagaku,iryo,shoku,kankyo
073022	薬理学１	ikimono,nou,iryo
073023	薬理学２	ikimono,nou,iryo
073024	薬物動態１	ikimono,iryo
073025	薬物動態２	ikimono,iryo
073026	薬物治療１	iryo
073027	薬物治療２	iryo
073028	薬物治療３	iryo
073029	薬物治療４	iryo
073030	薬物治療５	ikimono,iryo
073031	薬物治療６	iryo
073032	臨床薬学１	shakai,seiji,iryo
073033	臨床薬学２	iryo
073034	医薬品情報と医療安全	rekishi,shakai,iryo,joho
073035	医療倫理・臨床研究概論	tetsugaku,shakai,seiji,iryo
073036	薬事関係法規・薬局方概論	shakai,seiji,iryo
073037	事前学習１	iryo
073038	事前学習２	iryo
073039	先進研究演習	ikimono,iryo
073040	薬学入門４	iryo
073041	先端有機化学１	kagaku
073042	先端有機化学２	kagaku
073043	未来創薬への誘い	shakai,iryo
073044	疾患治療総合薬学	shakai,iryo
073045	生物化学２	kagaku,ikimono,iryo
073046	薬物治療演習	iryo
073047	医薬品・医療機器等薬事演習	seiji,iryo
073048	薬事行政演習	shakai,seiji,iryo
073055	基礎実習１	butsuri,kagaku,ikimono,iryo,kankyo
073062	Pharm.D(大阪大学)臨床導入演習	iryo
073063	Pharm.D(大阪大学)臨床実習①	iryo
073064	Pharm.D(大阪大学)臨床実習②	iryo
073065	Pharm.D(大阪大学)グローバル演習	kokusai,iryo
076000	基礎実習２	iryo
076002	基礎実習２	iryo
076004	基礎実習２	iryo
076005	基礎実習２	iryo
076007	基礎実習２	iryo
076009	基礎実習２	iryo
076011	基礎実習２	iryo
076014	基礎実習２	iryo
076020	基礎実習２	iryo
076023	基礎実習２	iryo
076024	基礎実習２	iryo
076025	基礎実習２	iryo
076027	基礎実習２	iryo
076028	基礎実習２	iryo
076029	基礎実習２	iryo
076030	基礎実習２	iryo
076031	基礎実習２	iryo
076033	基礎実習２	iryo
076034	基礎実習２	iryo
076036	基礎実習２	iryo
076037	基礎実習２	iryo
076038	基礎実習２	iryo
076039	基礎実習２	iryo
076040	基礎実習２	iryo
077139	長期課題研究1	iryo
077140	長期課題研究1	iryo
077141	長期課題研究1	iryo
077142	長期課題研究1	ikimono,iryo
077143	長期課題研究1	iryo
077144	長期課題研究1	iryo
077146	長期課題研究1	iryo
077148	長期課題研究1	iryo
077149	長期課題研究1	iryo
077151	長期課題研究1	iryo
077152	長期課題研究1	iryo
077156	長期課題研究1	iryo
077159	長期課題研究1	iryo
077161	長期課題研究1	iryo
077163	長期課題研究1	iryo
077165	長期課題研究1	iryo
077166	長期課題研究1	iryo
077167	長期課題研究1	iryo
077168	長期課題研究1	iryo
077169	長期課題研究1	iryo
077170	長期課題研究1	iryo
077171	長期課題研究1	iryo
077172	長期課題研究1	kagaku,ikimono,iryo
077173	長期課題研究1	iryo
077174	長期課題研究2	iryo
077175	長期課題研究2	iryo
077176	長期課題研究2	iryo
077177	長期課題研究2	iryo
077178	長期課題研究2	iryo
077180	長期課題研究2	iryo
077181	長期課題研究2	iryo
077183	長期課題研究2	iryo
077184	長期課題研究2	iryo
077185	長期課題研究2	iryo
077186	長期課題研究2	iryo
077187	長期課題研究2	iryo
077188	長期課題研究2	iryo
077189	長期課題研究2	iryo
077190	長期課題研究2	iryo
077191	長期課題研究2	iryo
077192	長期課題研究2	
077193	長期課題研究2	iryo
077194	長期課題研究2	iryo
077195	長期課題研究2	iryo
077196	長期課題研究2	iryo
077197	長期課題研究2	kagaku,ikimono,iryo
077198	長期課題研究2	iryo
077199	長期課題研究2	iryo
077A51	長期課題研究	iryo
077A61	長期課題研究	iryo
079010	臨床研究倫理特論	tetsugaku,shakai,seiji,kokusai,iryo
079011	医薬品開発計画管理学特論	seiji,keizai,iryo
079013	臨床研究統計学詳論	tokei,iryo
079015	未来医療開発実習	seiji,keizai,iryo
07A171	長期課題研究1	iryo
080001	先端科学序論 I	sugaku,butsuri,kagaku,ikimono
080005	先端科学序論 II	sugaku,butsuri,kagaku,ikimono
080010	工学における安全と倫理(応化)	tetsugaku,shakai,seiji,kagaku,kankyo
080011	工学における安全と倫理(バイオ)	tetsugaku,shakai,kagaku,ikimono
080012	工学における安全と倫理(応物)	tetsugaku,shakai,butsuri,kagaku,joho
080013	工学における安全と倫理(物工)	tetsugaku,shakai,kagaku,kankyo
080018	有機化学実験	kagaku
080021	分析化学実験	kagaku
080026	物理化学実験（応用生物）	butsuri,kagaku,ikimono
080027	応用生物工学実験 I	kagaku,ikimono
080028	応用生物工学実験 II	kagaku,ikimono,shoku
080029	応用生物工学実験 IV	ikimono
080030	応用生物工学実験 III	ikimono
080031	応用生物工学実験 V	kagaku,ikimono
080032	応用生物工学実験 VI	ikimono
080033	計算機プログラミング演習	sugaku,butsuri,joho,ai
080038	精密機器設計製図 II	joho,kikai,monodukuri
080039	応用物理学実験 I	butsuri,kikai
080040	応用物理学実験 II	butsuri,kikai
080041	応用物理学実験 III	butsuri,kikai
080045	情報数理学演習II	sugaku,tokei,joho
080050	ゼミナール II	butsuri,monodukuri
080053	ゼミナール III	butsuri,monodukuri
080054	ゼミナール IV(バイオ)	kotoba,ikimono
080055	ゼミナール IV(応物)	butsuri
080062	卒業研究(バイオ)	ikimono
080063	卒業研究(物工)	butsuri,monodukuri
080064	卒業研究(応物)	butsuri
080065	卒業研究（応化）	kagaku
080075	熱力学(応化・バイオ)	butsuri,kagaku,energy
080076	熱力学(物工)	butsuri,kagaku,monodukuri,energy
080077	熱力学(応物)	butsuri,kagaku,energy
080080	量子科学(応化・バイオ)	butsuri,kagaku
080081	量子科学(物工・応物)	butsuri
080082	有機工業化学1	keizai,kagaku,kankyo,energy
080083	有機工業化学 2	keizai,kagaku,kankyo
080084	有機工業化学 3	kagaku,iryo
080085	有機工業化学 4	kagaku
080086	分析科学(応物)	butsuri,kagaku,iryo,kankyo
080087	分光学（応化）	butsuri,kagaku
080088	情報基礎	sugaku,joho
080090	物性科学(応化・バイオ・応物)	butsuri,kagaku
080091	物性科学(物工)	butsuri
080107	応用自然科学特論(バイオ)	sugaku,ikimono,kankyo
080142	有機化学 1（A組）	kagaku
080143	有機化学 1（B組）	kagaku
080144	有機化学 2（A組）	kagaku
080145	有機化学 2（B組）	kagaku
080146	無機化学 1（A組）	kagaku
080147	無機化学 1（B組）	kagaku
080166	基幹代謝学Ｉ	kagaku,ikimono,energy
080172	生体分子学II	kagaku,ikimono
080173	生体分子学Ｉ	kagaku,ikimono
080181	生物物理学ＩＩ	butsuri,kagaku,ikimono
080186	生物化学工学 I	kagaku,ikimono,energy
080187	生物化学工学 II	kagaku,ikimono
080189	生物物理学Ｉ	butsuri,kagaku,ikimono,energy
080196	一般力学	sugaku,butsuri
080198	量子力学 I	butsuri
080199	量子力学 II	butsuri,kagaku
080200	統計力学	butsuri
080201	材料力学	butsuri,monodukuri
080203	応用光学 I	butsuri
080204	応用光学 II	butsuri
080207	結晶物理学	butsuri,kagaku,monodukuri
080212	機器設計学	butsuri,kikai,monodukuri
080214	機器製作概論	butsuri,kikai,monodukuri
080217	物理化学加工	butsuri,kagaku,monodukuri
080221	システム制御	sugaku,kikai
080222	解析力学	sugaku,butsuri
080223	情報解析学	tokei,ikimono,joho
080226	エレクトロニクス	butsuri,kikai
080228	物性論I	butsuri
080237	光エレクトロニクス	butsuri,kikai
080238	情報光学	butsuri,joho
080239	分光学	butsuri,kagaku
080241	物性論II	butsuri,monodukuri
080245	物性論演習	butsuri
080246	応用解析学	sugaku,butsuri
080258	数理計画	sugaku,joho
080265	計測制御工学	butsuri,joho,kikai
080266	量子力学演習	butsuri
080292	電磁気学演習	sugaku,butsuri
080294	フォトニクス基礎	butsuri,kikai
080297	数値解析および演習	sugaku,butsuri,joho,ai
080299	工学専門英語総合 A：ﾊﾞｲｵ	kotoba,kokusai,ikimono
080300	工学専門英語総合 B：ﾊﾞｲｵ	kotoba,kokusai,ikimono
080301	数学解析演習 I	sugaku,butsuri
080302	生体分子情報学	butsuri,ikimono,iryo
080304	量子光学	butsuri
080305	応用物理学演習Ⅲ	butsuri
080306	情報数理学演習Ⅰ	sugaku,joho
080307	量子論I	butsuri
080308	量子論II	butsuri
080309	電磁理論I	butsuri
080310	電磁理論II	butsuri
080311	応用数学	sugaku,joho,kikai
080312	データ解析とモデリング	sugaku,nou,joho,ai
080313	応用物理学演習Ⅰ	butsuri
080314	応用物理学演習Ⅱ	butsuri
080315	電気化学	butsuri,kagaku
080316	半導体デバイス	butsuri,joho,kikai
080317	物理数学	sugaku,butsuri
080319	画像情報処理	joho
080322	生命情報科学ＩＩ	sugaku,ikimono,joho
080324	生物化学工学ＩＩＩ	kagaku,ikimono
080325	生命情報科学Ｉ	tokei,ikimono,joho
080326	先端生物工業論	bunka,ikimono,shoku
080329	応用物理学演習 IV	sugaku,butsuri
080330	統計力学	butsuri
080338	固体物性	butsuri
080347	基幹代謝学II Ａ	kagaku,ikimono
080348	基幹代謝学II B	kagaku,ikimono
080349	バイオプロセス工学Ａ	shakai,ikimono,kankyo,monodukuri
080350	バイオプロセス工学Ｂ	ikimono,iryo,kankyo,monodukuri
080351	物理化学 1	butsuri,kagaku,monodukuri
080352	物理化学 2	butsuri,kagaku,energy
080353	振動波動学	butsuri
080354	化学英語演習	kotoba,kagaku
080357	ゼミナール A	kotoba,kagaku
080358	ゼミナール B	kotoba
080360	分析化学1	tokei,kagaku
080362	分析化学2	butsuri,kagaku
080367	バイオ情報解析	tokei,ikimono,joho,ai
080368	生物有機化学	kagaku,ikimono
080369	バイオテクノロジー概論	shakai,ikimono,iryo,kankyo
080372	創成型実験	kagaku
080373	物理工学実践講義	keizai,butsuri,kikai,monodukuri
080377	物理有機化学	butsuri,kagaku
080378	物理化学実験（応用化学）	butsuri,kagaku
080380	物理化学 3	kagaku
080381	物理化学 4	butsuri,kagaku,energy
080382	有機化学演習 1	kagaku
080383	物理化学演習 1	kagaku
080384	有機化学 3（A組）	kagaku
080385	有機化学 3（B組）	kagaku
080386	無機化学 2	kagaku
080387	高分子化学 1	butsuri,kagaku,monodukuri
080388	高分子化学 2	kagaku
080389	分子細胞生物学 I	kagaku,ikimono
080390	分子細胞生物学 II	ikimono
080391	分子細胞生物学 III	ikimono,nou,iryo
080392	生物分析科学	tokei,butsuri,kagaku,ikimono
080393	国際産業バイオテクノロジー	kokusai,ikimono
080394	国際ベーシックバイオテクノロジー	kokusai,ikimono
080395	国際バイオラボスタディ	kokusai,ikimono
080396	量子コンピュータ概論	butsuri,joho
080397	物理計測	butsuri,kikai
080398	物理工学実験	butsuri
080399	精密機器設計製図 I	kikai,monodukuri
080400	化学工学 1	kagaku,monodukuri
080401	化学工学 2	keizai,kagaku,monodukuri
080402	化学工学 3	keizai,kagaku,monodukuri
081001	応用理工学序論 I	butsuri,uchu,kikai,monodukuri
081005	応用理工学序論 II	iryo,kankyo,kikai,monodukuri,energy
081008	工学倫理（機械）	tetsugaku,shakai,kikai
081009	工学倫理（マテ生産）	tetsugaku,shakai,seiji,kankyo
081020	情報工学演習	sugaku,joho
081050	卒業研究（機械系）	kikai
081053	卒業研究(マテ)	monodukuri
081055	卒業研究（生産）	monodukuri
081057	卒業研究（機械）	kikai
081072	電気電子回路序説	joho,kikai
081075	材料学通論	butsuri,kagaku,monodukuri,energy
081076	機構学	kikai,monodukuri
081077	材料力学演習・実験(再履修)	butsuri,kikai,monodukuri
081081	機械力学演習・実験(再履修)	butsuri,kikai
081085	機械のしくみ(1,2組)	kikai,monodukuri
081086	機械のしくみ(3,4組)	kikai,monodukuri
081087	流れ学演習・実験(再履修)	butsuri,kikai
081089	熱力学演習・実験(再履修)	butsuri,kikai,energy
081091	機械創成工学実習 I(機械1,2組)	kikai,monodukuri
081092	機械創成工学実習 I(機械3,4組)	kikai,monodukuri
081093	計算機とプログラミング	joho
081097	数値解析基礎(1組)	sugaku,joho
081098	数値解析基礎(2組)	sugaku,joho
081099	材料量子力学 I(1組)	butsuri,monodukuri
081100	材料量子力学 I(2組)	butsuri,monodukuri
081101	材料力学 I(1組)	butsuri,monodukuri
081102	材料力学 I(2組)	butsuri,monodukuri
081103	熱力学 I(1組)	butsuri,kagaku,energy
081104	熱力学 I(2組)	butsuri,kagaku,energy
081105	輸送現象論 I(1組)	butsuri,energy
081106	輸送現象論 I(2組)	butsuri,energy
081107	電気電子工学 I(1組)	butsuri,kikai
081108	電気電子工学 I(2組)	butsuri,kikai
081109	材料量子力学 II(1組)	butsuri,monodukuri
081110	材料量子力学 II(2組)	butsuri,monodukuri
081111	材料力学 II(1組)	butsuri,kikai,monodukuri
081112	材料力学 II(2組)	butsuri,kikai,monodukuri
081113	熱力学 II(1組)	butsuri,kagaku,monodukuri
081114	熱力学 II(2組)	butsuri,kagaku,monodukuri
081115	輸送現象論 II(1組)	butsuri,kikai
081116	輸送現象論 II(2組)	butsuri,kikai
081117	電気電子工学 II(1組)	butsuri,kikai
081118	電気電子工学 II(2組)	butsuri,kikai
081119	基礎材料科学 I(1組)	butsuri,kagaku
081120	基礎材料科学 I(2組)	butsuri,kagaku
081121	基礎材料科学 II(1組)	butsuri,kagaku,monodukuri
081122	基礎材料科学 II(2組)	butsuri,kagaku,monodukuri
081123	生産情報基礎学 I(1組)	joho,kikai,monodukuri
081124	生産情報基礎学 I(2組)	joho,kikai,monodukuri
081125	生産情報基礎学 II(1組)	joho,kikai,monodukuri
081126	生産情報基礎学 II(2組)	joho,kikai,monodukuri
081182	応用数学 I	sugaku,butsuri,kikai
081186	応用数学 II	sugaku,butsuri,kikai
081212	機械設計基礎	kikai,monodukuri
081239	材料強度学	butsuri,kikai,monodukuri
081246	設計工学	keizai,kikai,monodukuri
081247	生産工学	rekishi,kikai,monodukuri
081250	制御系設計論	sugaku,kikai
081256	統計力学	sugaku,butsuri
081298	設計製図学	kikai,monodukuri
081301	インターンシップ(マテ)	kikai,monodukuri
081313	プロセシング材料学	butsuri,kagaku,monodukuri
081324	信頼性工学	shakai,sugaku,tokei,monodukuri
081335	インターンシップ(生産)	kikai,monodukuri
081336	生産科学特別講義	kikai,monodukuri
081337	弾性学	butsuri,kikai
081338	量子力学	butsuri,kikai
081339	機械創成工学実習 III(1,2組)	joho,kikai,monodukuri
081342	機械創成工学実習 II（1,2組）	kikai,monodukuri
081344	数値解析	sugaku,butsuri,joho,kikai
081345	機械創成工学実習 II（3,4組）	kikai,monodukuri
081346	制御工学	sugaku,kikai
081350	流体力学	sugaku,butsuri,kikai
081351	熱工学 I	butsuri,kikai,energy
081355	材料プロセス工学 I	kagaku,kankyo,monodukuri,energy
081356	材料プロセス工学 II	butsuri,monodukuri
081357	結晶物理学 I	butsuri,kagaku
081358	材料の強さ I	butsuri,kikai,monodukuri
081359	溶接工学	kikai,monodukuri
081360	先端・融合材料学 I	butsuri,kikai
081361	生産機器工学 I	butsuri,kikai,monodukuri
081362	エネルギー加工学 I	butsuri,kikai,monodukuri
081363	接合プロセス工学 I	kikai,monodukuri
081364	接合プロセス工学 III	kagaku,kikai,monodukuri
081365	機能化プロセス工学 I	butsuri,kagaku,monodukuri
081366	生産情報工学 I	sugaku,joho,monodukuri
081367	構造化メカニクス I	butsuri,kikai,monodukuri
081368	構造化デザイン工学 I	kikai,monodukuri
081369	生産システム工学 I	joho,kikai,monodukuri
081370	エネルギー加工学 II	butsuri,kikai,monodukuri
081371	構造化メカニクス II	butsuri,kikai,monodukuri
081373	機能化プロセス工学 II	butsuri,kagaku,monodukuri
081374	固体物性論 I	butsuri,kagaku
081376	生産科学実験	kikai,monodukuri
081380	数学解析演習	sugaku,kikai
081381	熱力学演習	butsuri,kagaku
081384	加工学序説	kikai,monodukuri
081385	材料物理化学 I	butsuri,kagaku,monodukuri
081386	マテリアル科学実験	butsuri,kagaku,monodukuri
081388	材料物理化学 II	kagaku,kikai,energy
081389	先端・融合材料学 II	butsuri,kagaku,kikai
081390	材料プロセス工学 IV	kagaku,kankyo,monodukuri,energy
081391	固体物性論演習	butsuri,kagaku
081393	生産創成工学	joho,monodukuri
081395	固体物性論 II	butsuri,kagaku
081396	先端・融合材料学 III	butsuri,kagaku
081397	接合プロセス工学 II	kikai,monodukuri
081399	生産機器工学 II	joho,kikai,monodukuri
081400	機械創成工学実習 III(3,4組)	joho,kikai,monodukuri
081401	計測とデータ処理	sugaku,tokei,butsuri,kikai
081403	結晶物理学 III	butsuri,kagaku,monodukuri
081404	材料プロセス工学 III	butsuri,kagaku,monodukuri
081406	生産システム工学 II	shakai,sugaku,monodukuri
081407	生産情報工学 II	sugaku,kikai,monodukuri
081409	熱工学 II	butsuri,kikai,energy
081410	結晶物理学 II	butsuri,kikai,monodukuri
081411	構造化デザイン工学 II	kikai,monodukuri
081412	材料の強さ II	butsuri,kikai,monodukuri
081413	マテリアル創成工学	butsuri,kagaku,monodukuri
081414	ものづくり自主研修 I	kikai,monodukuri
081415	ものづくり自主研修 II	kikai,monodukuri
081418	インターンシップ（機械）	kikai,monodukuri
081419	塑性学	butsuri,kikai,monodukuri
081420	統計熱力学	sugaku,butsuri,kagaku
081421	機械工学実験 I(1.2組)	butsuri,kikai
081422	機械工学実験 I(3.4組)	butsuri,kikai
081423	機械工学実験 II(1.2組)	butsuri,kikai
081424	機械工学実験 II(3.4組)	butsuri,kikai
081425	工学英語基礎Ⅰ(マテ)	kotoba
081426	工学英語基礎Ⅰ(生産)	kotoba
081427	工学英語基礎Ⅱ(マテ)	kotoba
081428	工学英語基礎Ⅱ(生産)	kotoba
081429	輸送現象論演習	butsuri,kikai
081430	メカトロニクス基礎	joho,kikai
081432	連続体力学基礎	sugaku,butsuri,kikai
081433	制御工学演習・実験（1,2組）	sugaku,kikai
081434	制御工学演習・実験（3,4組）	sugaku,kikai
081435	マテリアル科学創成ゼミナール	shakai,kagaku,monodukuri
081436	半導体生産工学	shakai,joho,ai,kikai,monodukuri
081437	材料力学 3	butsuri,kikai,monodukuri
081438	機械力学 3	sugaku,butsuri,kikai
081439	流れ学 3	butsuri,kikai
081440	熱力学 3	butsuri,kikai,energy
081442	材料力学 1	butsuri,kikai,monodukuri
081443	材料力学 2	butsuri,kikai,monodukuri
081444	機械力学 1	sugaku,butsuri,kikai
081445	機械力学 2	sugaku,butsuri,kikai
081446	流れ学 1	butsuri,kikai
081447	流れ学 2	butsuri,kikai
081448	熱力学 1	butsuri,kikai,energy
081449	熱力学 2	butsuri,kankyo,kikai,energy
081452	応用解析学	sugaku,butsuri
081454	加工学序説	kikai,monodukuri
082020	卒業研究（電気）	kikai
082021	卒業研究（電子）	kikai
082022	卒業研究（通信）	joho,kikai
082023	卒業研究（情報システム）	joho
082031	産業社会と工学倫理（電気）	tetsugaku,shakai,kikai
082032	産業社会と工学倫理（電子）	tetsugaku,shakai,kikai
082035	情報社会と工学倫理	tetsugaku,shakai,seiji,joho
082075	電磁理論 IB（A組）	butsuri,kikai
082076	電磁理論 IB（B組）	butsuri,kikai
082077	電磁理論 IA（A組）	butsuri,kikai
082078	電磁理論 IA（B組）	butsuri,kikai
082080	電磁理論 IIA	butsuri,kikai
082082	電磁気学II	butsuri,kikai
082087	電磁理論 IIB	butsuri,kikai
082095	量子論基礎（A組）	butsuri,kikai
082096	量子論基礎（B組）	sugaku,butsuri,kikai
082103	量子力学	butsuri,kagaku
082105	物性論 I（A組）	butsuri,kikai
082106	物性論 I（B組）	butsuri,kikai
082110	物性論 II	butsuri,kikai
082115	電子回路の基礎 I	butsuri,kikai
082116	計測基礎	tokei,butsuri,kikai
082118	光波エレクトロニクス	butsuri,joho,kikai
082120	回路とシステム（電気）	sugaku,kikai
082123	回路とシステム（情報）	sugaku,kikai
082125	電気電子回路演習（A組）	sugaku,kikai
082127	電気電子回路演習（B組）	kikai
082137	電磁気学基礎	sugaku,butsuri,kikai
082138	電子回路の基礎 II	butsuri,kikai
082139	アナログ電子回路（電気）	kikai
082142	アナログ電子回路（情報）	kikai
082145	制御工学 I（A組）	sugaku,kikai
082146	制御工学 I（B組）	sugaku,kikai
082150	制御工学 II	sugaku,kikai
082155	情報通信基礎 I	sugaku,joho,kikai
082156	情報通信数学 I	sugaku,tokei,joho
082175	数値解析	sugaku,joho
082183	物性論演習	butsuri,kikai
082185	確率統計（A組）	sugaku,tokei
082186	確率統計（B組）	sugaku,tokei
082190	情報社会と職業	shakai,keizai,joho
082192	電力工学 I	seiji,kankyo,kikai,energy
082193	電力工学 II	kikai,energy
082194	電気機器	kikai,energy
082195	パワーエレクトロニクス	kikai,energy
082198	電気法規	seiji,kikai,energy
082199	電気機械設計製図	joho,kikai,monodukuri
082201	量子エレクトロニクス	butsuri,kikai
082202	プラズマ応用工学	butsuri,kikai,energy
082203	半導体工学 I	butsuri,kikai
082205	半導体工学 II	butsuri,kikai
082210	信号とシステム	sugaku,joho,kikai
082211	分子電子材料	butsuri,kagaku,kikai,energy
082223	電磁波工学	butsuri,kikai
082226	通信ネットワーク工学	sugaku,joho,kikai
082229	ディジタル信号処理	sugaku,joho,kikai
082231	コンパイラ	joho
082232	情報通信数学 II	sugaku,joho
082233	システムプログラム	joho
082235	知識工学	joho,ai
082236	人間情報工学	shinri,nou,joho,ai
082242	データベース工学	tokei,joho
082243	ディジタル電子回路	butsuri,joho,kikai
082245	システム線形代数	sugaku
082256	数理計画法	sugaku,tokei,joho,ai
082257	ディジタル画像処理	joho,ai
082259	ナノ物性計測	butsuri,kagaku,kikai
082260	電気絶縁工学	butsuri,kikai,energy
082261	集積回路工学	butsuri,joho,kikai,monodukuri
082295	量子力学演習（A組）	butsuri
082296	量子力学演習（B組）	butsuri
082301	電子情報工学創成実験（電気電子）	kikai,monodukuri,energy
082302	電子情報工学創成実験（情報通信）	joho,ai
082306	電子情報工学序論	joho,kikai
082307	プラズマ基礎論	butsuri,uchu,energy
082310	電磁気学Ｉ	butsuri,kikai
082311	計算物理基礎学	sugaku,butsuri,joho
082314	情報通信基礎 II	joho,kikai
082315	通信方式	sugaku,tokei,joho,kikai
082316	光量子ビーム基礎論	butsuri
082322	先進セキュリティPBL	sugaku,joho
082323	セキュリティPBL特論 I	sugaku,joho
082324	コンピュータシステムＩ（A組）	joho,kikai
082325	コンピュータシステムＩ（B組）	joho,kikai
082326	コンピュータシステムII（A組）	joho,kikai
082327	コンピュータシステムII（B組）	joho,kikai
082328	情報理論	sugaku,tokei,joho
082329	コンピュータサイエンスとプログラミングI（Ａ組）	sugaku,joho
082330	コンピュータサイエンスとプログラミングI（Ｂ組）	sugaku,joho
082331	コンピュータサイエンスとプログラミング　II（Ａ組）	sugaku,joho
082332	コンピュータサイエンスとプログラミング　II（Ｂ組）	joho
082333	電気電子回路基礎論I	butsuri,kikai
082334	電気電子回路基礎論II	sugaku,kikai
082335	プログラミング技法Ｉ	joho
082338	情報システムネットワーク及び演習	tokei,joho
082340	数学解析演習（A組）	sugaku
082342	数学解析演習（B組）	sugaku
082343	数学解析演習（C組）	sugaku
082344	光波工学	butsuri,kikai
082345	符号理論	sugaku,joho
082347	情報システム工学演習Ｉ	joho
082348	プログラミング技法II	joho
082349	情報システム工学演習II	joho
082352	セキュリティ基礎論 I	sugaku,joho
082353	セキュリティ基礎論II	shakai,joho,ai
082354	機械学習とデータ処理及び演習	tokei,joho,ai
082355	量子コンピューティング及び演習	sugaku,butsuri,joho
082356	ソフトウエア工学及び演習	joho
082357	電気物理学A（１～２組）	butsuri,kikai
082358	電気物理学B（３～４組）	butsuri,kikai
082359	電気物理学A（３～４組）	butsuri,kikai
082360	電気物理学B（１～２組）	butsuri,kikai
082362	イノベーションデザイン	shakai,keizai
082371	通信工学数学演習	sugaku,joho
082372	電気電子工学専門実験 A	butsuri,kikai
082373	電気電子工学専門実験 A	butsuri,kikai
082374	電気電子工学専門実験 B	butsuri,kikai
082375	電気電子工学専門実験 B	butsuri,kikai
082376	情報通信工学専門実験 A	joho,kikai
082377	情報通信工学専門実験 A	joho,kikai
082378	情報通信工学専門実験 B	joho,kikai
082379	情報通信工学専門実験 B	joho,kikai
082380	電子情報工学英語ゼミナール	kotoba,joho,kikai
082381	量子情報エレクトロニクス基礎	keizai,butsuri,kikai
082382	半導体デジタル産業序論	shakai,keizai,joho,kikai
082383	セキュリティPBL	joho
082384	セキュリティPBL II	joho
083009	工学倫理(船舶・建築)	tetsugaku,shakai,monodukuri
083030	流体力学	butsuri,kankyo,monodukuri
083031	水理学 I 及び演習	butsuri,kankyo,monodukuri
083032	水理学 II 及び演習	shakai,butsuri,kankyo
083035	土質力学 I 及び演習	butsuri,kankyo,monodukuri
083037	土質力学 II 及び演習	butsuri,kankyo,monodukuri
083043	測量学	kankyo,joho,monodukuri
083044	測量学実習	kankyo,monodukuri
083046	建築設計第一部	geijutsu,monodukuri
083047	建築設計第二部	geijutsu,monodukuri
083048	建築設計第三部	geijutsu,monodukuri
083049	建築設計第四部	geijutsu,monodukuri
083069	卒業研究(船舶)	kankyo,kikai,monodukuri
083070	卒業研究(社基)	shakai,monodukuri
083071	卒業研究(建築)	monodukuri
083073	浮体静力学	butsuri,kikai,monodukuri
083092	数学解析 III	sugaku,butsuri
083095	舶用機関通論	kikai,energy
083105	船体推進学	butsuri,kikai,monodukuri
083106	海中機器工学	butsuri,kankyo,kikai,energy
083109	船舶海洋基礎演習 I	sugaku,butsuri,kikai
083110	船舶海洋基礎演習 II	sugaku,butsuri,kikai
083112	運動制御学	sugaku,butsuri,kikai
083117	工場実習	kikai,monodukuri
083119	海事政策論	shakai,seiji,kankyo
083120	工程管理論	keizai,monodukuri
083122	連続体力学	sugaku,butsuri,monodukuri
083124	構造動力学	butsuri,kankyo,monodukuri
083148	数値計算法	sugaku,butsuri,joho
083150	建築総合デザイン	geijutsu,monodukuri
083153	建築構造力学Ａ	butsuri,monodukuri
083154	建築構造力学演習Ａ	butsuri,monodukuri
083155	都市計画	rekishi,shakai,seiji,monodukuri
083160	建築鉄筋コンクリート構造学演習	butsuri,monodukuri
083161	建築鋼構造学第一部	rekishi,butsuri,monodukuri
083162	建築鋼構造学演習	butsuri,monodukuri
083164	建築空気環境	butsuri,iryo,kankyo,monodukuri
083165	建築熱環境	butsuri,kankyo,monodukuri
083166	建築光環境	shinri,butsuri,monodukuri
083167	建築音環境	shinri,butsuri,monodukuri
083168	建築計画基礎	bunka,shinri,monodukuri
083169	居住環境計画	shakai,monodukuri
083170	建築計画各論	rekishi,geijutsu,bunka,monodukuri
083171	建築人間工学・地域施設計画	shakai,shinri,monodukuri
083172	建築史第一部	rekishi,shukyo,bunka,monodukuri
083173	建築史第二部	rekishi,shukyo,bunka,kokusai,monodukuri
083175	建築設計第五部	monodukuri
083176	建築振動工学第一部	butsuri,kankyo,monodukuri
083177	建築振動工学第二部	butsuri,kankyo,monodukuri
083181	建築環境工学演習第一部	butsuri,kankyo,monodukuri
083182	建築環境工学演習第二部	butsuri,monodukuri
083188	造形実習	geijutsu,monodukuri
083210	工学倫理(社基)	tetsugaku,shakai,monodukuri
083213	計画学基礎	shakai,tokei,monodukuri
083214	計画システム学	shakai,keizai,sugaku,kankyo
083216	地球環境学概論	shakai,kankyo,monodukuri
083219	コンクリート構造学	butsuri,monodukuri
083220	地球総合工学概論 I	shakai,kankyo,monodukuri
083221	地盤・基礎設計学	butsuri,kankyo,monodukuri
083224	河川流域工学	shakai,kankyo,monodukuri
083227	道路交通システム計画	monodukuri
083228	交通まちづくり学	rekishi,shakai,seiji,monodukuri
083229	ウォーターフロント工学	shakai,kankyo,monodukuri
083230	船舶海洋設計製図	joho,kikai,monodukuri
083231	社会基盤マネジメント	shakai,seiji,keizai,monodukuri
083232	建築構造力学演習 B	butsuri,monodukuri
083233	建築構造力学 B	sugaku,butsuri,monodukuri
083234	地球総合工学概論 II	shakai,kankyo,kikai,monodukuri
083235	環境水理学	butsuri,ikimono,kankyo
083236	応用地質学	kankyo,monodukuri
083238	水管理工学	shakai,kankyo,monodukuri,energy
083240	社会基盤工学ゼミナール	shakai,butsuri,monodukuri
083241	公共交通システム計画	shakai,monodukuri
083242	沿岸域の防災工学	shakai,tokei,butsuri,kankyo
083244	社会基盤工学実習	shakai,monodukuri
083259	建築鉄筋コンクリート構造学第一部	butsuri,monodukuri
083260	建築鉄筋コンクリート構造学第二部	butsuri,monodukuri
083261	建築鋼構造学第二部	butsuri,monodukuri
083262	建築基礎工学	butsuri,kankyo,monodukuri
083263	数値解析	sugaku,joho,kikai
083265	建築材料学	butsuri,kankyo,monodukuri
083268	構造材料学	butsuri,kagaku,monodukuri
083269	社会基盤材料学実験	butsuri,kankyo,monodukuri
083270	建築構造学実験	butsuri,monodukuri
083271	建築生産・施工学	shakai,keizai,kankyo,monodukuri
083272	建築法規	shakai,seiji,monodukuri
083273	材料力学 I	butsuri,monodukuri
083274	材料力学 II	butsuri,monodukuri
083277	流体力学 I	sugaku,butsuri,kikai
083278	流体力学 II	sugaku,butsuri,kikai
083280	アセットマネジメント	shakai,keizai,tokei,monodukuri
083281	流体力学	butsuri,kankyo,monodukuri
083284	船舶復原論	butsuri,kikai,monodukuri
083286	船舶海洋設計学及び演習	butsuri,kikai,monodukuri
083288	建築設備学	kankyo,kikai,monodukuri,energy
083289	地盤調査・施工学	kankyo,monodukuri
083290	社会基盤工学実験	shakai,butsuri,monodukuri
083291	鋼構造学	butsuri,monodukuri
083293	材料力学 III	butsuri,monodukuri
083294	材料力学 IV	butsuri,monodukuri
083295	流体力学 III	sugaku,butsuri,kikai
083296	流体力学 IV	sugaku,butsuri,kikai
083297	船舶工学序論	rekishi,bunka,kikai,monodukuri
083298	海洋工学序論	kankyo,kikai,monodukuri
083299	力学演習	sugaku,butsuri
083300	数学演習	sugaku
083301	構造力学 I 及び演習	butsuri,monodukuri
083302	構造力学 II 及び演習	butsuri,monodukuri
083303	建築構造力学基礎	butsuri,monodukuri
083304	建築構造力学基礎演習	butsuri,monodukuri
083305	船舶海洋工学研究序説	kikai,monodukuri
083306	洋上風車工学概論	kankyo,kikai,monodukuri,energy
083307	先進海事システム設計論	joho,ai,kikai,monodukuri
083309	気象学	butsuri,kankyo
084010	総合科目 I	shakai,kikai,monodukuri
084011	卒業研究（環・エネ）	kankyo,energy
084020	総合科目 II	sugaku,butsuri,joho
084030	総合科目 III	shakai,kyoiku
084051	総合科目 V	shakai,seiji,keizai,kokusai
084091	職業指導Ａ	shakai,shinri,kyoiku
084092	職業指導Ｂ	shakai,shinri,kyoiku,ai
084100	数学解析 I(電気電子)	sugaku
084101	数学解析 I(マテ生)	sugaku
084102	数学解析 I(応化)	sugaku
084104	数学解析 I(環エネ)	sugaku
084105	数学解析 I(情報通信)	sugaku
084106	数学解析 I(機械)	sugaku
084107	数学解析 I(バイオ建築)	sugaku,butsuri
084108	数学解析 I(船舶社基)	sugaku,butsuri
084109	数学解析 I(応物)	sugaku,butsuri
084110	数学解析 II(電気電子)	sugaku
084111	数学解析 II(マテ生)	sugaku
084112	数学解析 II(応化)	sugaku
084114	数学解析 II(環エネ)	sugaku
084115	数学解析 II(情報通信)	sugaku
084116	数学解析 II(機械)	sugaku
084117	数学解析 II(バイオ建築)	sugaku
084118	数学解析 II(船舶社基)	sugaku
084119	数学解析 II(応物)	sugaku
084120	数学解析 I(物工)	sugaku,butsuri
084121	数学解析 II(物工)	sugaku
084122	電気工学通論	kikai,energy
084123	学部生の理工系英語基礎海外演習（２年次秋学期以降の学生用）	kotoba,kokusai
084124	学部生の理工系英語基礎海外演習（２年次夏学期以前の学生用）	kotoba,kokusai
084125	総合科目 IV	shakai,keizai,monodukuri
084150	理科教育法Ⅴ	kyoiku
084155	理科教育法Ⅵ	kyoiku
084160	数学科教育法Ⅴ	kyoiku,sugaku
084165	数学科教育法Ⅵ	kyoiku,sugaku
084170	工業科教育法Ⅰ	kyoiku,monodukuri
084175	工業科教育法Ⅱ	kyoiku,monodukuri
084348	FrontierLab Mini 6(大政　健史）	
084353	FrontierLab Mini 8（藤山　和仁）	ikimono
084359	FrontierLab Mini 6(髙井　重昌)	joho,ai,kikai
085009	環境・エネルギー数理	sugaku,tokei,kankyo,joho,ai
085010	確率・統計	sugaku,tokei
085012	環境・エネルギー工学概論 I	shakai,kankyo,energy
085013	環境・エネルギー工学概論 II	shakai,kankyo,energy
085015	都市環境工学	shakai,kankyo,monodukuri,energy
085021	流体力学	butsuri,kankyo
085022	情報処理	joho
085027	科学技術英語 I（A組）_KOAN履修登録不可	kotoba
085029	量子線生物学	butsuri,ikimono,iryo
085034	気象・水文学	butsuri,kankyo
085041	量子ビーム工学	butsuri,iryo,kikai
085060	環境設計情報学	kankyo,joho,monodukuri
085061	科学技術英語 I（B組）_KOAN履修登録不可	kotoba
085062	科学技術英語 II（A組）_KOAN履修登録不可	kotoba,kokusai
085069	量子力学	sugaku,butsuri
085072	構造・材料力学	butsuri,monodukuri
085079	水環境工学	kagaku,kankyo
085084	自然・社会生態システム学	shakai,keizai,ikimono,kankyo,energy
085094	都市・建築エネルギーシステム	kankyo,monodukuri,energy
085095	特別講義 I	butsuri,kagaku,iryo,energy
085096	特別講義 II	shakai,kankyo
085101	放射線計測学	butsuri,iryo,energy
085102	物理数学	sugaku,butsuri
085103	放射線化学	butsuri,kagaku,kankyo
085105	科学技術英語 II（B組）_KOAN履修登録不可	kotoba,kokusai
085106	環境・エネルギー工学演習・実験Ｉ	kankyo,energy
085107	環境・エネルギー工学演習・実験ＩＩ	kankyo,energy
085108	都市・環境デザイン概論	shakai,kankyo,monodukuri
085109	熱力学概論	butsuri,energy
085110	熱統計力学	butsuri
085112	物理化学	butsuri,kagaku,kankyo,energy
085113	環境科学	kagaku,ikimono,kankyo
085114	環境システム工学	shakai,keizai,kankyo
085115	基礎光学	butsuri,iryo,kikai
085116	量子エネルギー基礎論Ｉ	butsuri,energy
085117	量子エネルギー基礎論ＩＩ	butsuri,energy
085118	エネルギー材料工学	butsuri,kagaku,energy
085119	回路理論基礎	butsuri,kikai
085120	伝熱学	butsuri,kikai
085121	空間情報学Ｉ	kankyo,joho
085122	空間情報学ＩＩ	kankyo,joho
085123	基礎化学	butsuri,kagaku,kankyo,energy
085124	放射線物理学	shakai,butsuri,iryo
085125	地球温暖化問題概論	shakai,seiji,keizai,kankyo,energy
085126	環境評価学	keizai,tokei,kankyo
085127	都市計画学	shakai,seiji,monodukuri
085128	環境デザイン学	kankyo,monodukuri
085129	環境化学工学	kagaku,ikimono,kankyo,energy
085130	都市エネルギーシステム学	monodukuri,energy
085131	基礎生態学	shakai,ikimono,kankyo
085132	資源材料循環工学	kagaku,kankyo,monodukuri
085134	原子力エネルギー工学	butsuri,energy
085135	計測制御工学	butsuri,kikai,energy
085136	電子回路	butsuri,kikai
085137	量子化学	butsuri,kagaku
085138	材料熱力学	butsuri,kagaku,monodukuri
085139	環境工学演習・実験 I	kankyo
085140	エネルギー量子工学演習・実験 I	butsuri,energy
085141	環境・エネルギー政策学基礎	shakai,seiji,kokusai,kankyo,energy
085142	リスク解析学基礎	kagaku,ikimono,iryo,kankyo
085143	環境動態学	tokei,kankyo
085144	固体物理 I	butsuri
085145	固体物理 II	butsuri
085146	無機化学	kagaku
085147	応用光学	butsuri,kankyo,kikai
085148	分析化学	kagaku
085149	界面化学	butsuri,kagaku
085151	金属材料プロセス学	kagaku,kankyo,monodukuri
085153	セラミック材料プロセス学	kagaku,monodukuri,energy
085154	環境工学演習・実験 II	kankyo
085155	エネルギー量子工学演習・実験 II	energy
085156	基礎材料科学 III	kagaku,iryo,monodukuri,energy
085157	基礎電磁気学	sugaku,butsuri
085158	数学解析演習 II-A	sugaku,butsuri
085159	数学解析演習 II-B	sugaku,butsuri
085160	応用電磁気学	butsuri,kikai,energy
085161	核融合工学概論	butsuri,energy
085162	原子力工学概論	butsuri,energy
085163	無機化学 3	kagaku
085164	有機化学 4	kagaku
085165	生化学 1	kagaku,ikimono
085166	計算化学・構造解析演習 1	butsuri,kagaku
085167	計算化学・構造解析演習 2	kagaku,joho
085168	有機化学演習 2	kagaku
085169	物理化学 5	butsuri,kagaku
085170	生体材料化学	kagaku,ikimono,iryo
085171	有機材料化学	kagaku,monodukuri
085172	触媒化学 1	kagaku
085173	触媒化学 2	kagaku
085174	物理化学演習 2	butsuri,kagaku
085175	無機化学 4	kagaku,monodukuri
085176	生化学 2	kagaku,ikimono
085177	計画と管理	sugaku,kikai,monodukuri
085178	グローバルエンジニアリング	kotoba,kokusai
085179	マテリアル科学特別講義	butsuri,kagaku,monodukuri
085180	抵抗推進学	butsuri,kikai,monodukuri
085181	海洋学	butsuri,kankyo
085182	船体運動力学 I	butsuri,kikai,monodukuri
085183	船体運動力学 II	butsuri,kikai,monodukuri
085184	構造力学 I	butsuri,kikai,monodukuri
085185	構造力学 II	butsuri,kikai,monodukuri
085186	水波理論	butsuri,kankyo
085187	流体構造連成学	butsuri,kikai,monodukuri
085188	船舶海洋工学実験 I	butsuri,kikai,monodukuri
085189	船舶海洋工学実験 II	butsuri,kikai,monodukuri
085190	振動工学 I	sugaku,butsuri,kikai
085191	振動工学 II	sugaku,butsuri,kikai
085192	弾性学	sugaku,butsuri,monodukuri
085193	溶接施工法	kikai,monodukuri
085194	溶接力学	butsuri,kikai,monodukuri
085195	ランダム海洋現象学	tokei,butsuri,kankyo
085196	構造荷重論	butsuri,kikai,monodukuri
085197	材料強度学	butsuri,kikai,monodukuri
085198	基礎構造解析学	butsuri,monodukuri
085199	構造信頼性工学	sugaku,tokei,monodukuri
085200	海事専門英語論	kotoba,kokusai
085201	海事専門英語実践	kotoba,kokusai
085202	数値構造解析	sugaku,joho,monodukuri
085203	数値流体解析	sugaku,butsuri,joho
085204	海中工学	kankyo,kikai
085206	生産情報基礎学 III（マテ生1）	joho,monodukuri
085207	生産情報基礎学 III（マテ生2）	joho,monodukuri
085208	都市経済学	shakai,keizai
085211	工学倫理（環エネ）	tetsugaku,shakai,kankyo,energy
090002	エレクトロニクス	butsuri,kikai
090003	オペレーティングシステム	joho
090004	コンピュータ基礎	joho
090005	コンピュータ基礎演習	joho
090006	アナログ電子回路 II	butsuri,kikai
090007	回路理論 V	sugaku,joho,kikai
090008	回路理論 VI	butsuri,kikai
090011	コンピュータ工学演習	media,joho
090012	コンピュータ工学基礎演習	sugaku,joho
090013	システム科学序説	ikimono,joho,kikai
090031	システム最適化	keizai,sugaku
090036	セラミックス物性	butsuri,kagaku,kikai
090043	ソフトウェア構成論	joho
090046	データベース	tokei,joho
090047	データ構造とアルゴリズム	sugaku,joho
090054	プログラム設計	joho
090060	ロボット工学	joho,kikai
090062	安全工学	shakai
090067	宇宙工学	butsuri,uchu,kikai
090068	応用数理Ａ	sugaku,tokei
090069	応用数理Ｂ	sugaku,butsuri
090070	応用数理Ｃ	sugaku,butsuri
090071	応用数理Ｄ	sugaku,joho
090074	化学応用科学序説	kagaku
090075	化学工学演習Ⅰ	sugaku,kagaku,joho
090079	化学工学概論	kagaku,monodukuri
090080	化学工学基礎	butsuri,kagaku,energy
090084	化学工学実験	kagaku,energy
090085	化学工学実験Ｉ	tokei,kagaku
090086	化学工学実験Ⅱ	butsuri,kagaku
090087	化学工学実験Ⅲ	kagaku
090088	化学工学実験Ⅳ	kagaku
090089	化学工学特論	kagaku
090091	化学反応論	butsuri,kagaku
090094	解析力学	sugaku,butsuri
090095	解析力学	sugaku,butsuri
090097	回路理論 III	sugaku,kikai
090098	回路理論 IV	sugaku,kikai
090102	基礎数理Ａ	sugaku
090103	基礎数理Ｂ	sugaku
090104	基礎数理Ｃ	sugaku
090105	基礎数理Ｄ	sugaku
090106	基礎数理演習Ａ	sugaku,joho
090107	基礎数理演習Ｂ	sugaku
090108	基礎数理演習Ｃ	sugaku,joho
090109	アナログ電子回路 I	butsuri,kikai
090111	基礎電磁気学Ａ	sugaku,butsuri
090121	機械構造計画演習	butsuri,kikai,monodukuri
090129	機能材料工学	butsuri,kagaku,monodukuri
090134	計算機アーキテクチャ	joho,kikai
090135	計算機援用工学Ａ	sugaku,joho
090136	計算機援用工学Ｂ	tokei,joho,ai
090142	計算機言語	joho
090144	計算力学	sugaku,butsuri,joho,kikai
090149	計測工学	sugaku,tokei
090151	言語処理工学Ａ	joho
090156	固体電子論Ａ	butsuri
090157	固体電子論Ｂ	butsuri
090162	高分子化学Ａ	kagaku
090163	高分子化学Ｂ	kagaku
090165	合成化学実験	kagaku
090167	材料強度学	butsuri,kikai,monodukuri
090172	社会数理Ａ	shakai,keizai,sugaku,tokei
090173	社会数理Ｂ	keizai,sugaku,tokei
090174	情報ネットワーク	joho
090175	情報科学ゼミナールＡ	kotoba,joho
090179	情報科学演習Ｃ	joho
090180	情報科学演習Ｄ	joho
090182	情報科学基礎	joho
090183	情報科学実験Ａ	joho,kikai
090184	情報科学実験Ｂ	joho,kikai,monodukuri
090185	情報科学実験Ｃ	joho,kikai
090186	情報科学序説	sugaku,tokei,joho
090187	情報解析Ａ	sugaku,joho
090188	情報解析Ｂ	sugaku,joho
090206	情報処理演習	joho
090208	情報数学基礎	sugaku,joho
090210	情報論Ｂ	joho,kikai
090211	情報論理学	sugaku,joho
090220	数学Ａ	sugaku,butsuri
090223	数学Ｂ	sugaku
090226	数学Ｃ	sugaku,butsuri
090229	数学Ｄ	sugaku
090232	数値解析	sugaku,butsuri,joho
090241	数理実験Ａ	sugaku,joho
090242	数理実験Ｂ	sugaku,joho
090250	生物化学工学	kagaku,ikimono
090258	生物工学実験Ｂ	tokei,ikimono
090259	生物工学実験Ｃ	ikimono,monodukuri
090260	生物工学特別演習	ikimono
090261	生物工学特論Ａ	tokei,ikimono,iryo,joho
090262	生物工学特論Ｂ	ikimono,nou,iryo
090263	生物工学特論Ｃ	tokei,ikimono,nou,joho
090264	生物工学特論Ｄ	ikimono,nou
090267	生物情報論	shinri,nou,joho
090270	設計工学	kikai,monodukuri
090271	先端化学演習	kagaku
090274	知識工学	joho,ai
090275	超伝導物理	butsuri
090277	低温物理工学	butsuri
090286	電気工学特別講義	seiji,joho,kikai,monodukuri,energy
090301	電子物理科学序説Ｂ	butsuri,kikai
090309	統計数学Ａ	sugaku,tokei
090310	統計数学Ｂ	sugaku,tokei
090313	統計物理学I	sugaku,butsuri
090314	統計物理学Ⅱ	butsuri
090316	特別研究（エレ）	kikai
090318	熱工学Ａ	butsuri,kikai,energy
090319	熱工学Ｂ	butsuri,kikai
090320	半導体物理Ａ	butsuri,kikai
090321	半導体物理Ｂ	butsuri,kikai
090323	反応工学Ｂ	kagaku,kankyo
090325	物質構造論Ａ	butsuri,kagaku,kikai
090326	物質構造論Ｂ	butsuri
090331	物理化学Ａ	butsuri,kagaku
090332	物理化学Ｂ	butsuri,kagaku
090334	物理化学Ｃ	butsuri,kagaku
090336	物理化学Ｄ	butsuri,kagaku,energy
090341	物理化学Ⅱ-１	butsuri,kagaku
090342	物理化学Ⅱ-２	butsuri,kagaku
090344	物理化学Ⅲ-２	kagaku,kankyo,energy
090345	物理化学Ⅲ-３	butsuri,kagaku
090346	物理化学実験	butsuri,kagaku
090349	分析化学	butsuri,kagaku
090350	分離工学Ａ	kagaku
090351	分離工学Ｂ	kagaku
090354	防災特論	shakai,kagaku,kikai
090355	無機・分析化学実験	kagaku
090356	無機化学Ａ	kagaku
090357	無機化学Ｂ	kagaku
090358	無機工業化学	kagaku,monodukuri,energy
090359	有機化学Ａ	kagaku
090360	有機化学Ｂ	kagaku
090363	有機化学Ⅰ	kagaku
090366	有機化学実験法	kagaku
090367	有機工業化学	kagaku,iryo,shoku,energy
090372	量子力学Ａ	sugaku,butsuri
090373	量子力学Ｂ	butsuri
090375	論理設計	joho,kikai
090377	情報処理入門	sugaku,tokei,joho
090389	統計的推測	sugaku,tokei
090391	生体計測学	shinri,ikimono,nou,iryo,kikai
090403	応用電磁気学	sugaku,butsuri
090409	基礎工学ＰＢＬ（エレクトロニクス）	joho,kikai
090410	基礎工学ＰＢＬ（物性物理工学）	butsuri
090411	基礎工学ＰＢＬ（化学研究入門）	kagaku
090415	基礎工学ＰＢＬ（生物工学）	ikimono
090417	基礎工学ＰＢＬ（数理科学）	sugaku,tokei,joho
090418	基礎数理演習Ｄ	sugaku
090419	基礎物性演習Ⅰ	sugaku,butsuri
090420	基礎物性演習Ⅱ	sugaku,butsuri
090421	基礎物性演習Ⅲ	sugaku,butsuri
090424	計算物理工学	sugaku,butsuri,joho
090429	磁気物理工学	butsuri
090431	システム数学基礎	sugaku,joho,kikai
090434	情報数理ゼミナールＡ	sugaku
090435	情報数理ゼミナールＢ	sugaku
090438	数学解析	sugaku
090440	数値計算	sugaku,joho
090443	先端科学技術セミナー（物性物理工学の最前線）	butsuri,kagaku
090446	光物理学基礎	butsuri,kikai
090447	光物理学特論	butsuri
090448	物理数学	sugaku,butsuri
090452	物理化学	butsuri,kagaku
090453	物理化学I	butsuri,kagaku
090456	プロセス熱力学	butsuri,kagaku,kankyo,energy
090462	基礎工学ＰＢＬ（情報工学Ａ）	shakai,joho
090463	基礎工学ＰＢＬ（情報工学Ｂ）	joho
090464	情報技術者と社会	tetsugaku,shakai,joho
090465	電子回路	joho,kikai
090466	ディジタル回路	joho,kikai
090467	プログラミングＡ	joho
090468	プログラミングＢ	joho
090469	プログラミングＣ	joho
090470	プログラミングＤ	joho
090471	情報数理Ａ	sugaku,tokei
090472	情報数理Ｂ	tokei,joho,ai
090473	計算数理Ａ	sugaku,tokei,joho
090474	計算数理Ｂ	sugaku,tokei,joho,ai
090482	エレクトロニクス実験Ａ	joho,kikai
090483	エレクトロニクス実験Ｂ	butsuri,kikai
090489	生物基礎物理学	butsuri,ikimono
090493	数理力学演習	sugaku,butsuri,kikai
090495	材料力学演習	butsuri,kikai,monodukuri
090496	機械力学演習	sugaku,butsuri,kikai
090497	熱工学演習	butsuri,kikai,energy
090498	流体工学演習	butsuri,kikai
090501	量子情報科学	butsuri,joho
090508	コンピュータ数学	sugaku,joho
090509	システム制御基礎	sugaku,kikai
090510	コンピュータ工学	joho,kikai
090512	有機化学Ⅲ	kotoba,kagaku
090513	有機化学Ⅳ	kagaku,ikimono
090517	システム制御	sugaku,kikai
090518	制御システム設計論	kikai,monodukuri
090519	計画数理工学	sugaku,joho
090520	離散最適化	sugaku,joho
090528	情報科学ゼミナールＢ	kotoba,joho
090531	技術経営学	seiji,keizai,monodukuri
090536	原子物理・前期量子論	butsuri
090537	物理化学Ⅲ－１	butsuri,kagaku
090538	化学工学演習Ⅱ	butsuri,kagaku
090539	化学工学演習Ⅲ	kagaku,monodukuri
090540	化学工学演習Ⅳ	butsuri,kagaku
090542	反応工学Ａ	kagaku,monodukuri
090543	化学工学プログラミング	sugaku,kagaku,joho
090544	移動現象Ａ	butsuri,kagaku,kankyo,energy
090545	物理化学Ｅ	butsuri,kagaku
090546	プロセス工学	kagaku,kikai,monodukuri
090547	基礎工学ＰＢＬ（知能システム学）	joho,kikai
090549	知能システム学実験Ａ	joho,kikai
090550	知能システム学実験Ｂ	joho,kikai
090554	ヒューマン・コンピュータ・インタラクション	shinri,media,joho
090555	移動現象Ｂ	butsuri,kagaku
090556	触媒化学	kagaku,kankyo,energy
090557	科学技術英語	kotoba
090565	科学技術論B1	rekishi,tetsugaku,shakai,gender,kokusai
090566	科学技術論B2	tetsugaku,shakai,keizai,kankyo,ai
090567	科学技術英語	kotoba
090568	デジタル電子回路 I	joho,kikai
090569	デジタル電子回路 II	joho,kikai
090570	情報理論 I	sugaku,joho
090571	情報理論 II	sugaku,joho
090572	電磁気学 I	butsuri
090573	電磁気学 II	butsuri
090574	電磁気学 III	butsuri
090575	電磁気学 IV	sugaku,butsuri
090576	光エレクトロニクス I	butsuri,kikai
090577	光エレクトロニクス II	butsuri,joho,kikai
090578	量子物理学 I	butsuri
090579	量子物理学 II	butsuri
090580	量子物理学 III	butsuri
090581	統計力学基礎 I	butsuri
090582	統計力学基礎 II	butsuri
090583	固体物理 I	butsuri,kikai
090584	固体物理 II	butsuri,kikai
090585	固体物理 III	butsuri,kikai
090586	固体物理 IV	butsuri
090587	通信工学 I	joho,kikai
090588	通信工学 II	joho,kikai
090589	電磁気学 V	butsuri,kikai
090590	電磁気学 VI	butsuri,kikai
090591	電子材料 I	butsuri
090592	電子材料 II	butsuri
090593	電子デバイス	butsuri,kikai
090594	エレクトロニクス論文輪講	kikai
090595	有機化学Ⅱ－１	kagaku
090596	有機化学Ⅱ－２	kagaku
090598	英語学術論文講読	kotoba,kagaku
090599	無機化学1	kagaku
090600	無機化学2	kagaku
090601	化学工学英語	kotoba,kagaku
090602	材料力学Ａ	butsuri,kikai,monodukuri
090603	機械力学Ａ	sugaku,butsuri,kikai
090604	流体工学Ａ	butsuri,kikai
090605	情報科学	joho
090606	流体工学Ｂ	butsuri,kikai
090607	連続体力学	sugaku,butsuri
090608	流体機械学	butsuri,kikai,energy
090609	熱機械学	butsuri,kikai,energy
090610	統計力学	butsuri
090611	材料力学Ｂ	butsuri,kikai,monodukuri
090612	弾塑性力学	butsuri,kikai
090613	機械材料学	butsuri,kikai,monodukuri
090614	情報科学演習	joho
090615	数値解析演習	sugaku,joho,kikai
090616	機械加工学	kikai,monodukuri
090617	生産工学	keizai,kikai,monodukuri
090618	生体工学Ａ	ikimono,iryo,sports,kikai
090619	生体工学Ｂ	butsuri,ikimono,kikai
090622	基礎工学ＰＢＬ(機械科学)	kikai
090623	機械科学セミナー	kotoba,sugaku
090624	特別研究I	joho,kikai
090625	特別研究II	joho,kikai
090626	インテリジェント制御	joho,kikai
090627	音響メディア	kotoba,media,joho
090628	電気回路	sugaku,kikai
090629	センサ工学	joho,kikai
090630	情報理論	sugaku,joho
090631	情報ネットワーク	shakai,joho
090632	人工知能基礎論	joho,ai
090633	ロボット工学	joho,kikai
090634	画像処理論	joho,ai,kikai
090635	ヒューマンインタフェース工学	shinri,joho,kikai,monodukuri
090636	機械学習	tokei,joho,ai
090637	知能システム学ゼミナール	kotoba,joho
090639	細胞工学	ikimono
090641	計算理論	sugaku,joho
090642	情報科学特論Ａ	shakai,kankyo,joho,energy
090644	電子回路	kikai
090645	基礎工学のための量子物理学 1	butsuri,joho
090646	基礎工学のための量子物理学 2	butsuri,joho
090647	基礎工学のための化学 1	butsuri,kagaku
090648	基礎工学のための化学 2	butsuri,kagaku
090650	基礎工学のための知能システム学	shinri,joho,kikai
090651	基礎工学のための生命科学	butsuri,ikimono,nou
090652	基礎工学のためのｻｲﾊﾞﾈﾃｨｯｸｽ	sugaku,ikimono,kikai
090653	基礎工学のための情報学 1	joho,kikai
090654	基礎工学のための情報学 2	joho
090655	基礎工学のための数理	sugaku,tokei,ai
090658	数学科教育法Ⅲ	kyoiku,sugaku
090659	数学科教育法Ⅳ	kyoiku,sugaku
090660	機械力学Ｂ	butsuri,kikai,monodukuri
090661	知能システム学特論	joho,ai,kikai
090662	電子物理科学序説Ａ	butsuri,kikai
090663	回路理論 I	kikai
090664	回路理論 II	kikai
090666	情報科教育法Ⅱ	kyoiku,joho
090670	統計数理概論A	kotoba,tokei,ai
090671	統計数理概論B	tokei,ai
090672	計画数学	keizai,sugaku,tokei,ai
090673	データ科学	tokei,joho,ai
090674	数理概論Ａ	kotoba,sugaku
090675	数理概論Ｂ	kotoba,sugaku
090676	特別研究Ａ	
090677	特別研究Ｂ	butsuri
090678	国際性涵養演習	kokusai,butsuri
090682	応用物性演習Ⅰ	butsuri
090683	応用物性演習Ⅱ	butsuri
090684	応用物性演習Ⅲ	butsuri
090686	科学技術コミュニケーション	kotoba
090690	表面物性工学	butsuri,kikai
090692	機械科学総合演習	kikai
090693	機械科学実験	butsuri,kikai
090696	制御理論Ａ	sugaku,kikai
090697	制御理論Ｂ	sugaku,kikai
090698	基礎工学ＰＢＬ(化学工学Ａ)	kagaku,kankyo,energy
090699	基礎工学ＰＢＬ(化学工学Ｂ)	kagaku,kankyo,energy
090700	機械学習の数理	sugaku,tokei,joho,ai
090701	物性実験１	butsuri
090702	物性実験２	butsuri
090703	情報論Ａ	sugaku,tokei,joho,ai
090704	Chemical Engineering Science 1	kagaku,monodukuri
090705	Chemical Engineering Science 2	kagaku,iryo,shoku
090706	Chemical Engineering Science 3	rekishi,kagaku,kankyo,energy
090715	ライフサイエンス演習	ikimono
090716	生物基礎物理学演習	butsuri,ikimono,nou
090717	ブレインゲノム工学演習	ikimono,nou,joho
090718	システム制御工学演習	sugaku,tokei,ikimono
090719	複雑系数理科学演習	sugaku,ikimono
090720	知覚認知解析演習	shinri,nou,joho
090721	ニューロサイエンス演習	nou
090722	サイバネティクス	sugaku,kikai
090723	生体システム論	sugaku,ikimono,iryo,kikai
090724	ブレインサイエンス入門	shinri,ikimono,nou
090725	ニューロフィジオロジー	ikimono,nou
090726	ニューロサイエンス	ikimono,nou
090727	分子細胞生物学	ikimono
090728	ライフサイエンス	ikimono
090729	生体情報論	tokei,ikimono
090730	実世界データサイエンス	tokei,iryo,joho,ai
090731	複雑系数理科学	shakai,keizai,sugaku,butsuri,ikimono
090732	ブレインゲノム工学	ikimono,nou
090735	力学	butsuri
090738	システム力学	sugaku,butsuri,kikai
090748	基礎工学のための光物理学	butsuri
090749	基礎工学のための応用力学	sugaku,butsuri
090750	Frontier Engineering Science 1	kotoba,kokusai,butsuri,kagaku,ikimono
090751	Frontier Engineering Science 2	kotoba,kokusai,kagaku,shoku
099001	数学Ａ	sugaku
099002	数学Ａ	sugaku
099003	数学Ａ	sugaku
099004	数学Ｂ	sugaku
099007	数学Ｃ	sugaku
099008	数学Ｃ	sugaku
099009	数学Ｄ	sugaku,joho
099011	特別研究（合成）	kagaku
099012	特別研究（化工）	kagaku
099013	特別研究（機械）	kikai
099015	特別研究（生物）	ikimono
099016	特別研究（計ソ）	joho
099017	特別研究（数理）	sugaku,joho
099019	応用数理Ｃ	sugaku
099020	応用数理Ｄ	sugaku,joho
099022	電子物理科学序説Ｂ	butsuri,kikai
099023	基礎電磁気学Ａ	butsuri
099024	情報科学基礎	joho
099025	プログラミングＡ	joho
099029	基礎電磁気学Ｂ	butsuri,kikai
099031	物理化学	butsuri,kagaku
099043	数学Ｂ	sugaku
099044	電子物理科学序説Ａ	butsuri,kikai
099115	移動現象Ａ（再履　拡散伝熱）	butsuri,kagaku
099116	移動現象Ｂ（再履　流動）	butsuri,kagaku,kankyo,energy
099117	物性実験１*	butsuri
099118	物性実験２*	butsuri
099980	基礎工学研修 1	kokusai
099981	基礎工学研修 2	kokusai
099982	基礎工学研修 3	kokusai
099983	基礎工学研修 4	kokusai
099984	基礎工学研修 5	kokusai
099985	基礎工学研修 6	kokusai
099986	基礎工学研修 7	kokusai
099987	基礎工学研修 8	kokusai
099988	基礎工学研修 9	kokusai
099989	基礎工学研修 10	kokusai
099992	基礎工学研修 11	kokusai
099993	基礎工学研修 12	kokusai
099994	基礎工学研修 13	kokusai
099995	基礎工学研修 14	kokusai
099996	基礎工学研修 15	kokusai
099997	基礎工学研修 16	
142001	医療科学概論	rekishi,shakai,shinri,iryo
142030	基礎看護学実習	iryo
142083	公衆衛生学概論	shakai,seiji,keizai,tokei,iryo
142146	臨床医学概論	iryo
142156	生命工学実習	ikimono
142166	臨床血液学	ikimono,iryo
142175	医動物学	ikimono,iryo
142226	保健統計学	shakai,tokei,iryo
142244	関係法規	seiji,iryo
142245	生体分析学	kagaku,ikimono,iryo
142246	放射線安全管理学	seiji,butsuri,kagaku,ikimono,iryo
142247	放射線生物学	butsuri,ikimono,iryo
142253	生体機能学	ikimono,iryo
142254	医療社会学	shakai,keizai,iryo
142257	画像解剖学	ikimono,iryo
142258	画像解剖学実習	ikimono,iryo
142260	画像医学 I	butsuri,iryo
142261	画像医学 II	iryo
142262	核医学	butsuri,iryo
142263	放射線腫瘍学 I	iryo
142264	放射線腫瘍学 II	butsuri,iryo
142269	放射線治療物理学	butsuri,iryo,kikai
142270	医用機器工学 I	butsuri,iryo,kikai
142271	医用機器工学 II	butsuri,iryo,kikai
142274	医用機器工学実験 I	butsuri,iryo,kikai
142275	医用機器工学実験 II	iryo,kikai
142277	核磁気共鳴学	butsuri,iryo
142278	生命科学実習	ikimono,iryo
142280	看護学概説	shakai,shinri,iryo
142282	臨地実習 I	iryo
142283	臨地実習 II	iryo
142285	検査技術科学序説	ikimono,iryo
142286	生体形態学	ikimono,iryo
142287	微生物学	ikimono,iryo
142288	検査情報解析学	tokei,iryo
142289	検査情報解析学実習	tokei,iryo
142294	臨床免疫学実習	ikimono,iryo
142306	臨床血液学実習	ikimono,iryo
142307	臨床微生物学	ikimono,iryo
142310	臨地実習	iryo
142319	画像情報学実習	iryo,joho
142321	画像情報学	iryo,joho,ai
142322	疫学	shakai,tokei,iryo
142327	検査システム管理学	shakai,iryo
142329	解剖学	ikimono,iryo
142331	生理学II	iryo
142332	生化学	kagaku,ikimono,iryo
142341	養護概説	kyoiku,iryo
142344	看護学概論	rekishi,seiji,kyoiku,iryo
142352	母性看護対象論	shakai,gender,kokusai,iryo
142361	小児看護援助論演習	iryo
142370	老年看護援助論演習	shakai,iryo
142372	社会福祉・社会保障論	shakai,seiji,keizai,iryo
142373	保健福祉・看護行政論	shakai,seiji,iryo
142376	看護研究方法論演習	iryo
142381	小児看護学実習	iryo
142382	母性看護学実習	gender,iryo
142383	精神看護学実習	shinri,iryo
142398	特別研究	
142405	実践情報活用論	tokei,joho
142411	医用工学実習	iryo,kikai
142415	臨床生理学実習	ikimono,nou,iryo
142419	放射性同位元素技術学	butsuri,iryo
142421	医用工学Ⅰ	butsuri,iryo,kikai
142422	画像工学	butsuri,iryo,joho
142423	医用工学実験	iryo,kikai
142424	生体機能分析学	ikimono,iryo
142426	画像工学実験	butsuri,iryo,joho
142427	医用工学II	butsuri,iryo,kikai
142430	画像医学III	iryo
142431	放射薬品化学	butsuri,kagaku,iryo
142432	医用光学	butsuri,iryo
142434	特別研究	
142438	放射線検査概論	butsuri,iryo
142452	学校保健学	shakai,kyoiku,gender,kokusai,iryo
142453	家族看護論	shakai,iryo
142455	放射線物理学	butsuri,iryo
142457	統合看護実習Ⅱ	iryo
142458	成人看護学実習Ⅰ	iryo
142464	社会医学	shakai,iryo,kankyo
142465	社会医学実習	shakai,kokusai,tokei,iryo,kankyo
142477	予防看護学実習	shakai,iryo
142480	臨床医学最前線	iryo
142481	ライフサイエンス・医療の倫理	tetsugaku,shakai,seiji,ikimono,iryo
142482	基礎医学I	iryo
142483	基礎医学II	iryo
142484	基礎動物実験学	ikimono,iryo
142485	生命工学	ikimono,iryo
142487	看護の統合と実践Ⅰ	shakai,kokusai,iryo
142488	看護の統合と実践Ⅱ	iryo
142491	微生物医動物学実習	ikimono,iryo
142492	医療安全管理学	iryo
142493	医薬品開発総論	seiji,keizai,iryo
142494	防災・災害医療と情報管理	shakai,iryo,joho
142496	生理学	ikimono,iryo
142497	臨床栄養学	iryo,shoku
142498	病理学	ikimono,iryo
142499	薬理作用と臨床適用	kagaku,iryo
142500	基礎看護技術	iryo
142501	基礎看護技術演習Ⅰ	iryo
142502	小児保健医療学	iryo
142503	基礎看護技術演習Ⅱ	iryo
142504	基礎看護技術演習Ⅲ	iryo
142505	地域・在宅看護援助論Ⅰ	shakai,iryo
142506	小児看護対象論Ⅰ	shakai,shinri,iryo
142507	小児看護対象論Ⅱ	shakai,iryo
142508	母性保健医療学	gender,iryo
142509	成人・老年看護対象論Ⅰ	shinri,iryo
142510	成人・老年看護対象論Ⅱ	shakai,shinri,iryo
142511	成人・老年保健医療学Ⅰ	iryo
142512	成人・老年保健医療学Ⅱ	iryo
142513	成人・老年看護対象論Ⅲ	shakai,shinri,iryo
142514	精神看護対象論	rekishi,shakai,shinri,iryo
142515	小児看護援助論	iryo
142516	母性看護援助論	gender,iryo
142517	地域・在宅保健対象論	shakai,shinri,iryo
142518	精神保健医療学	shinri,iryo
142519	精神看護援助論	shinri,iryo
142520	成人・老年看護援助論Ⅰ	iryo
142521	成人・老年看護援助論Ⅱ	iryo
142522	成人・老年看護援助論Ⅲ	shakai,iryo
142523	地域・在宅保健医療学	shakai,seiji,keizai,iryo
142524	看護研究方法論	iryo
142525	地域・在宅看護援助論Ⅱ	shakai,seiji,iryo
142526	成人・老年看護学実習Ⅰ	iryo
142527	成人・老年看護学実習Ⅱ	iryo
142528	地域・在宅看護学実習	shakai,iryo
142529	実践看護実習	shakai,iryo
142530	放射線科学序論	rekishi,butsuri,iryo
142531	実践放射線診断学	iryo
142532	放射線管理学実習	butsuri,kagaku,iryo
142533	診療画像技術学実習	iryo
142534	臨地実習	iryo
142535	生体形態学実習	ikimono,iryo
142536	医用工学	iryo,kikai
142537	臨床化学Ⅰ	kagaku,ikimono,iryo
142538	臨床検査総論実習	iryo
142539	臨床薬理学	kagaku,iryo,shoku
142540	病理組織細胞学Ⅰ	ikimono,iryo
142541	臨床免疫学Ⅰ	ikimono,iryo
142542	臨床免疫学Ⅱ	ikimono,iryo
142543	臨床化学Ⅱ	kagaku,iryo
142544	臨床化学実習	kagaku,iryo
142545	臨床生理学Ⅰ	ikimono,nou,iryo
142546	臨床生理学Ⅱ	ikimono,iryo
142547	病理組織細胞学Ⅱ	ikimono,iryo
142548	移植免疫学	ikimono,iryo
142549	生命工学実習	ikimono
142550	実践血液学	ikimono,iryo
142551	実践輸血免疫学	ikimono,iryo
142552	特別研究	
142553	臨床病理学	kotoba,iryo
142554	臨床医学特別実習	iryo
142555	臨地実習	iryo
142556	統合看護実習Ⅰ	iryo
149989	病理組織細胞学実習	ikimono,iryo
149991	放射線計測学	butsuri,iryo
149992	臨床検査総論	iryo
S12383	精神看護学実習（再履修用）	shinri,iryo
S12454	老年看護学実習（再履修用）	iryo
S22030	基礎看護学実習（再履修用）	iryo
S22382	母性看護学実習（再履修用）	gender,iryo
S22384	母性看護学実習（再履修用）	gender,iryo
S22398	特別研究（再履修用）	
S22457	統合看護実習Ⅱ（再履修用）	iryo
S22477	予防看護学実習（再履修用）	shakai,iryo
S22478	看護の統合と実践Ⅰ（再履修用）	shakai,kokusai,iryo
100003	中国語1(A)（豊中開講）	kotoba,bunka
100004	中国語1(B)（豊中開講）	kotoba
100005	中国語2(A)（豊中開講）	kotoba,bunka
100006	中国語2(B)（豊中開講）	kotoba,bunka
100007	中国語3(A)（豊中開講）	kotoba,bunka
100008	中国語3(B)（豊中開講）	kotoba,bunka
100009	中国語4(A)（豊中開講）	kotoba,bunka
100010	中国語4(B)（豊中開講）	kotoba,bunka
100011	中国語5(A)（豊中開講）	kotoba,bunka
100012	中国語5(B)（豊中開講）	kotoba
100013	中国語11(A)	kotoba,bunka
100014	中国語11(B)	kotoba,bunka
100015	中国語12(A)	kotoba,bunka,shakai
100016	中国語12(B)	kotoba,bunka,shakai
100017	中国語13(A)	kotoba
100018	中国語13(B)	kotoba
100019	中国語14	kotoba,bunka
100020	中国語15	kotoba
100021	中国語16	kotoba
100022	中国語17	kotoba
100023	中国語18	kotoba
100024	中国語19	kotoba
100025	中国語Ia(A)	kotoba
100026	中国語Ia(B)	kotoba
100027	中国語Ib(A)	kotoba
100028	中国語Ib(B)	kotoba
100029	中国語IIa(A)	kotoba
100030	中国語IIa(B)	kotoba
100031	中国語IIb(A)	kotoba
100032	中国語IIb(B)	kotoba
100033	中国語IIIa	kotoba
100034	中国語IIIb	kotoba
100035	中国語IVa	kotoba,rekishi,bunka,kyoiku
100036	中国語IVb	kotoba,rekishi,bunka,kyoiku
100037	中国語Va	kotoba
100038	中国語Vb	kotoba
100039	中国語VIIa	kotoba,geijutsu,media
100040	中国語VIIb	kotoba,geijutsu,media
100041	中国語VIIIa	kotoba,bungaku,rekishi
100042	中国語VIIIb	kotoba,bungaku,rekishi
100043	中国語IXa	kotoba,bunka,shakai,media
100044	中国語IXb	kotoba,bunka,shakai,media
100045	中国語Xb	kotoba,geijutsu,media
100046	中国語XIIa	kotoba,bunka,shakai
100047	中国語XIIb	kotoba,bunka,shakai
100048	中国語XIV	kotoba
100049	【専攻科目】東アジア言語文化概論	kotoba,bungaku,geijutsu,bunka,shoku
100050	【専攻科目】中国研究概論	kotoba,bungaku,rekishi,bunka
100051	【専攻科目】中国語学講義Ia	kotoba
100052	【専攻科目】中国語学講義Ib	bungaku,tetsugaku,bunka,shakai,kokusai
100053	【専攻科目】中国語学講義IIa	kotoba
100054	【専攻科目】中国語学講義IIb	kotoba
100055	【専攻科目】中国文学講義Ia	rekishi,geijutsu,bunka,shakai,media
100056	【専攻科目】中国文学講義Ib	bungaku,rekishi,bunka,kyoiku
100057	【専攻科目】地域秩序論a	bungaku,rekishi,geijutsu,bunka,media
100058	【専攻科目】地域秩序論b	bungaku,rekishi,bunka,kyoiku,media
100060	中国語Ib(C)	kotoba
100061	【専攻科目】中国語学演習Ia	rekishi,bunka,seiji,kokusai
100062	【専攻科目】中国語学演習Ib	rekishi,bunka,seiji,kokusai
100065	【専攻科目】中国語学演習IIIa	kotoba,rekishi
100066	【専攻科目】中国語学演習IIIb	kotoba,rekishi
100067	【専攻科目】中国社会演習a	bunka,shakai,kokusai
100068	【専攻科目】中国社会演習b	bunka,shakai,kokusai
100069	中国語IIa(C)	kotoba
100070	中国語IIb(C)	kotoba
100071	【専攻科目】中国語学特別演習Ia	kotoba
100072	【専攻科目】中国語学特別演習Ib	kotoba
100073	【専攻科目】中国語学特別演習IIa	kotoba
100074	【専攻科目】中国語学特別演習IIb	kotoba
100075	【専攻科目】中国文学特別演習Ia	rekishi,geijutsu,bunka,media
100076	【専攻科目】中国文学特別演習Ib	rekishi,geijutsu,bunka,media
100077	【専攻科目】中国文学特別演習IIa	bungaku,bunka
100078	【専攻科目】中国文学特別演習IIb	bungaku,bunka
100079	＜兼修＞中国語中級a(A)	kotoba
100080	＜兼修＞中国語中級a(B)	kotoba
100081	＜兼修＞中国語中級a(C)	kotoba
100082	＜兼修（高度）＞中国語中級b(A)	kotoba
100083	＜兼修（高度）＞中国語中級b(B)	kotoba
100084	＜兼修（高度）＞中国語中級b(C)	kotoba,bunka
100087	＜兼修＞中国語初級a(A)	kotoba,bunka
100088	＜兼修＞中国語初級a(B)（豊中開講）	kotoba,iryo
100089	＜兼修＞中国語初級a(C)	kotoba
100090	＜兼修＞中国語初級a(D)	kotoba
100091	＜兼修＞中国語初級b(A)	kotoba,bunka
100092	＜兼修＞中国語初級b(B)（豊中開講）	kotoba,iryo
100093	＜兼修＞中国語初級b(C)	kotoba
100094	＜兼修＞中国語初級b(D)	kotoba,bunka
100095	中国語XIa	kotoba,bungaku,kyoiku
100096	中国語XIb	kotoba,bungaku,kyoiku
100097	【専攻科目】中国語学特別演習IIIa	kotoba,rekishi
100098	【専攻科目】中国語学特別演習IIIb	kotoba,rekishi
100099	中国語VIa	kotoba
100105	＜兼修＞中国語中級a(D)	kotoba,bunka
100106	＜兼修（高度）＞中国語中級b(D)	kotoba,bunka
100107	朝鮮語1（豊中開講）	kotoba
100108	朝鮮語2（豊中開講）	kotoba
100109	朝鮮語3（豊中開講）	kotoba
100110	朝鮮語4（豊中開講）	kotoba
100111	朝鮮語5（豊中開講）	kotoba
100112	朝鮮語11	kotoba
100113	朝鮮語12	kotoba,rekishi
100114	朝鮮語13	kotoba,bunka,shakai,seiji
100115	朝鮮語14	kotoba
100116	朝鮮語15	kotoba
100117	朝鮮語Ia	kotoba
100118	朝鮮語Ib	kotoba,bunka,shakai,media
100119	朝鮮語IIa	kotoba,bunka,shakai,seiji,keizai
100120	朝鮮語IIb	kotoba,bunka,shakai,media
100121	朝鮮語IIIa	kotoba
100122	朝鮮語IIIb	kotoba
100123	朝鮮語IVa	bunka,shakai,media,gender
100124	朝鮮語IVb	bunka,shakai,seiji
100125	【専攻科目】朝鮮社会文化概論	rekishi,shakai,seiji,kokusai
100126	【専攻科目】朝鮮言語文化概論	kotoba
100127	【専攻科目】朝鮮語学講義a	kotoba,rekishi
100128	【専攻科目】朝鮮語学講義b	kotoba,rekishi
100129	【専攻科目】朝鮮文学講義a	bungaku,rekishi,bunka
100130	【専攻科目】朝鮮文化講義a	rekishi,seiji,kokusai
100131	【専攻科目】朝鮮文化講義b	rekishi,geijutsu,shakai,seiji,media
100132	【専攻科目】朝鮮語学演習Ia	kotoba
100133	【専攻科目】朝鮮語学演習Ib	kotoba
100134	【専攻科目】朝鮮語学演習IIa	kotoba,rekishi
100135	【専攻科目】朝鮮語学演習IIb	kotoba,rekishi
100136	【専攻科目】朝鮮語学演習IIIa	kotoba
100137	【専攻科目】朝鮮語学演習IIIb	kotoba
100138	【専攻科目】朝鮮語学演習IV	kotoba,rekishi
100139	【専攻科目】朝鮮文学演習a	bungaku,bunka
100140	【専攻科目】朝鮮文学演習b	bungaku
100141	【専攻科目】朝鮮文化演習Ia	bunka,shakai,media
100142	【専攻科目】朝鮮文化演習Ib	bunka,shakai,media
100144	【専攻科目】朝鮮文化演習IIb	kotoba,rekishi
100145	【専攻科目】朝鮮文化演習IIIa	rekishi,tetsugaku,shakai,seiji
100147	【専攻科目】朝鮮文化演習IVa	rekishi,shukyo,bunka
100148	【専攻科目】朝鮮文化演習VIa	rekishi,bunka,shakai
100149	【専攻科目】朝鮮文化演習VIb	rekishi,bunka,shakai
100150	＜兼修＞朝鮮語中級・会話a(A)	kotoba
100151	＜兼修＞朝鮮語中級・会話a(B)	kotoba,bunka
100152	＜兼修（高度）＞朝鮮語中級・会話b(A)	kotoba
100153	＜兼修（高度）＞朝鮮語中級・会話b(B)	kotoba,bunka
100154	＜兼修＞朝鮮語中級・講読文法a(A)	kotoba
100155	＜兼修＞朝鮮語中級・講読文法a(B)	kotoba
100156	＜兼修（高度）＞朝鮮語中級・講読文法b(A)	kotoba
100157	＜兼修（高度）＞朝鮮語中級・講読文法b(B)	kotoba
100158	＜兼修（高度）＞朝鮮語上級a	kotoba,bunka
100159	＜兼修（高度）＞朝鮮語上級b	kotoba,bunka
100160	＜兼修＞朝鮮語初級a(A)（豊中開講）	kotoba
100161	＜兼修＞朝鮮語初級a(B)	kotoba
100162	＜兼修＞朝鮮語初級a(C)	kotoba
100163	＜兼修＞朝鮮語初級a(D)	kotoba
100164	＜兼修＞朝鮮語初級a(E)	kotoba
100165	＜兼修＞朝鮮語初級a(F)	kotoba,bunka
100166	＜兼修＞朝鮮語初級b(B)	kotoba
100167	＜兼修＞朝鮮語初級b(E)	kotoba
100168	＜兼修＞朝鮮語初級b(F)	kotoba,bunka
100169	＜兼修＞朝鮮語初級b(C)	kotoba
100170	＜兼修＞朝鮮語初級b(D)	kotoba
100171	＜兼修＞朝鮮語初級b(A)（豊中開講）	kotoba
100172	【専攻科目】朝鮮文学講義b	bungaku,rekishi,bunka,shakai
100173	【専攻科目】朝鮮文化演習Vb	rekishi,seiji,keizai,kokusai
100174	＜兼修＞中国語初級a(E)	kotoba
100175	アイヌ語	kotoba,bunka
100176	【専攻科目】朝鮮文化演習Va	rekishi,seiji,keizai,kokusai
100177	カザフ語a	kotoba
100178	カザフ語b	kotoba
100179	モンゴル語1（豊中開講）	kotoba
100180	モンゴル語2（豊中開講）	kotoba
100181	モンゴル語3（豊中開講）	kotoba,bunka
100182	モンゴル語4（豊中開講）	kotoba
100183	モンゴル語5（豊中開講）	kotoba
100184	モンゴル語11	kotoba
100185	モンゴル語12	kotoba,rekishi,tokei
100186	モンゴル語13	kotoba,media
100187	モンゴル語14	kotoba,bunka
100188	モンゴル語15	kotoba,bunka
100189	モンゴル語Ia	kotoba
100190	モンゴル語Ib	kotoba
100191	モンゴル語IIa	kotoba,bungaku,bunka
100192	モンゴル語IIb	kotoba,bungaku,bunka
100193	モンゴル語IIIa	kotoba,bunka,shakai
100194	モンゴル語IIIb	kotoba,bunka,shakai
100195	モンゴル語IVa	kotoba,bunka,shakai,seiji,media
100196	モンゴル語IVb	kotoba,bunka,shakai,seiji,media
100197	＜兼修＞中国語初級b(E)	kotoba
100198	【専攻科目】モンゴル語学講義Ia	kotoba,bungaku,rekishi,bunka
100199	【専攻科目】モンゴル語学講義Ib	kotoba,bungaku,rekishi,bunka
100200	【専攻科目】モンゴル語学講義IIa	kotoba,shakai,media,joho,ai
100201	【専攻科目】モンゴル語学講義IIb	kotoba,shakai,seiji,keizai
100202	【専攻科目】モンゴル語学講義IIIa	kotoba,rekishi,bunka
100203	【専攻科目】モンゴル語学講義IIIb	kotoba
100204	【専攻科目】モンゴル文学講義Ia	kotoba,shukyo,shakai,media,gender
100205	【専攻科目】モンゴル文学講義Ib	bungaku,bunka
100206	【専攻科目】モンゴル社会文化講義Ia	rekishi,bunka,shakai,gender,shoku
100207	【専攻科目】モンゴル社会文化講義Ib	rekishi,shakai,seiji,kyoiku,gender
100208	【専攻科目】モンゴル社会文化講義IIa	rekishi,bunka
100209	【専攻科目】モンゴル社会文化講義IIb	rekishi,bunka,seiji,kokusai
100210	【専攻科目】モンゴル社会文化講義IIIa	bunka,shakai,media,kankyo
100211	【専攻科目】モンゴル社会文化講義IIIb	shukyo,bunka,shakai,ikimono,kankyo
100212	【専攻科目】モンゴル社会文化講義IVa	bunka,shakai,seiji,media,gender
100213	【専攻科目】モンゴル社会文化講義IVb	shukyo,bunka,shakai,ikimono,kankyo
100214	【専攻科目】モンゴル語学演習Ia	kotoba,bungaku,rekishi
100215	【専攻科目】モンゴル語学演習Ib	kotoba,bungaku,rekishi
100216	【専攻科目】モンゴル語学演習IIa	kotoba,bungaku,bunka,shakai
100217	【専攻科目】モンゴル語学演習IIb	kotoba,bungaku,bunka,shakai
100218	【専攻科目】モンゴル文学演習Ia	kotoba,bungaku
100219	【専攻科目】モンゴル文学演習Ib	kotoba,bungaku
100220	【専攻科目】モンゴル文学演習IIa	kotoba,bungaku
100221	【専攻科目】モンゴル文学演習IIb	kotoba,bungaku
100222	【専攻科目】モンゴル社会文化演習Ia	kotoba
100223	【専攻科目】モンゴル社会文化演習Ib	kotoba
100224	【専攻科目】モンゴル社会文化演習IIa	bunka,ikimono,shoku,monodukuri
100225	【専攻科目】モンゴル社会文化演習IIb	bunka,ikimono,shoku,monodukuri
100226	インドネシア語1（豊中開講）	kotoba
100227	インドネシア語2（豊中開講）	kotoba
100228	インドネシア語3（豊中開講）	kotoba
100229	インドネシア語4（豊中開講）	kotoba
100230	インドネシア語5（豊中開講）	kotoba,bunka,shakai
100231	インドネシア語11	kotoba,shakai
100232	インドネシア語12	kotoba
100233	インドネシア語13	kotoba
100234	インドネシア語14	kotoba,bunka,shakai
100235	インドネシア語15	kotoba,rekishi,shakai
100236	インドネシア語Ia	kotoba,bunka,shakai
100237	インドネシア語Ib	kotoba,bunka,shakai
100238	インドネシア語IIa	kotoba
100239	インドネシア語IIb	kotoba,seiji,keizai
100240	インドネシア語IIIa	kotoba,media
100241	インドネシア語IIIb	kotoba,media
100242	インドネシア語IVa	kotoba,bunka,shakai,keizai,kankyo
100243	インドネシア語IVb	kotoba,bunka,shakai,kankyo
100244	【専攻科目】インドネシア語学講義Ia	kotoba,bunka,shakai,seiji
100245	【専攻科目】インドネシア語学講義Ib	kotoba
100246	【専攻科目】インドネシア語学講義IIa	kotoba
100247	【専攻科目】インドネシア語学講義IIb	kotoba
100248	【専攻科目】インドネシア文化講義Ia	kotoba,bungaku,rekishi,shukyo,bunka
100250	【専攻科目】インドネシア文化講義IIa	rekishi,bunka,shakai,kokusai
100251	【専攻科目】インドネシア文化講義IIb	rekishi,bunka,shakai,seiji,keizai
100252	【専攻科目】インドネシア文化講義IIIa	rekishi,shukyo,bunka,shakai,seiji
100253	【専攻科目】インドネシア文化講義IIIb	shukyo,bunka,shakai,seiji,kokusai
100254	【専攻科目】インドネシア文化講義IVa	bunka,shakai
100255	【専攻科目】インドネシア文化講義IVb	bunka,shakai
100256	【専攻科目】インドネシア語学演習Ia	kotoba,bunka,shakai
100257	【専攻科目】インドネシア語学演習Ib	kotoba,bunka,shakai
100264	【専攻科目】インドネシア文化演習IIa	rekishi,bunka,shakai
100265	【専攻科目】インドネシア文化演習IIb	rekishi,bunka,shakai
100266	【専攻科目】東南アジア社会文化演習IIa(B)	rekishi,bunka,seiji,keizai,kokusai
100268	【専攻科目】東南アジア社会文化演習IIb(B)	rekishi,bunka,shakai,seiji,kokusai
100271	フィリピン語1（豊中開講）	kotoba
100272	フィリピン語2（豊中開講）	kotoba,geijutsu,bunka,shoku
100273	フィリピン語3（豊中開講）	kotoba
100274	フィリピン語4（豊中開講）	kotoba,bunka,shakai
100275	フィリピン語5（豊中開講）	kotoba,bunka
100276	フィリピン語11	kotoba
100277	フィリピン語12	kotoba
100278	フィリピン語13	kotoba,rekishi,shakai,seiji
100279	フィリピン語14	kotoba,geijutsu,bunka,shoku
100280	フィリピン語15	kotoba
100281	フィリピン語Ia	kotoba,bungaku,shakai
100283	フィリピン語IIa	kotoba,bungaku
100284	フィリピン語IIb	kotoba
100286	フィリピン語IIIb	kotoba,shakai,media
100287	フィリピン語IVa	kotoba,shakai,media
100289	【専攻科目】フィリピン言語特別演習Ia	kotoba,bungaku,kyoiku
100290	【専攻科目】フィリピン言語特別演習Ib	kotoba,bungaku,kyoiku
100291	【専攻科目】フィリピン言語講義Ia	bunka,shakai,kokusai
100292	【専攻科目】フィリピン言語講義Ib	kotoba,bunka,shakai,kyoiku,kokusai
100297	【専攻科目】フィリピン言語演習b(B)	bunka,shakai
100299	【専攻科目】東南アジア社会文化演習IIa(F)	bungaku,rekishi,bunka
100300	【専攻科目】東南アジア社会文化演習I(B)	bunka,shakai
100301	【専攻科目】東南アジア社会文化演習IIb(E)	bunka,shakai
100302	【専攻科目】東南アジア社会文化演習IIa(C)	shukyo,bunka,shakai
100303	フィリピン語Va	kotoba,geijutsu,bunka,shoku
100304	【専攻科目】東南アジア社会文化演習IIb(F)	bungaku,rekishi,bunka
100305	フィリピン語Vb	kotoba,geijutsu,bunka,shoku
100308	【専攻科目】ベトナム社会演習a	kotoba,bunka,shakai
100309	【専攻科目】インドネシア文化演習Ia	bunka
100310	【専攻科目】インドネシア文化演習Ib	bunka
100311	【専攻科目】東南アジア社会文化演習IIb(L)	bunka,shakai,seiji,keizai,kokusai
100312	【専攻科目】オセアニア言語講義a	kotoba
100313	【専攻科目】オセアニア言語講義b	kotoba
100314	【専攻科目】フィリピン社会演習Ia	shakai
100315	【専攻科目】フィリピン社会演習Ib	shakai
100320	【専攻科目】ベトナム社会演習b	kotoba,bunka,shakai
100324	【専攻科目】フィリピン文学講義a	rekishi,bunka,shakai,media,gender
100325	【専攻科目】フィリピン文学講義b	shukyo,bunka,shakai,gender
100326	タイ語1（豊中開講）	kotoba
100327	タイ語2（豊中開講）	kotoba
100328	タイ語3（豊中開講）	kotoba
100329	タイ語4（豊中開講）	kotoba,bungaku
100330	タイ語5（豊中開講）	kotoba
100331	タイ語11	kotoba,media
100332	タイ語12	kotoba
100333	タイ語13	kotoba
100334	タイ語14	kotoba,bunka,shakai
100335	タイ語15	kotoba,seiji
100336	タイ語Ia	kotoba
100337	タイ語Ib	kotoba
100338	タイ語IIa	kotoba,bunka
100339	タイ語IIb	kotoba,bunka
100340	タイ語IIIa	kotoba,rekishi,shukyo,bunka
100341	タイ語IIIb	kotoba,rekishi,shukyo,bunka
100342	タイ語IVa	kotoba,bunka,shakai
100343	タイ語IVb	kotoba,bunka,shakai
100346	【専攻科目】タイ文化講義a	shukyo,bunka,shakai,gender
100347	【専攻科目】タイ文化講義b	bunka
100348	【専攻科目】タイ社会講義Ia	rekishi,shakai,seiji
100349	【専攻科目】タイ社会講義Ib	bunka,shakai,seiji
100353	【専攻科目】タイ語学演習a	kotoba
100354	【専攻科目】タイ語学演習b	kotoba
100355	【専攻科目】タイ文学演習a	bungaku,bunka
100356	【専攻科目】タイ文学演習b	bungaku,bunka
100357	【専攻科目】タイ文化演習a	shukyo,bunka
100358	【専攻科目】タイ文化演習b	shukyo,bunka
100359	【専攻科目】タイ社会演習a	rekishi,bunka,seiji
100360	【専攻科目】タイ社会演習b	rekishi,bunka,seiji
100362	【専攻科目】東南アジア社会文化演習IIb(I)	rekishi,shukyo,bunka
100363	【専攻科目】タイ文学講義a	bungaku,bunka
100364	【専攻科目】タイ文学講義b	bungaku,bunka
100365	【専攻科目】タイ社会講義IIa	shakai,keizai,kokusai
100366	【専攻科目】東南アジア社会文化概論	rekishi,bunka,seiji,iryo,kankyo
100367	【専攻科目】イスラーム世界概論	rekishi,shukyo,bunka,seiji,kokusai
100369	ベトナム語1（豊中開講）	kotoba
100370	ベトナム語2（豊中開講）	kotoba,bunka
100371	ベトナム語3（豊中開講）	kotoba
100372	ベトナム語4（豊中開講）	kotoba
100373	ベトナム語5（豊中開講）	kotoba,bungaku,bunka
100374	ベトナム語11	kotoba
100375	ベトナム語12	kotoba
100376	ベトナム語13	kotoba
100377	ベトナム語14	kotoba,bungaku,bunka
100378	ベトナム語15	kotoba
100379	ベトナム語Ia	kotoba,bunka
100380	ベトナム語Ib	kotoba,bunka,shakai
100381	ベトナム語IIa	kotoba,bunka
100382	ベトナム語IIb	kotoba,bunka
100383	ベトナム語IIIa	kotoba,bunka
100384	ベトナム語IIIb	kotoba,bunka
100385	ベトナム語IVa	bunka,shakai,kyoiku,kokusai
100386	ベトナム語IVb	bunka,shakai,kyoiku,kokusai
100387	ベトナム語Va(A)	kotoba
100388	ベトナム語Va(B)	kotoba
100389	ベトナム語Vb(A)	kotoba
100390	ベトナム語Vb(B)	kotoba
100391	【専攻科目】ベトナム語学講義a	kotoba,bunka
100392	【専攻科目】ベトナム語学講義b	kotoba,bunka
100393	【専攻科目】ベトナム文学講義a	bungaku,bunka
100394	【専攻科目】ベトナム文学講義b	bungaku,rekishi,bunka
100395	【専攻科目】ベトナム言語演習a	kotoba
100396	【専攻科目】ベトナム言語演習b	kotoba
100397	【専攻科目】ベトナム文学演習a	kotoba,bungaku
100398	【専攻科目】ベトナム文学演習b	kotoba,bungaku
100399	【専攻科目】東南アジア社会文化演習IIa(D)	bunka,shakai,kokusai
100400	【専攻科目】東南アジア社会文化演習IIb(D)	bunka,shakai,kyoiku,kokusai
100401	【専攻科目】ベトナム文化講義a	bunka
100402	【専攻科目】ベトナム文化講義b	bunka
100403	古典チベット語a	kotoba,rekishi,shukyo,bunka
100404	古典チベット語b	kotoba,rekishi,shukyo,bunka
100405	現代チベット語a	kotoba,rekishi,shukyo,bunka
100406	現代チベット語b	kotoba,rekishi,shukyo,bunka
100407	ビルマ語1（豊中開講）	kotoba
100408	ビルマ語2（豊中開講）	kotoba
100409	ビルマ語3（豊中開講）	kotoba
100410	ビルマ語4（豊中開講）	kotoba
100411	ビルマ語5（豊中開講）	kotoba,rekishi,bunka,shakai
100412	ビルマ語11	kotoba
100413	ビルマ語12	kotoba
100414	ビルマ語13	kotoba
100415	ビルマ語14	kotoba
100416	ビルマ語15	kotoba,rekishi,shakai
100417	ビルマ語Ia	kotoba,bunka,shakai
100418	ビルマ語Ib	kotoba,bunka,shakai
100419	ビルマ語IIa	kotoba,bunka,shakai
100420	ビルマ語IIb	kotoba
100421	ビルマ語IIIa	kotoba,rekishi,bunka,shakai
100422	ビルマ語IIIb	kotoba,rekishi,bunka,shakai
100423	【専攻科目】ビルマ文学講義Ia	bungaku,bunka
100424	【専攻科目】ビルマ文学講義Ib	bungaku,geijutsu,bunka
100425	【専攻科目】ビルマ文学講義IIa	kotoba
100426	【専攻科目】ビルマ文学講義IIb	rekishi,shakai,seiji
100430	カレン語	kotoba,bunka
100431	【専攻科目】チベット・ビルマ語学講義a	kotoba,bunka,shakai,kyoiku
100433	【専攻科目】ビルマ語学講義Ia	kotoba,shakai
100434	【専攻科目】ビルマ語学講義Ib	kotoba,shakai
100437	【専攻科目】ビルマ語学演習Ia	kotoba
100438	【専攻科目】ビルマ語学演習Ib	kotoba
100439	【専攻科目】ビルマ語学演習IIa	kotoba
100440	【専攻科目】ビルマ語学演習IIb	kotoba
100441	【専攻科目】ビルマ社会演習Ia	rekishi,bunka,shakai
100442	【専攻科目】ビルマ社会演習Ib	rekishi,bunka,shakai
100445	【専攻科目】ビルマ文化演習Ia	rekishi,geijutsu,bunka,media
100446	【専攻科目】ビルマ文化演習Ib	kotoba,bunka
100449	【専攻科目】ビルマ社会講義Ia	bunka,shakai
100450	【専攻科目】ビルマ社会講義Ib	bunka,shakai
100451	【専攻科目】チベット・ビルマ語学演習Ia	kotoba,rekishi,shukyo,bunka
100452	【専攻科目】チベット・ビルマ語学演習Ib	kotoba,rekishi,shukyo,bunka
100453	【専攻科目】チベット・ビルマ語学演習IIa	kotoba
100454	【専攻科目】チベット・ビルマ語学演習IIb	kotoba,bunka
100455	【専攻科目】東南アジア歴史概論a	rekishi,bunka,kokusai
100456	【専攻科目】東南アジア歴史概論b	rekishi,bunka,keizai,shoku
100458	【専攻科目】東南アジア言語概論b	kotoba,bunka
100459	【専攻科目】東南アジア文化概論a	geijutsu,bunka,shakai,media
100460	【専攻科目】東南アジア文化概論b	shukyo,bunka,shakai,gender
100461	【専攻科目】東南アジア社会概論a	rekishi,shakai,seiji
100462	【専攻科目】東南アジア社会概論b	rekishi,shakai,seiji,kokusai
100467	サンスクリット語a	kotoba,bunka
100468	サンスクリット語b	kotoba,bunka
100469	パーリ語a	kotoba,bungaku,shukyo
100470	パーリ語b	kotoba,bungaku,shukyo
100473	教科教育法（ヒンディー語）a	kotoba,rekishi,shukyo,bunka,shakai
100474	教科教育法（ヒンディー語）b	kotoba,rekishi,shukyo,bunka,shakai
100475	ヒンディー語1（豊中開講）	kotoba
100476	ヒンディー語2（豊中開講）	kotoba
100477	ヒンディー語3（豊中開講）	kotoba
100478	ヒンディー語4（豊中開講）	kotoba
100479	ヒンディー語5(B)（豊中開講）	kotoba,bunka
100480	ヒンディー語11	kotoba,bungaku,rekishi,bunka
100481	ヒンディー語12	kotoba,bunka
100482	ヒンディー語13	kotoba,bungaku
100483	ヒンディー語14(A)	kotoba,bunka
100484	ヒンディー語15	kotoba
100485	ヒンディー語Ia	kotoba,bungaku
100486	ヒンディー語Ib	kotoba,bungaku
100487	ヒンディー語IIa	kotoba,bunka,media
100488	ヒンディー語IIb	kotoba,bunka,media
100489	ヒンディー語IIIa	kotoba
100490	ヒンディー語IIIb	kotoba
100491	【専攻科目】インド文化史講義Ia	kotoba,rekishi,shukyo,bunka,shakai
100492	【専攻科目】インド文化史講義Ib	kotoba,rekishi,shukyo,bunka,shakai
100493	【専攻科目】インド文化史講義IIa	rekishi,tetsugaku,shukyo,bunka
100494	【専攻科目】インド文化史講義IIb	rekishi,tetsugaku,shukyo,bunka
100495	【専攻科目】ヒンディー語学演習Ia	kotoba
100496	【専攻科目】ヒンディー語学演習Ib	kotoba
100497	【専攻科目】ヒンディー語学演習IIa	kotoba
100498	【専攻科目】ヒンディー語学演習IIb	kotoba
100501	【専攻科目】ヒンディー文学演習Ia	kotoba,bungaku,rekishi,shukyo,bunka
100502	【専攻科目】ヒンディー文学演習Ib	kotoba,bungaku,rekishi,shukyo,bunka
100503	【専攻科目】ヒンディー文学演習IIa	bungaku
100504	【専攻科目】ヒンディー文学演習IIb	bungaku
100505	【専攻科目】ヒンディー文学演習IIIa	bungaku,bunka,shakai
100506	【専攻科目】ヒンディー文学演習IIIb	bungaku,bunka,shakai
100509	【専攻科目】南アジア語学演習Ia	kotoba
100510	【専攻科目】南アジア語学演習Ib	kotoba,rekishi
100511	【専攻科目】南アジア語学演習IIa	kotoba,bunka,shakai
100513	【専攻科目】南アジア語学演習IIIa	kotoba,bunka
100514	【専攻科目】南アジア語学演習IIIb	kotoba,bunka
100515	【専攻科目】南アジア語学演習IVa	kotoba,bungaku,shukyo
100516	【専攻科目】南アジア語学演習IVb	kotoba,bungaku,shukyo
100517	【専攻科目】南アジア文化演習IIa	kotoba,bunka,shakai,seiji
100518	【専攻科目】南アジア文化演習IIb	kotoba,bunka,shakai,seiji,kyoiku
100519	【専攻科目】南アジア文化演習IIIa	shukyo,bunka,shakai,media,gender
100520	【専攻科目】南アジア文化演習IIIb	shukyo,bunka,shakai,media,gender
100521	【専攻科目】南アジア文化概論a(B)	rekishi,shukyo,bunka,shakai
100522	【専攻科目】南アジア文化概論b(B)	rekishi,shukyo,bunka,shakai
100523	【専攻科目】南アジア政治経済講義Ia	rekishi,shukyo,shakai,seiji,gender
100524	ウルドゥー語1（豊中開講）	kotoba
100525	ウルドゥー語2（豊中開講）	kotoba
100526	ウルドゥー語3（豊中開講）	kotoba
100527	ウルドゥー語4（豊中開講）	kotoba
100528	ウルドゥー語5（豊中開講）	kotoba
100529	ウルドゥー語11	kotoba
100530	ウルドゥー語12	kotoba
100531	ウルドゥー語13	kotoba
100532	ウルドゥー語14	kotoba
100533	ウルドゥー語15	kotoba
100534	ウルドゥー語Ia	kotoba
100535	ウルドゥー語Ib	kotoba
100536	ウルドゥー語IIa	kotoba
100537	ウルドゥー語IIb	kotoba
100538	ウルドゥー語IIIa	kotoba,bungaku
100539	ウルドゥー語IIIb	kotoba,bungaku
100540	【専攻科目】南アジア文化概論a(A)	kotoba,bungaku,shukyo,bunka,shoku
100541	【専攻科目】南アジア文化概論b(A)	kotoba,bungaku,shukyo,bunka,shoku
100542	【専攻科目】南アジア政治経済講義Ib	rekishi,bunka,seiji
100543	【専攻科目】南アジア政治経済講義IIb	rekishi,bunka,seiji
100544	【専攻科目】ウルドゥー語学演習Ia	bungaku,rekishi,shukyo,geijutsu,bunka
100545	【専攻科目】ウルドゥー語学演習Ib	kotoba,bungaku,rekishi,geijutsu,bunka
100546	【専攻科目】ウルドゥー語学演習IIa	kotoba,bungaku
100547	【専攻科目】ウルドゥー語学演習IIb	kotoba,bungaku
100548	【専攻科目】ウルドゥー文学演習Ia	bungaku,rekishi
100549	【専攻科目】ウルドゥー文学演習Ib	bungaku,rekishi
100550	【専攻科目】ウルドゥー文学演習IIa	kotoba,bungaku
100551	【専攻科目】ウルドゥー文学演習IIb	kotoba,bungaku
100552	【専攻科目】ウルドゥー文学演習IIIa	bungaku,geijutsu,bunka
100553	【専攻科目】ウルドゥー文学演習IIIb	bungaku,rekishi,bunka
100554	【専攻科目】ウルドゥー文学演習IVa	bungaku,bunka,shakai,gender
100555	【専攻科目】ウルドゥー文学演習IVb	bungaku,bunka
100556	【専攻科目】ウルドゥー文学演習Va	bungaku
100557	【専攻科目】ウルドゥー文学演習Vb	bungaku
100558	【専攻科目】南アジア文化演習Ia	rekishi,shukyo,bunka
100559	【専攻科目】南アジア文化演習Ib	rekishi,shukyo,bunka
100560	【専攻科目】南アジア文化演習IVa	kotoba,rekishi,bunka
100561	【専攻科目】南アジア文化演習IVb	kotoba,rekishi,bunka
100562	【専攻科目】南アジア政治経済演習Ia	bunka,shakai,keizai
100563	【専攻科目】南アジア政治経済演習Ib	bunka,shakai,keizai
100564	【専攻科目】南アジア政治経済演習IIa	rekishi,bunka,shakai
100565	【専攻科目】南アジア政治経済演習IIb	rekishi,bunka,shakai
100566	ヒンディー語5(A)（豊中開講）	kotoba,bunka
100568	【専攻科目】南アジア政治経済講義IIa	bungaku,rekishi,bunka,seiji
100569	【専攻科目】アラブ・イスラーム文化講義IIa	shukyo,bunka,shakai,shoku
100571	アラム語	kotoba,rekishi,shukyo
100573	【専攻科目】アラブ・イスラーム文化講義Ia	bungaku,rekishi,shukyo,bunka
100574	【専攻科目】アラブ・イスラーム文化講義Ib	bungaku,rekishi,shukyo,bunka
100575	アラビア語1（豊中開講）	kotoba
100576	アラビア語2(A)（豊中開講）	kotoba
100577	アラビア語2(B)（豊中開講）	kotoba
100578	アラビア語3(A)（豊中開講）	kotoba
100579	アラビア語3(B)（豊中開講）	kotoba
100580	アラビア語4（豊中開講）	kotoba
100581	アラビア語5(A)（豊中開講）	kotoba
100582	アラビア語5(B)（豊中開講）	kotoba
100583	アラビア語11(A)	kotoba
100584	アラビア語11(B)	kotoba
100585	アラビア語12	kotoba
100586	アラビア語13	kotoba
100587	アラビア語14(A)	kotoba
100588	アラビア語14(B)	kotoba
100589	アラビア語15(A)	kotoba
100590	アラビア語15(B)	kotoba
100591	アラビア語Ia	kotoba,bungaku
100592	アラビア語Ib	kotoba,bungaku
100593	アラビア語IIa	kotoba,shakai,media
100594	アラビア語IIb	kotoba,shakai,media
100595	【専攻科目】現代アラブ地域概論a	rekishi,tetsugaku,shukyo,bunka,seiji
100596	【専攻科目】現代アラブ地域概論b	kotoba,rekishi,bunka,shakai
100597	【専攻科目】アラブ文学講義a	bungaku,rekishi,bunka
100598	【専攻科目】アラブ文学講義b	bungaku,rekishi,bunka,shakai,gender
100601	【専攻科目】アラビア語演習Ia	kotoba,bunka
100602	【専攻科目】アラビア語演習Ib	kotoba,bunka
100603	【専攻科目】アラビア語演習IIa	kotoba,bunka,media
100604	【専攻科目】アラビア語演習IIb	kotoba,bunka,media
100605	【専攻科目】アラビア語演習IIIa	kotoba,bungaku
100606	【専攻科目】アラビア語演習IIIb	kotoba,bungaku
100607	【専攻科目】アラビア語演習IVa	kotoba,bunka,shakai
100608	【専攻科目】アラビア語演習IVb	kotoba,bunka,shakai
100609	【専攻科目】アラビア語演習VIa	rekishi,tetsugaku,shukyo,bunka
100611	【専攻科目】アラビア語演習VIIa	kotoba,bungaku
100612	【専攻科目】アラビア語演習VIIb	kotoba,bungaku
100613	【専攻科目】アラビア語演習VIIIa	kotoba,bungaku
100614	【専攻科目】アラビア語演習VIIIb	kotoba,bungaku,kyoiku
100615	【専攻科目】アラビア語学特別演習a	kotoba
100616	【専攻科目】アラビア語学特別演習b	kotoba
100617	【専攻科目】アラブ文学特別演習Ia	bunka,shakai,media
100618	【専攻科目】アラブ文学特別演習Ib	bunka,shakai,media
100623	＜兼修＞アラビア語中級Ia	kotoba,bunka,shakai
100624	＜兼修（高度）＞アラビア語中級Ib	kotoba,bunka,shakai
100625	＜兼修＞アラビア語中級IIa	kotoba
100626	＜兼修（高度）＞アラビア語中級IIb	kotoba
100629	【専攻科目】アラビア語演習Va	kotoba,bungaku
100630	【専攻科目】アラビア語演習Vb	kotoba,shakai,seiji
100637	ペルシア語1（豊中開講）	kotoba
100638	ペルシア語2（豊中開講）	kotoba,bunka,shakai
100639	ペルシア語3（豊中開講）	kotoba
100640	ペルシア語4（豊中開講）	kotoba,bunka
100641	ペルシア語5（豊中開講）	kotoba,bunka
100642	ペルシア語11	kotoba
100643	ペルシア語12	kotoba,bunka
100644	ペルシア語13	kotoba
100645	ペルシア語14	kotoba,bunka
100646	ペルシア語15	kotoba
100647	ペルシア語Ia	kotoba,geijutsu,bunka,monodukuri
100648	ペルシア語Ib	kotoba,geijutsu,bunka,monodukuri
100649	ペルシア語IIa	kotoba,bunka
100650	ペルシア語IIb	kotoba,bunka
100651	ペルシア語IIIa	kotoba,bunka
100652	ペルシア語IIIb	kotoba,bunka
100653	ペルシア語IVa	kotoba,bungaku,rekishi
100654	ペルシア語IVb	kotoba,bungaku,rekishi
100655	ペルシア語Va	kotoba,bungaku,bunka,shakai
100656	ペルシア語Vb	kotoba,bungaku,bunka,shakai
100657	【専攻科目】イラン言語・歴史概論Ia	rekishi,bunka,kankyo
100658	【専攻科目】イラン言語・歴史概論Ib	rekishi,bunka,shakai,keizai
100659	【専攻科目】イラン言語・歴史概論IIa	rekishi,shukyo,bunka,media,gender
100660	【専攻科目】イラン言語・歴史概論IIb	bunka,shakai,media
100661	【専攻科目】イラン語学講義a	kotoba
100662	【専攻科目】イラン語学講義b	kotoba
100666	【専攻科目】イラン文化講義Ia	geijutsu,bunka,shakai,gender
100667	【専攻科目】イラン文化講義Ib	bunka,shakai,shoku,kankyo
100668	【専攻科目】イラン文化講義IIa	bungaku,rekishi,bunka
100669	【専攻科目】イラン文化講義IIb	bungaku,rekishi,bunka
100670	【専攻科目】イラン文化講義IIIa	bunka,shakai
100671	【専攻科目】イラン文化講義IIIb	bunka,shakai
100672	【専攻科目】ペルシア文学講義a	bungaku,bunka
100673	【専攻科目】ペルシア文学講義b	kotoba,bungaku,bunka
100674	【専攻科目】ペルシア語学演習a	kotoba,bunka,shakai
100675	【専攻科目】ペルシア語学演習b	kotoba,bunka,shakai
100676	【専攻科目】ペルシア文学演習a	bungaku,bunka,shakai
100677	【専攻科目】ペルシア文学演習b	bungaku,bunka,shakai
100678	【専攻科目】イラン文化特別演習a	bunka
100679	【専攻科目】イラン文化特別演習b	bunka
100680	【専攻科目】イラン文化講義IVb	bunka,shakai,kyoiku,gender,kokusai
100681	【専攻科目】イラン文化講義IVa	bunka,shakai,kankyo
100683	トルコ語1（豊中開講）	kotoba
100684	トルコ語2（豊中開講）	kotoba
100685	トルコ語3（豊中開講）	kotoba
100686	トルコ語4（豊中開講）	kotoba
100687	トルコ語5（豊中開講）	kotoba
100688	トルコ語11	kotoba,bungaku
100689	トルコ語12	kotoba
100690	トルコ語13	kotoba
100691	トルコ語14	kotoba
100692	トルコ語15	kotoba
100693	トルコ語Ia	rekishi,bunka,shakai
100694	トルコ語Ib	rekishi,bunka,shakai
100695	トルコ語IIIa	kotoba
100696	トルコ語IIIb	kotoba
100697	トルコ語IVa	kotoba
100698	トルコ語IVb	kotoba
100699	トルコ語VIa	kotoba
100700	トルコ語VIb	kotoba
100701	トルコ語IIa	kotoba
100702	トルコ語IIb	kotoba,rekishi,bunka,shakai
100703	トルコ語VIIa	kotoba
100704	トルコ語VIIb	kotoba
100705	トルコ語Va	kotoba
100710	【専攻科目】トルコ文学講義a	bungaku,bunka
100711	【専攻科目】トルコ文学講義b	kotoba,bungaku,bunka
100712	【専攻科目】トルコ文化講義Ia	kotoba,rekishi,shukyo,bunka
100713	【専攻科目】トルコ文化講義Ib	kotoba,rekishi,bunka
100714	【専攻科目】トルコ文化講義IIa	kotoba,rekishi,shukyo,bunka,shakai
100715	【専攻科目】トルコ文化講義IIb	kotoba,bunka,shakai,kyoiku,gender
100716	【専攻科目】トルコ文化講義IIIa	kotoba,rekishi,shukyo,bunka
100717	【専攻科目】トルコ文化講義IIIb	kotoba,bunka
100718	【専攻科目】トルコ社会講義Ia	rekishi,shakai,seiji,kokusai
100719	【専攻科目】トルコ社会講義Ib	shukyo,bunka,shakai,kokusai
100720	【専攻科目】トルコ社会講義IIa	rekishi,shukyo,bunka,shakai,seiji
100721	【専攻科目】トルコ社会講義IIb	rekishi,geijutsu,bunka,shakai,sports
100722	【専攻科目】トルコ歴史講義a	rekishi,geijutsu,bunka,shoku,monodukuri
100723	【専攻科目】トルコ歴史講義b	rekishi,geijutsu,bunka,shakai,keizai
100724	【専攻科目】トルコ語学演習a	kotoba
100725	【専攻科目】トルコ語学演習b	kotoba
100731	アフリカ諸語a	kotoba,bunka
100732	アフリカ諸語b	kotoba,bunka
100733	トルコ語Vb	kotoba
100735	西アフリカ諸語a	kotoba,rekishi,bunka
100736	西アフリカ諸語b	kotoba,rekishi,bunka
100737	バントゥ諸語a	kotoba,bunka
100738	バントゥ諸語b	kotoba,bunka
100741	スワヒリ語1（豊中開講）	kotoba,bunka
100742	スワヒリ語2（豊中開講）	kotoba
100743	スワヒリ語3（豊中開講）	kotoba
100744	スワヒリ語4（豊中開講）	kotoba
100745	スワヒリ語5（豊中開講）	kotoba
100746	スワヒリ語11	kotoba
100747	スワヒリ語12	kotoba
100748	スワヒリ語13	kotoba
100749	スワヒリ語14	kotoba
100750	スワヒリ語15	kotoba
100751	スワヒリ語Ia	kotoba,rekishi
100752	スワヒリ語Ib	kotoba,rekishi
100753	スワヒリ語IIa	kotoba
100754	スワヒリ語IIb	kotoba
100755	スワヒリ語IIIa	kotoba,bungaku,bunka,shakai
100756	スワヒリ語IIIb	kotoba,bungaku,bunka,shakai
100757	【専攻科目】アフリカ地域論概説a	rekishi,shukyo,geijutsu,bunka,shakai
100758	【専攻科目】アフリカ地域論概説b	rekishi,bunka,shakai,kokusai,shoku
100759	【専攻科目】アフリカ社会論概説a	rekishi,shakai,seiji,keizai,kokusai
100760	【専攻科目】アフリカ社会論概説b	rekishi,bunka,shakai,keizai,monodukuri
100761	【専攻科目】アフリカ言語学概説a	kotoba,rekishi,bunka,shakai,seiji
100762	【専攻科目】アフリカ言語学概説b	kotoba,bungaku,rekishi,bunka,shakai
100763	【専攻科目】アフリカ言語学講義a	kotoba,bunka,shakai
100764	【専攻科目】アフリカ言語学講義b	kotoba
100765	【専攻科目】アフリカ文学講義a	bungaku,geijutsu,bunka
100766	【専攻科目】アフリカ文学講義b	kotoba,bungaku,rekishi,bunka
100767	【専攻科目】アフリカ文化講義a	bunka
100768	【専攻科目】アフリカ文化講義b	bunka
100769	【専攻科目】アフリカ政治経済講義a	rekishi,bunka,shakai,seiji,keizai
100770	【専攻科目】アフリカ政治経済講義b	rekishi,shakai,seiji,gender,kokusai
100771	【専攻科目】アフリカ地域講義Ia	kotoba,bungaku,bunka
100772	【専攻科目】アフリカ地域講義Ib	shakai,keizai,kokusai,ikimono,kankyo
100773	【専攻科目】アフリカ地域講義IIa	rekishi,shukyo,bunka,shakai,seiji
100774	【専攻科目】アフリカ地域講義IIb	bunka,shakai,keizai,ikimono,kankyo
100775	【専攻科目】スワヒリ語文法演習a	kotoba
100776	【専攻科目】スワヒリ語文法演習b	kotoba
100777	【専攻科目】スワヒリ語文学演習a	kotoba,bungaku,bunka
100778	【専攻科目】スワヒリ語文学演習b	kotoba,bungaku
100779	【専攻科目】アフリカ地域文化演習a	kotoba,bunka,shakai,gender
100781	【専攻科目】西アフリカ諸語演習a	kotoba,bunka,shakai
100782	【専攻科目】西アフリカ諸語演習b	kotoba,bunka,shakai
100783	【専攻科目】アフリカ地域文化特別演習Ia	kotoba,bungaku,bunka,shakai
100784	【専攻科目】アフリカ地域文化特別演習Ib	kotoba,bungaku,bunka,shakai
100785	【専攻科目】アフリカ地域文化特別演習IIa	bunka,shakai
100786	【専攻科目】アフリカ地域文化特別演習IIb	bunka,shakai
100787	【専攻科目】アフリカ地域文化特別演習IIIa	bunka,shakai
100788	【専攻科目】アフリカ地域文化特別演習IIIb	bunka,shakai
100789	【専攻科目】東南アジア社会文化演習IIa(J)	shukyo,bunka,shakai,kokusai
100790	【専攻科目】東南アジア社会文化演習IIb(J)	shukyo,bunka,shakai,keizai,kokusai
100795	ロシア語VIIb	kotoba,bunka
100799	セルビア語a	kotoba,bunka
100800	セルビア語b	kotoba,geijutsu,bunka
100801	リトアニア語b	kotoba,bunka
100802	ポーランド語a	kotoba,bunka
100803	ポーランド語b	kotoba,bunka
100804	ウクライナ語a	kotoba
100805	ウクライナ語b	kotoba
100810	ロシア語1(A)（豊中開講）	kotoba
100811	ロシア語1(B)（豊中開講）	kotoba
100812	ロシア語2(A)（豊中開講）	kotoba
100813	ロシア語2(B)（豊中開講）	kotoba
100814	ロシア語3（豊中開講）	kotoba
100815	ロシア語4（豊中開講）	kotoba
100816	ロシア語5(A)（豊中開講）	kotoba
100817	ロシア語5(B)（豊中開講）	kotoba
100818	ロシア語6（豊中開講）	kotoba
100819	ロシア語11	kotoba
100820	ロシア語12(A)	kotoba
100821	ロシア語12(B)	kotoba
100822	ロシア語13	kotoba
100823	ロシア語14(A)	kotoba
100824	ロシア語14(B)	kotoba
100825	ロシア語15(A)	kotoba
100826	ロシア語15(B)	kotoba
100827	ロシア語16	kotoba
100828	ロシア語Ia	kotoba
100829	ロシア語Ib	kotoba
100830	ロシア語IIa	kotoba
100831	ロシア語IIb	kotoba
100832	ロシア語IIIa	kotoba,bungaku,bunka
100833	ロシア語IIIb	kotoba,bunka,media
100834	ロシア語Va	kotoba,kyoiku
100835	ロシア語Vb	kotoba,kyoiku
100836	ロシア語VIa	kotoba
100837	ロシア語VIIa	kotoba,keizai
100838	ロシア語VIIIa	kotoba
100839	ロシア語VIIIb	kotoba
100840	ロシア語IXa	kotoba,bunka
100841	ロシア語IXb	kotoba,bunka,shakai
100842	ロシア語Xa	kotoba,keizai
100843	ロシア語Xb	kotoba,keizai
100844	【専攻科目】ロシア学入門a	kotoba,bunka
100845	【専攻科目】ロシア学入門b	kotoba
100846	【専攻科目】ロシア語学講義Ib	kotoba
100847	【専攻科目】ロシア語学講義Ia	kotoba
100849	【専攻科目】ロシア語学講義IIb	kotoba
100850	【専攻科目】ロシア文学・芸術講義Ia	bungaku,rekishi,bunka
100851	【専攻科目】ロシア文学・芸術講義Ib	bungaku,rekishi,bunka,kokusai
100852	【専攻科目】ロシア文学・芸術講義IIa	bungaku,rekishi,geijutsu,bunka
100853	【専攻科目】ロシア文学・芸術講義IIb	bungaku,rekishi,geijutsu,bunka
100854	【専攻科目】ロシア文化歴史講義Ia	rekishi,shukyo,bunka,seiji,kokusai
100855	【専攻科目】ロシア文化歴史講義Ib	rekishi,shakai,seiji,kokusai
100856	【専攻科目】ロシア政治経済講義Ia	shakai,seiji,keizai,kyoiku,iryo
100857	【専攻科目】ロシア政治経済講義Ib	shakai,seiji,keizai,kokusai
100858	【専攻科目】ロシア政治経済講義IIa	rekishi,shakai,seiji,kokusai
100859	【専攻科目】ロシア政治経済講義IIb	rekishi,seiji,keizai,kokusai
100860	【専攻科目】ロシア語学演習Ia	kotoba,kyoiku
100861	【専攻科目】ロシア語学演習Ib	kotoba,kyoiku,tokei
100862	【専攻科目】ロシア語学演習IIa	kotoba
100863	【専攻科目】ロシア語学演習IIb	kotoba
100864	【専攻科目】ロシア文化歴史演習Ia	bunka,shakai
100865	【専攻科目】ロシア文化歴史演習Ib	kotoba,rekishi
100868	【専攻科目】ロシア政治経済演習IIa	shakai,seiji,keizai
100869	【専攻科目】ロシア政治経済演習IIb	shakai,seiji,keizai
100870	【専攻科目】ロシア文学・芸術演習Ia	kotoba,bunka
100871	【専攻科目】ロシア文学・芸術演習Ib	kotoba,bunka
100872	【専攻科目】ロシア文学・芸術演習IIa	bungaku,geijutsu,bunka
100873	【専攻科目】ロシア文学・芸術演習IIb	bungaku,geijutsu,bunka
100874	リトアニア語a	kotoba,rekishi,bunka
100875	古代教会スラブ語a	kotoba,rekishi,shukyo
100876	古代教会スラブ語b	kotoba,rekishi,shukyo
100877	ハンガリー語1（豊中開講）	kotoba
100878	ハンガリー語2（豊中開講）	kotoba
100879	ハンガリー語3（豊中開講）	kotoba
100880	ハンガリー語4（豊中開講）	kotoba
100881	ハンガリー語5（豊中開講）	kotoba
100882	ハンガリー語11	kotoba
100883	ハンガリー語12	kotoba,bungaku
100884	ハンガリー語13	kotoba
100885	ハンガリー語14	kotoba
100886	ハンガリー語15	kotoba
100887	ハンガリー語Ia	kotoba,bunka
100888	ハンガリー語Ib	kotoba,bunka
100889	ハンガリー語IIa	kotoba,bungaku,bunka
100890	ハンガリー語IIb	kotoba
100891	ハンガリー語IIIa	kotoba
100892	ハンガリー語IIIb	kotoba
100893	ハンガリー語IVa	kotoba
100894	ハンガリー語IVb	kotoba
100895	【専攻科目】ハンガリー研究入門Ib	kotoba,bunka,shakai,kyoiku,shoku
100896	【専攻科目】ハンガリー語学講義Ia	kotoba
100897	【専攻科目】ハンガリー語学講義Ib	kotoba
100899	【専攻科目】ハンガリー文化講義Ia	bungaku,rekishi,bunka
100900	【専攻科目】ハンガリー文化講義Ib	bungaku,bunka,shakai
100901	【専攻科目】ハンガリー文化講義IIa	rekishi,bunka,shakai,kokusai
100902	【専攻科目】ハンガリー文化講義IIb	rekishi,bunka,shakai,kokusai
100903	【専攻科目】ハンガリー文化講義IIIa	shakai,seiji,keizai
100904	【専攻科目】ハンガリー文化講義IIIb	kotoba,bunka
100905	【専攻科目】ハンガリー語学演習Ia	kotoba,bungaku,geijutsu
100906	【専攻科目】ハンガリー語学演習Ib	kotoba,media
100907	【専攻科目】ハンガリー語学講義IIb	kotoba
100909	【専攻科目】ハンガリー文化演習IIa	kotoba,bungaku
100910	【専攻科目】ハンガリー文化演習IIb	kotoba,bungaku
100912	【専攻科目】ハンガリー文化演習IIIb	rekishi,bunka,shakai
100913	【専攻科目】ハンガリー文化演習IVa	bunka,shakai,seiji,kyoiku
100914	【専攻科目】ハンガリー文化演習IVb	bunka,shakai
100922	【専攻科目】ハンガリー研究入門IIa	kotoba,bunka
100923	【専攻科目】ハンガリー研究入門IIb	bunka
100928	デンマーク語1（豊中開講）	kotoba
100929	デンマーク語2（豊中開講）	kotoba,bunka
100930	デンマーク語3（豊中開講）	kotoba,bunka
100931	デンマーク語4（豊中開講）	kotoba
100932	デンマーク語5（豊中開講）	kotoba
100933	デンマーク語11	kotoba
100934	デンマーク語12	kotoba,bungaku,bunka,shakai
100935	デンマーク語13	kotoba
100936	デンマーク語14	kotoba
100937	デンマーク語15	kotoba
100938	デンマーク語Ia	kotoba
100939	デンマーク語Ib	kotoba
100940	デンマーク語IIa(A)	kotoba,bunka,kyoiku,media,kankyo
100941	デンマーク語IIb(A)	kotoba,bunka,kyoiku,media,kankyo
100942	デンマーク語IIa(B)	kotoba,bunka,shakai
100943	デンマーク語IIb(B)	kotoba,rekishi,shakai
100944	デンマーク語IVa	kotoba
100945	デンマーク語IVb	kotoba
100946	デンマーク語Va	kotoba,bunka,shakai,kokusai
100947	デンマーク語Vb	kotoba,bunka
100948	デンマーク語VIa	kotoba,bunka,kyoiku,shoku,monodukuri
100949	デンマーク語VIb	kotoba,bungaku,rekishi,bunka,shakai
100950	デンマーク語VIIa	kotoba,rekishi,gender
100951	デンマーク語VIIb	kotoba,shakai,gender,kankyo
100953	スウェーデン語VIIIb	kotoba
100954	スウェーデン語1（豊中開講）	kotoba,bunka,shakai
100955	スウェーデン語2（豊中開講）	kotoba
100956	スウェーデン語3（豊中開講）	kotoba
100957	スウェーデン語4（豊中開講）	kotoba
100958	スウェーデン語5（豊中開講）	kotoba
100959	スウェーデン語11	kotoba
100960	スウェーデン語12	kotoba,bungaku
100961	スウェーデン語13	kotoba,rekishi,bunka,shakai
100962	スウェーデン語14	kotoba
100963	スウェーデン語15	kotoba
100966	スウェーデン語IIa(A)	kotoba
100967	スウェーデン語IIb(A)	kotoba
100968	スウェーデン語IIa(B)	kotoba,bungaku
100969	スウェーデン語IIb(B)	kotoba,bungaku
100970	スウェーデン語IVa	kotoba
100971	スウェーデン語IVb	kotoba
100972	スウェーデン語Va	kotoba
100973	スウェーデン語Vb	kotoba
100974	スウェーデン語VIa	kotoba
100975	スウェーデン語VIb	kotoba
100976	スウェーデン語VIIa	kotoba
100977	スウェーデン語VIIb	kotoba
100978	【専攻科目】北欧現代社会概説a	bunka,shakai,seiji,kyoiku,gender
100979	【専攻科目】北欧現代社会概説b	shakai,seiji,gender,iryo,joho
100982	【専攻科目】北欧史概説a	rekishi,shukyo,bunka,seiji
100983	【専攻科目】北欧史概説b	rekishi,shakai,seiji,keizai
100984	【専攻科目】デンマーク現代社会特別演習IIa	bunka,shakai
100985	【専攻科目】デンマーク現代社会特別演習IIb	shakai
100986	【専攻科目】スウェーデン現代社会特別演習IIa	bunka,shakai
100987	【専攻科目】スウェーデン現代社会特別演習IIb	bunka,shakai
100988	【専攻科目】北欧文化講義Ia	bunka,shakai
100989	【専攻科目】北欧文化講義Ib	kotoba,bunka,shakai,seiji,kyoiku
100990	【専攻科目】北欧文化講義IIa	rekishi,shukyo,bunka,seiji
100991	【専攻科目】北欧文化講義IIb	rekishi,shakai,seiji,keizai
100992	【専攻科目】現代デンマーク語演習a	kotoba
100993	【専攻科目】現代デンマーク語演習b	kotoba
100994	【専攻科目】現代スウェーデン語演習a	kotoba,bunka
100995	【専攻科目】現代スウェーデン語演習b	kotoba,bunka
100996	【専攻科目】デンマーク語学特別演習a	kotoba
100997	【専攻科目】デンマーク語学特別演習b	kotoba
100998	【専攻科目】デンマーク現代社会特別演習Ia	shakai,seiji
100999	【専攻科目】デンマーク現代社会特別演習Ib	bunka,shakai
101002	【専攻科目】スウェーデン語学特別演習a	kotoba
101003	【専攻科目】スウェーデン語学特別演習b	kotoba
101004	【専攻科目】スウェーデン現代社会特別演習Ia	bunka,shakai
101005	【専攻科目】スウェーデン現代社会特別演習Ib	bunka,shakai
101006	【専攻科目】北欧史特別演習a	rekishi,bunka
101007	【専攻科目】北欧史特別演習b	rekishi,bunka
101008	【専攻科目】北欧語学演習Ia	kotoba,bunka
101009	【専攻科目】北欧語学演習Ib	kotoba,bunka,ikimono
101010	【専攻科目】北欧語学演習IIa	kotoba
101011	【専攻科目】北欧語学演習IIb	kotoba
101012	【専攻科目】北欧語学演習IIIa	kotoba
101013	【専攻科目】北欧語学演習IIIb	kotoba
101014	【専攻科目】北欧文学演習Ia	bungaku,rekishi,bunka
101015	【専攻科目】北欧文学演習Ib	bungaku,tetsugaku,bunka
101018	【専攻科目】北欧文化演習Ia	rekishi,shukyo,bunka
101019	【専攻科目】北欧文化演習Ib	rekishi,bunka,shoku
101020	【専攻科目】北欧文化演習IIa	bunka,shakai,seiji,gender,kankyo
101021	【専攻科目】北欧文化演習IIb	bunka,shakai,seiji
101022	【専攻科目】北欧文学特別演習Ia	bungaku,bunka
101023	【専攻科目】北欧文学特別演習Ib	bungaku,bunka
101024	【専攻科目】北欧文化概論a	bungaku,bunka,shakai,media
101025	【専攻科目】北欧文化概論b	bungaku,bunka,shakai,media,gender
101026	【専攻科目】デンマーク現代社会特別演習IIIa	bunka,shakai
101027	【専攻科目】デンマーク現代社会特別演習IIIb	bunka,shakai
101030	ドイツ語1(A)（豊中開講）	kotoba
101031	ドイツ語1(B)（豊中開講）	kotoba
101032	ドイツ語2(A)（豊中開講）	kotoba
101033	ドイツ語2(B)（豊中開講）	kotoba
101034	ドイツ語3(A)（豊中開講）	kotoba
101035	ドイツ語3(B)（豊中開講）	kotoba
101036	ドイツ語4(A)（豊中開講）	kotoba,rekishi,bunka
101037	ドイツ語4(B)（豊中開講）	kotoba,rekishi,bunka
101038	ドイツ語5(A)（豊中開講）	kotoba
101039	ドイツ語5(B)（豊中開講）	kotoba
101040	ドイツ語11(A)	kotoba
101041	ドイツ語11(B)	kotoba
101042	ドイツ語12(A)	kotoba
101043	ドイツ語12(B)	kotoba
101044	ドイツ語13(A)	kotoba
101045	ドイツ語13(B)	kotoba
101046	ドイツ語14(A)	kotoba
101047	ドイツ語14(B)	kotoba
101048	ドイツ語15(A)	kotoba
101049	ドイツ語15(B)	kotoba
101050	ドイツ語Ia	kotoba
101051	ドイツ語Ib	kotoba
101052	ドイツ語IIa	kotoba,bungaku
101053	ドイツ語IIb	kotoba,bungaku,geijutsu
101054	ドイツ語IIIa	kotoba
101055	ドイツ語IIIb	kotoba
101056	ドイツ語IVa	kotoba
101057	ドイツ語IVb	kotoba
101058	ドイツ語Va	kotoba
101059	ドイツ語Vb	kotoba
101060	ドイツ語VIa	kotoba,media
101061	ドイツ語VIb	kotoba,media
101064	【専攻科目】ドイツ語圏文化概論a(A)	bungaku,rekishi,geijutsu,bunka
101065	【専攻科目】ドイツ語圏文化概論b(A)	bungaku,rekishi,geijutsu,bunka,shakai
101066	【専攻科目】ドイツ語圏文化講義Ia	kotoba,bunka,seiji
101067	【専攻科目】ドイツ語圏文化講義Ib	kotoba,bunka,seiji
101068	【専攻科目】ドイツ語圏文化講義IIa	rekishi,seiji,kokusai
101069	【専攻科目】ドイツ語圏文化講義IIb	rekishi,shakai,seiji,media
101070	【専攻科目】ドイツ語圏語学・文学演習Ia	kotoba,bungaku
101071	【専攻科目】ドイツ語圏語学・文学演習Ib	kotoba,bungaku
101072	【専攻科目】ドイツ語圏語学・文学演習IIa	bungaku,tetsugaku
101073	【専攻科目】ドイツ語圏語学・文学演習IIb	bungaku,tetsugaku
101074	【専攻科目】ドイツ語圏文化演習Ia	kotoba
101075	【専攻科目】ドイツ語圏文化演習Ib	kotoba
101076	【専攻科目】ドイツ語圏文化演習IIa	bunka
101077	【専攻科目】ドイツ語圏文化演習IIb	bunka
101078	【専攻科目】ドイツ語圏文化演習IIIa	bungaku,geijutsu,bunka
101079	【専攻科目】ドイツ語圏文化演習IIIb	bungaku,geijutsu,bunka
101080	【専攻科目】ドイツ語圏文化演習IVa	tetsugaku,bunka
101081	【専攻科目】ドイツ語圏文化演習IVb	tetsugaku,bunka
101082	【専攻科目】ドイツ語圏文化演習Va	rekishi,shakai,seiji,kankyo,energy
101083	【専攻科目】ドイツ語圏文化演習Vb	bunka,shakai
101084	【専攻科目】ドイツ語圏文化演習VIa	kotoba
101085	【専攻科目】ドイツ語圏文化演習VIb	kotoba
101086	【専攻科目】ドイツ語圏歴史・思想・社会演習Ia	kotoba,tetsugaku,ikimono
101087	【専攻科目】ドイツ語圏歴史・思想・社会演習Ib	kotoba,tetsugaku,ikimono
101088	【専攻科目】ドイツ語圏歴史・思想・社会演習IIa	rekishi,seiji,kokusai
101089	【専攻科目】ドイツ語圏歴史・思想・社会演習IIb	rekishi,seiji,kokusai
101092	＜兼修＞ドイツ語中級・講読a	kotoba,rekishi,bunka
101093	＜兼修（高度）＞ドイツ語中級・講読b	kotoba,rekishi,bunka
101094	＜兼修＞ドイツ語中級・LLa	kotoba
101095	＜兼修（高度）＞ドイツ語中級・LLb	kotoba
101096	＜兼修＞ドイツ語中級・会話a(A)	kotoba
101097	＜兼修＞ドイツ語中級・会話a(B)	kotoba
101098	＜兼修（高度）＞ドイツ語中級・会話b(A)	kotoba
101099	＜兼修（高度）＞ドイツ語中級・会話b(B)	kotoba
101100	＜兼修＞ドイツ語初級a(A)（豊中開講）	kotoba
101101	＜兼修＞ドイツ語初級a(B)	kotoba
101102	＜兼修＞ドイツ語初級a(C)	kotoba
101103	＜兼修＞ドイツ語初級a(D)	kotoba
101104	＜兼修＞ドイツ語初級a(E)	kotoba
101105	＜兼修＞ドイツ語初級a(F)	kotoba
101106	＜兼修＞ドイツ語初級b(A)（豊中開講）	kotoba
101107	＜兼修＞ドイツ語初級b(B)	kotoba
101108	＜兼修＞ドイツ語初級b(C)	kotoba
101109	＜兼修＞ドイツ語初級b(D)	kotoba
101110	＜兼修＞ドイツ語初級b(E)	kotoba
101111	＜兼修＞ドイツ語初級b(F)	kotoba
101120	英語1(B)（豊中開講）	kotoba
101121	英語1(A)（豊中開講）	kotoba,seiji,kokusai
101122	英語1(C)（豊中開講）	kotoba
101123	英語2(B)（豊中開講）	kotoba,bunka
101124	英語2(C)（豊中開講）	kotoba
101125	英語2(A)（豊中開講）	kotoba
101126	英語3(C)（豊中開講）	kotoba,seiji,kokusai
101127	英語3(A)（豊中開講）	kotoba,rekishi,bunka,shakai,gender
101128	英語3(B)（豊中開講）	kotoba
101129	英語4(B)（豊中開講）	kotoba
101130	英語4(A)（豊中開講）	kotoba
101131	英語4(C)（豊中開講）	kotoba
101132	英語5(A)（豊中開講）	kotoba
101133	英語5(B)（豊中開講）	kotoba
101134	英語5(C)（豊中開講）	kotoba
101135	英語11(C)	kotoba,bunka,media
101136	英語11(A)	kotoba,bunka,media
101137	英語11(B)	kotoba,bunka,shakai
101138	英語12(A)	kotoba
101139	英語12(C)	kotoba
101140	英語12(B)	kotoba
101141	英語13(C)	kotoba,shakai,media,kokusai
101142	英語13(A)	kotoba
101143	英語13(B)	kotoba,bunka,media
101144	英語14(A)	kotoba
101145	英語14(B)	kotoba
101146	英語14(C)	kotoba
101147	英語15(B)	kotoba
101148	英語15(A)	kotoba
101149	英語15(C)	kotoba
101150	英語Ia(A)	kotoba,kokusai
101151	英語Ib(A)	kotoba,kokusai
101152	英語IIa	kotoba,bunka,kokusai
101153	英語IIb	kotoba
101154	英語IIIa(A)	kotoba,bunka,media
101155	英語IIIb(A)	kotoba,bunka,media
101156	英語IVa	kotoba,bunka,media
101157	英語IVb	kotoba,bunka,shakai,seiji,media
101158	英語Va	kotoba,bunka,media
101159	英語Vb	kotoba,bunka,media
101160	英語VIa	kotoba,bunka,media
101161	英語VIb	kotoba,bunka,media
101162	英語VIIa	kotoba,bunka,media
101163	英語VIIb	kotoba,bunka,media
101164	英語VIIIa	kotoba,bunka,media
101165	英語VIIIb	kotoba,bunka,media
101166	英語IXa	kotoba
101167	英語IXb	kotoba
101168	英語Xa	kotoba
101169	英語Xb	kotoba
101170	英語XIa	kotoba
101171	英語XIb	kotoba
101172	英語XIIa	kotoba
101173	英語XIIb	kotoba,shinri,joho
101174	【専攻科目】アメリカ文学・文化概論a	bungaku,rekishi,geijutsu,bunka,shakai
101175	【専攻科目】アメリカ文学・文化概論b	bungaku,rekishi,geijutsu,bunka,shakai
101176	【専攻科目】イギリス文学・文化概論a	bungaku,rekishi,geijutsu,bunka
101177	【専攻科目】イギリス文学・文化概論b	bungaku,rekishi,bunka
101178	【専攻科目】アメリカ史概論a	rekishi,bunka,shakai,seiji
101179	【専攻科目】アメリカ史概論b	rekishi,bunka,shakai,seiji
101180	【専攻科目】イギリス文化概論a	rekishi,seiji,kokusai
101181	【専攻科目】イギリス文化概論b	rekishi,shakai,seiji,kokusai
101182	【専攻科目】英語学講義a	kotoba
101183	【専攻科目】英語学講義b	kotoba
101184	【専攻科目】イギリス文学・文化講義a	bungaku,rekishi,bunka
101185	【専攻科目】イギリス文学・文化講義b	bungaku,rekishi,bunka
101186	【専攻科目】イギリス文化講義a	bungaku,rekishi,geijutsu,bunka,gender
101187	【専攻科目】イギリス文化講義b	bungaku,rekishi,geijutsu,shakai,gender
101188	【専攻科目】アメリカ文学・文化講義a	bungaku
101189	【専攻科目】アメリカ文学・文化講義b	bungaku
101190	【専攻科目】英語学演習IIIa(A)（豊中開講）	kotoba
101191	【専攻科目】英語学演習IIIb(A)（豊中開講）	kotoba
101192	【専攻科目】英語学演習IVa(A)	kotoba
101193	【専攻科目】英語学演習IVb(A)	kotoba
101194	【専攻科目】英語学演習Ia(B)	kotoba,bunka
101195	【専攻科目】英語学演習Ib(B)	kotoba
101196	【専攻科目】英語学特別演習IIa(A)	kotoba
101197	【専攻科目】英語学特別演習IIb(A)	kotoba
101198	【専攻科目】英語学特別演習IIIa	kotoba
101199	【専攻科目】英語学特別演習IIIb	kotoba
101202	【専攻科目】英語学特別演習Va	kotoba
101203	【専攻科目】英語学特別演習Vb	kotoba
101204	【専攻科目】イギリス文学・文化演習Ia	bungaku
101205	【専攻科目】イギリス文学・文化演習Ib	bungaku
101206	【専攻科目】イギリス文化演習Ia(A)	rekishi,seiji
101207	【専攻科目】イギリス文化演習Ib(A)	rekishi,seiji,kokusai
101210	【専攻科目】イギリス文学・文化特別演習a	bungaku,rekishi,bunka,shakai
101211	【専攻科目】イギリス文学・文化特別演習b	bungaku,rekishi,bunka,shakai
101212	【専攻科目】イギリス文化特別演習Ia	bungaku,geijutsu,bunka
101213	【専攻科目】イギリス文化特別演習Ib	bungaku,geijutsu,bunka
101214	【専攻科目】イギリス文化特別演習IIa	rekishi,seiji,kokusai
101215	【専攻科目】イギリス文化特別演習IIb	rekishi,seiji,kokusai
101218	【専攻科目】アメリカ文学・文化演習IIa	bungaku,bunka
101219	【専攻科目】アメリカ文学・文化演習IIb	bungaku,bunka,shakai
101220	【専攻科目】アメリカ文学・文化演習Ia(A)	geijutsu,bunka,media
101221	【専攻科目】アメリカ文学・文化演習Ib(A)	geijutsu,bunka,media
101222	【専攻科目】アメリカ歴史・政経演習Ia(A)	rekishi,bunka,seiji,media,kokusai
101223	【専攻科目】アメリカ歴史・政経演習Ib(A)	rekishi,bunka,shakai,kankyo
101224	【専攻科目】アメリカ歴史・政経講義a	rekishi,seiji,kokusai
101225	【専攻科目】アメリカ歴史・政経講義b	rekishi,seiji,kokusai
101226	【専攻科目】アメリカ文学・文化特別演習Ia	bungaku,bunka,shakai
101227	【専攻科目】アメリカ文学・文化特別演習Ib	bungaku,bunka,shakai
101228	【専攻科目】アメリカ文学・文化特別演習IIa	bungaku,geijutsu,shakai,gender
101229	【専攻科目】アメリカ文学・文化特別演習IIb	bungaku,geijutsu,shakai,gender
101230	【専攻科目】アメリカ歴史・政経特別演習a	bunka,shakai,seiji,keizai,kokusai
101231	【専攻科目】アメリカ歴史・政経特別演習b	bunka,shakai,seiji,keizai,kokusai
101233	【専攻科目】イギリス文化演習Ia(B)	bungaku,geijutsu,bunka
101234	＜兼修＞英語（語学）a(C)	kotoba
101236	＜兼修＞英語（語学）a(E)	kotoba
101238	＜兼修＞英語（語学）a(G)	kotoba,rekishi
101239	＜兼修＞英語（語学）a(H)	kotoba,bunka
101240	＜兼修（高度）＞英語学Ib(A)	kotoba,rekishi
101242	【専攻科目】イギリス文化演習Ib(B)	bungaku,geijutsu,bunka
101243	＜兼修（高度）＞英語（語学）b(C)	kotoba
101245	＜兼修（高度）＞英語（語学）b(E)	kotoba
101247	＜兼修（高度）＞英語（語学）b(G)	kotoba,rekishi
101248	＜兼修（高度）＞英語（語学）b(H)	kotoba,bunka,media
101249	＜兼修＞英語学Ia(A)	kotoba,rekishi
101250	＜兼修＞英語会話IIa(A)	kotoba,bunka,shakai,gender,kokusai
101252	＜兼修＞英語（文学）a(A)	kotoba,bungaku,tetsugaku,shukyo
101253	＜兼修＞英米文化IIIa(A)（豊中開講）	kotoba,bungaku,rekishi,bunka
101255	＜兼修＞英語（語学）a(A)（豊中開講）	kotoba
101256	＜兼修＞英語（文学）a(C)	bungaku,shakai
101257	＜兼修＞英語（文学）a(D)	bungaku,bunka,shakai
101258	【専攻科目】英語学演習Ia(C)（豊中開講）	kotoba
101259	＜兼修＞英語学Ia(B)	kotoba
101260	＜兼修（高度）＞英語会話IIb(A)	kotoba,bunka,shakai,gender,kokusai
101261	＜兼修（高度）＞英米文化IIIb(A)（豊中開講）	kotoba,bungaku,rekishi,bunka
101262	＜兼修（高度）＞英語（文学）b(A)	kotoba,bungaku,tetsugaku,shukyo
101265	＜兼修（高度）＞英語（語学）b(A)（豊中開講）	kotoba
101266	＜兼修（高度）＞英語（文学）b(C)	bungaku,shakai
101267	＜兼修（高度）＞英語（文学）b(D)	bungaku,bunka,shakai
101268	【専攻科目】英語学演習Ib(C)（豊中開講）	kotoba
101269	＜兼修（高度）＞英語学Ib(B)	kotoba
101270	＜兼修＞英米文化IIa(A)	kotoba,media
101272	＜兼修＞英語（文化）a(B)	kotoba,rekishi,bunka
101275	＜兼修＞英語（文化）a(D)	bunka,shakai,kyoiku,gender,kokusai
101279	＜兼修（高度）＞英米文化IIb(A)	kotoba,media
101281	＜兼修（高度）＞英語（文化）b(B)	kotoba,rekishi,bunka
101284	＜兼修（高度）＞英語（文化）b(D)	bungaku,geijutsu,bunka,seiji,kokusai
101291	＜兼修＞英語（コミュニケーション）a(B)	kotoba
101292	＜兼修＞英語（コミュニケーション）a(C)	kotoba
101293	＜兼修＞英語（コミュニケーション）a(D)	kotoba
101294	＜兼修＞英語（コミュニケーション）a(E)	kotoba
101295	＜兼修＞英語（コミュニケーション）a(F)	kotoba
101296	＜兼修＞英語会話Ia(A)	kotoba
101300	＜兼修（高度）＞英語（コミュニケーション）b(B)	kotoba
101301	＜兼修（高度）＞英語（コミュニケーション）b(C)	kotoba
101302	＜兼修（高度）＞英語（コミュニケーション）b(D)	kotoba
101303	＜兼修（高度）＞英語（コミュニケーション）b(E)	kotoba
101304	＜兼修（高度）＞英語（コミュニケーション）b(F)	kotoba
101305	＜兼修（高度）＞英語会話Ib(A)	kotoba
101306	＜兼修＞英語学Ia(C)	kotoba
101307	＜兼修＞英語学Ia(D)	kotoba,kyoiku
101308	＜兼修＞英語学Ia(E)	kotoba,rekishi
101309	＜兼修（高度）＞英語学Ib(C)	kotoba
101310	＜兼修（高度）＞英語学Ib(D)	kotoba,kyoiku
101311	＜兼修（高度）＞英語学Ib(E)	kotoba,rekishi
101312	＜兼修＞英語学IIa(A)	shakai,shinri,iryo
101313	＜兼修＞英語学IIa(B)	kotoba
101314	＜兼修＞英語学IIa(C)	kotoba
101315	＜兼修＞英語学IIa(D)	kotoba
101316	＜兼修（高度）＞英語学IIb(A)	shakai,shinri,iryo
101317	＜兼修（高度）＞英語学IIb(B)	kotoba
101318	＜兼修（高度）＞英語学IIb(C)	kotoba
101319	＜兼修（高度）＞英語学IIb(D)	kotoba
101320	＜兼修＞英文学Ia(A)	bungaku,geijutsu,bunka,shakai
101321	＜兼修＞英語作文IIa(A)	kotoba
101322	＜兼修＞英文学Ia(B)	bungaku
101323	＜兼修＞英文学Ia(C)	kotoba,bungaku,bunka,shakai
101324	＜兼修（高度）＞英文学Ib(A)	bungaku,geijutsu,bunka,shakai
101325	＜兼修（高度）＞英語作文IIb(A)	kotoba
101326	＜兼修（高度）＞英文学Ib(B)	kotoba,bungaku,bunka
101327	＜兼修（高度）＞英文学Ib(C)	bungaku,bunka,shakai,kankyo
101328	＜兼修＞英文学IIa(A)	bungaku,geijutsu,bunka,shakai
101329	＜兼修＞英文学IIa(B)	bungaku,rekishi,geijutsu,bunka,shakai
101330	＜兼修＞英文学IIa(C)	kotoba,bungaku,bunka,shakai
101331	＜兼修（高度）＞英文学IIb(A)	bungaku,geijutsu,bunka,shakai
101332	＜兼修（高度）＞英文学IIb(B)	bungaku,rekishi,geijutsu,bunka,shakai
101333	＜兼修（高度）＞英文学IIb(C)	bungaku,bunka,shakai,kankyo
101334	＜兼修＞英米文化Ia(B)	kotoba,rekishi,bunka
101336	＜兼修（高度）＞英米文化Ib(B)	kotoba,rekishi,bunka
101338	＜兼修＞英語（文学）a(E)（豊中開講）	bungaku,bunka
101339	＜兼修（高度）＞英語（文学）b(E)（豊中開講）	bungaku,bunka
101340	＜兼修＞英文学IIa(E)	bungaku,bunka
101341	＜兼修（高度）＞英文学IIb(E)	kotoba,bungaku,bunka
101342	＜兼修＞英米文化IIa(B)	bungaku,bunka,shakai,gender
101344	＜兼修（高度）＞英米文化IIb(B)	bungaku,bunka,shakai,gender
101345	＜兼修＞英米文化IIa(C)	kotoba,rekishi,bunka,seiji,kokusai
101348	＜兼修＞英米文化IVa(B)	kotoba,rekishi,bunka
101349	＜兼修（高度）＞英米文化IVb(B)	kotoba,rekishi,bunka
101352	＜兼修＞英米文化VIa	kotoba,bungaku,geijutsu,bunka,shakai
101353	＜兼修（高度）＞英米文化VIb	bungaku,bunka,shakai,media
101354	＜兼修＞英語（文化）a(I)（豊中開講）	rekishi,bunka,seiji
101355	＜兼修＞英語会話Ia(B)	kotoba,bunka,kokusai
101356	＜兼修＞英語会話Ia(C)	kotoba,bunka,ai
101357	＜兼修＞英語会話Ia(D)	kotoba,bunka,kokusai
101358	＜兼修＞英語会話Ia(E)	kotoba,shakai,media,gender,energy
101360	＜兼修（高度）＞英語（文化）b(I)（豊中開講）	rekishi,bunka,seiji
101361	＜兼修（高度）＞英語会話Ib(B)	kotoba,bunka,kokusai
101362	＜兼修（高度）＞英語会話Ib(C)	kotoba,bunka,ai
101363	＜兼修（高度）＞英語会話Ib(D)	kotoba,bunka,kokusai
101364	＜兼修（高度）＞英語会話Ib(E)	kotoba,shakai,media,gender,energy
101366	＜兼修＞英米文化IVa(C)（豊中開講）	rekishi,bunka,seiji
101367	＜兼修＞英語会話IIa(B)	kotoba,shakai,seiji,media
101368	＜兼修＞英語会話IIa(C)	kotoba,shakai,seiji,media
101370	＜兼修＞英語会話IIa(E)	kotoba
101371	＜兼修（高度）＞英米文化IVb(C)（豊中開講）	rekishi,bunka,seiji
101372	＜兼修（高度）＞英語会話IIb(B)	kotoba,shakai,seiji,media
101373	＜兼修（高度）＞英語会話IIb(C)	kotoba,shakai,seiji,media
101375	＜兼修（高度）＞英語会話IIb(E)	kotoba
101376	＜兼修＞英語作文Ia(A)	kotoba,ai
101377	＜兼修（高度）＞英語作文Ib(A)	kotoba,ai
101378	＜兼修＞英語作文IIa(B)	kotoba
101379	＜兼修（高度）＞英語作文IIb(B)	kotoba
101380	英語Ia(B)	kotoba,shakai,kokusai
101381	英語Ib(B)	kotoba,keizai,kokusai
101382	【専攻科目】英語学演習IIa(B)	kotoba,rekishi
101383	【専攻科目】英語学演習IIb(B)	kotoba,bungaku,rekishi
101384	【専攻科目】アメリカ歴史・政経演習Ia(B)	rekishi,bunka,shakai,keizai,kokusai
101393	＜兼修＞英米文化IIIa(C)	rekishi,bunka,seiji
101394	＜兼修＞英語作文Ia(B)	kotoba,bungaku
101395	＜兼修＞英語作文IIa(C)	kotoba,bungaku
101398	＜兼修（高度）＞英米文化IIIb(C)	rekishi,bunka,seiji
101399	＜兼修（高度）＞英語作文Ib(B)	kotoba
101400	＜兼修（高度）＞英語作文IIb(C)	kotoba,bungaku
101403	＜兼修＞英語作文Ia(C)	kotoba,ai
101404	＜兼修（高度）＞英語作文Ib(C)	kotoba,ai
101406	【専攻科目】英語国際ビジネスコミュニケーション入門a	kotoba,bunka,keizai,kokusai
101407	【専攻科目】英語国際ビジネスコミュニケーション入門b	kotoba,bunka,keizai,kokusai
101408	【専攻科目】国際ビジネスコミュニケーション演習a	kotoba,bunka,keizai,kokusai
101409	【専攻科目】国際ビジネスコミュニケーション演習b	kotoba,bunka,keizai,kokusai
101410	【専攻科目】英語学演習Ia(A)	kotoba
101411	【専攻科目】英語学演習Ib(A)	kotoba,rekishi,shukyo
101412	【専攻科目】イギリス文化演習IIa(B)	bungaku,rekishi,geijutsu,bunka,shakai
101413	【専攻科目】イギリス文化演習IIb(B)	bungaku,geijutsu,bunka,shakai,gender
101415	＜兼修＞英語学Ia(G)	kotoba
101416	＜兼修（高度）＞英語学Ib(G)	kotoba
101418	【専攻科目】アメリカ歴史・政経演習Ib(B)	rekishi,bunka,shakai,kokusai,shoku
101424	フランス語1(A)（豊中開講）	kotoba
101425	フランス語1(B)（豊中開講）	kotoba
101426	フランス語2(A)（豊中開講）	kotoba
101427	フランス語2(B)（豊中開講）	kotoba
101428	フランス語3（豊中開講）	kotoba
101429	フランス語4(A)（豊中開講）	kotoba
101430	フランス語4(B)（豊中開講）	kotoba
101431	フランス語5（豊中開講）	kotoba
101432	フランス語11	kotoba
101433	フランス語12	kotoba
101434	フランス語13(A)	kotoba
101435	フランス語13(B)	kotoba
101436	フランス語14(A)	kotoba
101437	フランス語14(B)	kotoba
101438	フランス語15(A)	kotoba
101439	フランス語15(B)	kotoba
101440	フランス語Ia	kotoba
101441	フランス語Ib	kotoba
101442	フランス語IIa(A)	kotoba
101443	フランス語IIa(B)	kotoba
101444	フランス語IIb(B)	kotoba
101445	フランス語IIb(A)	kotoba
101446	フランス語IIIa	kotoba,keizai
101447	フランス語IIIb	kotoba,keizai
101448	フランス語IVa	kotoba
101449	フランス語IVb	kotoba
101452	【専攻科目】フランス研究入門Ia	bungaku,rekishi,tetsugaku,bunka
101453	【専攻科目】フランス研究入門Ib	bungaku,rekishi,bunka
101454	【専攻科目】フランス研究入門IIa	rekishi,bunka,shakai,keizai
101455	【専攻科目】フランス研究入門IIb	rekishi,bunka,shakai,seiji,keizai
101456	【専攻科目】フランス語学講義a	kotoba
101457	【専攻科目】フランス語学講義b	kotoba,shakai,kyoiku
101461	【専攻科目】フランス思想講義a	rekishi,tetsugaku
101462	【専攻科目】フランス思想講義b	rekishi,tetsugaku,butsuri
101463	【専攻科目】フランス文学講義a	bungaku,rekishi,bunka,shakai
101464	【専攻科目】フランス文学講義b	bungaku,rekishi,bunka,shakai
101465	【専攻科目】フランス語学演習a	kotoba
101466	【専攻科目】フランス語学演習b	kotoba
101469	【専攻科目】フランス文化演習Ia	rekishi,bunka,shakai,seiji,keizai
101470	【専攻科目】フランス文化演習Ib	rekishi,bunka,shakai,seiji,keizai
101471	【専攻科目】フランス文化演習IIa	rekishi,bunka
101472	【専攻科目】フランス文化演習IIb	rekishi,bunka
101473	【専攻科目】フランス文化演習IIIa	shukyo,bunka,shakai,seiji,kokusai
101474	【専攻科目】フランス文化演習IIIb	shukyo,bunka,shakai,seiji,kokusai
101475	【専攻科目】フランス社会演習a	bunka,shakai
101476	【専攻科目】フランス社会演習b	bunka,shakai
101477	【専攻科目】フランス思想演習a	rekishi,tetsugaku,geijutsu,media
101478	【専攻科目】フランス思想演習b	rekishi,tetsugaku,geijutsu,media
101479	＜兼修＞フランス語中級Ia(A)	kotoba
101480	＜兼修＞フランス語中級Ia(B)	kotoba
101481	＜兼修（高度）＞フランス語中級Ib(A)	kotoba
101482	＜兼修（高度）＞フランス語中級Ib(B)	kotoba
101483	＜兼修＞フランス語中級IIa(B)	kotoba
101484	＜兼修＞フランス語中級IIa(A)	kotoba
101486	＜兼修（高度）＞フランス語中級IIb(B)	kotoba
101487	＜兼修（高度）＞フランス語中級IIb(A)	kotoba,ai
101489	＜兼修＞フランス語初級a(B)	kotoba
101490	＜兼修＞フランス語初級a(D)	kotoba
101491	＜兼修＞フランス語初級a(F)	kotoba
101492	＜兼修＞フランス語初級a(C)	kotoba
101493	＜兼修＞フランス語初級a(E)	kotoba
101494	＜兼修＞フランス語初級a(A)（豊中開講）	kotoba
101495	＜兼修＞フランス語初級b(B)	kotoba
101496	＜兼修＞フランス語初級b(D)	kotoba
101497	＜兼修＞フランス語初級b(F)	kotoba
101498	＜兼修＞フランス語初級b(C)	kotoba
101499	＜兼修＞フランス語初級b(E)	kotoba
101500	＜兼修＞フランス語初級b(A)（豊中開講）	kotoba
101502	【専攻科目】フランス文化演習IVb	bunka
101504	【専攻科目】フランス文化演習IVa	bunka
101505	イタリア語1（豊中開講）	kotoba
101506	イタリア語2（豊中開講）	kotoba
101507	イタリア語3（豊中開講）	kotoba
101508	イタリア語4（豊中開講）	kotoba
101509	イタリア語5（豊中開講）	kotoba
101510	イタリア語11	kotoba
101511	イタリア語12	kotoba,bungaku,bunka
101512	イタリア語13	kotoba
101513	イタリア語14	kotoba
101514	イタリア語15	kotoba,bunka
101515	イタリア語Ia	kotoba
101516	イタリア語Ib	kotoba
101517	イタリア語IIa	kotoba,bunka
101518	イタリア語IIb	kotoba,bunka,shakai
101519	イタリア語IIIa	kotoba
101520	イタリア語IIIb	kotoba
101521	イタリア語IVa	kotoba
101522	イタリア語IVb	kotoba
101523	【専攻科目】イタリア言語文化概説Ia	bungaku,bunka,gender
101524	【専攻科目】イタリア言語文化概説Ib	bungaku,bunka,gender
101525	【専攻科目】イタリア言語文化概説IIa	rekishi,bunka,shakai,shoku
101526	【専攻科目】イタリア言語文化概説IIb	rekishi,bunka,shakai,seiji,monodukuri
101531	【専攻科目】イタリア文化講義Ia	geijutsu,bunka,shakai,seiji,media
101532	【専攻科目】イタリア文化講義Ib	geijutsu,bunka,shakai,seiji,media
101533	【専攻科目】イタリア文化講義IIa	bungaku,rekishi,geijutsu,bunka
101534	【専攻科目】イタリア文化講義IIb	kotoba,bungaku,geijutsu,bunka
101535	【専攻科目】イタリア文化講義IIIa	rekishi,geijutsu,bunka
101536	【専攻科目】イタリア文化講義IIIb	rekishi,geijutsu,bunka
101543	＜兼修＞イタリア語中級a(A)	kotoba,bunka
101544	＜兼修＞イタリア語中級a(B)	kotoba
101545	＜兼修（高度）＞イタリア語中級b(A)	kotoba,rekishi,shakai
101546	＜兼修（高度）＞イタリア語中級b(B)	kotoba
101547	＜兼修＞イタリア語初級a(A)	kotoba
101548	＜兼修＞イタリア語初級a(B)	kotoba
101549	＜兼修＞イタリア語初級a(C)	kotoba
101550	＜兼修＞イタリア語初級a(D)（豊中開講）	kotoba
101551	＜兼修＞イタリア語初級b(A)	kotoba
101552	＜兼修＞イタリア語初級b(B)	kotoba
101553	＜兼修＞イタリア語初級b(C)	kotoba
101554	＜兼修＞イタリア語初級b(D)（豊中開講）	kotoba
101557	【専攻科目】スペイン語圏事情講義a	rekishi,bunka,shakai,kokusai
101558	【専攻科目】スペイン語圏事情講義b	rekishi,bunka,kokusai
101559	バスク語a	kotoba,bunka
101560	バスク語b	kotoba
101561	ガリシア語a	kotoba,bunka
101562	ガリシア語b	kotoba,bunka
101565	スペイン語1（豊中開講）	kotoba
101566	スペイン語2（豊中開講）	kotoba
101567	スペイン語3(A)（豊中開講）	kotoba,bunka
101568	スペイン語3(B)（豊中開講）	kotoba,bunka
101569	スペイン語4(A)（豊中開講）	kotoba
101570	スペイン語4(B)（豊中開講）	kotoba
101571	スペイン語5(A)（豊中開講）	kotoba
101572	スペイン語5(B)（豊中開講）	kotoba
101573	スペイン語5(C)（豊中開講）	kotoba
101574	スペイン語5(D)（豊中開講）	kotoba
101575	スペイン語11(A)	kotoba
101576	スペイン語11(B)	kotoba
101577	スペイン語12(A)	kotoba
101578	スペイン語12(B)	kotoba
101579	スペイン語13(B)	kotoba,bungaku
101580	スペイン語13(A)	kotoba,bungaku,bunka,shakai
101581	スペイン語14(B)	kotoba,rekishi,bunka
101582	スペイン語14(A)	kotoba,rekishi,bunka
101583	スペイン語15(A)	kotoba
101584	スペイン語15(B)	kotoba
101585	スペイン語15(C)	kotoba
101586	スペイン語15(D)	kotoba
101587	スペイン語Ia	kotoba
101588	スペイン語Ib	kotoba
101589	スペイン語IIa(A)	kotoba
101590	スペイン語IIb(A)	kotoba
101591	スペイン語IIIa(B)	kotoba
101592	スペイン語IIIb(B)	kotoba
101593	スペイン語VIa(B)	kotoba,shukyo,geijutsu,bunka,kyoiku
101594	スペイン語VIb(B)	kotoba
101599	【専攻科目】スペイン歴史・文化概論a	rekishi,bunka
101600	【専攻科目】スペイン歴史・文化概論b	rekishi,bunka,seiji
101601	【専攻科目】スペイン語学概論a	kotoba
101602	【専攻科目】スペイン文学概論	bungaku,rekishi,bunka
101603	【専攻科目】スペイン語学講義Ia	kotoba,rekishi
101604	【専攻科目】スペイン語学講義Ib	kotoba,rekishi
101605	【専攻科目】スペイン文学講義a	bungaku,rekishi,bunka,shakai
101606	【専攻科目】スペイン文学講義b	bungaku,rekishi,bunka,shakai
101607	【専攻科目】スペイン歴史・文化講義a	rekishi,bunka
101608	【専攻科目】スペイン歴史・文化講義b	rekishi,bunka
101611	【専攻科目】スペイン語学演習Ia	kotoba
101612	【専攻科目】スペイン語学演習Ib	kotoba
101613	【専攻科目】スペイン文学演習Ia	bungaku,geijutsu,bunka
101614	【専攻科目】スペイン文学演習Ib	bungaku,geijutsu,bunka
101615	【専攻科目】スペイン文学演習IIa	bungaku,rekishi,geijutsu,bunka
101616	【専攻科目】スペイン文学演習IIb	bungaku,rekishi,geijutsu,bunka
101617	【専攻科目】スペイン歴史・文化演習Ia	rekishi,shukyo,bunka,seiji
101618	【専攻科目】スペイン歴史・文化演習Ib	rekishi,shukyo,bunka,seiji
101619	【専攻科目】スペイン歴史・文化演習IIa	rekishi,bunka,seiji
101620	【専攻科目】スペイン歴史・文化演習IIb	rekishi,bunka,seiji
101621	【専攻科目】スペイン語圏歴史・文化演習a	rekishi,bunka
101622	【専攻科目】スペイン語圏歴史・文化演習b	rekishi,bunka
101623	【専攻科目】スペイン語学特別演習a(A)	kotoba
101624	【専攻科目】スペイン語学特別演習b(A)	kotoba
101625	【専攻科目】スペイン文学特別演習a(B)	kotoba,bungaku
101626	【専攻科目】スペイン文学特別演習a(A)	bungaku,geijutsu,bunka
101627	【専攻科目】スペイン文学特別演習b(B)	kotoba,bungaku
101628	【専攻科目】スペイン文学特別演習b(A)	bungaku,geijutsu,bunka
101630	【専攻科目】スペイン歴史・文化特別演習a(B)	rekishi,bunka
101632	【専攻科目】スペイン歴史・文化特別演習b(B)	rekishi,bunka
101633	＜兼修＞スペイン語中級Ia(A)	kotoba,media
101634	＜兼修＞スペイン語中級Ia(B)	kotoba
101635	【専攻科目】スペイン語学特別演習a(B)	kotoba,kyoiku
101636	＜兼修（高度）＞スペイン語中級Ib(A)	kotoba,media
101637	＜兼修（高度）＞スペイン語中級Ib(B)	kotoba
101638	【専攻科目】スペイン語学特別演習b(B)	kotoba,kyoiku
101639	＜兼修＞スペイン語中級IIa(A)	kotoba
101640	＜兼修＞スペイン語中級IIa(B)	kotoba
101641	＜兼修（高度）＞スペイン語中級IIb(A)	kotoba
101642	＜兼修（高度）＞スペイン語中級IIb(B)	kotoba
101643	＜兼修＞スペイン語初級a(A)	kotoba
101644	＜兼修＞スペイン語初級a(B)	kotoba
101645	＜兼修＞スペイン語初級a(C)	kotoba
101646	＜兼修＞スペイン語初級a(D)	kotoba
101647	＜兼修＞スペイン語初級a(E)	kotoba
101648	＜兼修＞スペイン語初級a(F)（豊中開講）	kotoba
101649	＜兼修＞スペイン語初級b(A)	kotoba
101650	＜兼修＞スペイン語初級b(B)	kotoba
101651	＜兼修＞スペイン語初級b(C)	kotoba
101652	＜兼修＞スペイン語初級b(D)	kotoba
101653	＜兼修＞スペイン語初級b(E)	kotoba
101654	＜兼修＞スペイン語初級b(F)（豊中開講）	kotoba
101655	カタルニア語a	kotoba
101656	カタルニア語b	kotoba
101659	【専攻科目】ポルトガル語圏文化講義Ia	bunka,shakai,shoku,kankyo
101660	ポルトガル語13	kotoba,media
101661	【専攻科目】ポルトガル語圏文化講義IIa	rekishi,geijutsu,bunka,kokusai
101662	【専攻科目】ポルトガル語圏文化演習Ib	rekishi,bunka,shakai,kokusai
101665	ポルトガル語1(A)（豊中開講）	kotoba
101666	ポルトガル語2（豊中開講）	kotoba
101667	ポルトガル語3(A)（豊中開講）	kotoba
101668	ポルトガル語3(B)（豊中開講）	kotoba
101669	ポルトガル語4(A)（豊中開講）	kotoba
101670	ポルトガル語4(B)（豊中開講）	kotoba
101671	ポルトガル語5(A)（豊中開講）	kotoba,bunka
101672	ポルトガル語5(B)（豊中開講）	kotoba,bunka
101674	ポルトガル語12(A)	kotoba
101675	ポルトガル語12(B)	kotoba
101677	ポルトガル語11	kotoba
101678	ポルトガル語14	kotoba
101680	ポルトガル語15(A)	kotoba,rekishi,bunka
101681	ポルトガル語15(B)	kotoba,rekishi,bunka
101683	ポルトガル語Ib	kotoba
101684	ポルトガル語IIa	kotoba,bunka,shakai
101685	ポルトガル語IIb	kotoba,bunka,keizai
101686	ポルトガル語IIIa	kotoba,bunka
101687	ポルトガル語IIIb	kotoba,bunka
101688	ポルトガル語IVa	kotoba,bunka,shakai
101689	ポルトガル語IVb	kotoba,bunka,shakai
101690	ポルトガル語Va	kotoba,bungaku
101691	ポルトガル語Vb	kotoba,bungaku
101692	【専攻科目】ポルトガル語圏文化概論a	rekishi,bunka
101693	【専攻科目】ポルトガル語圏語学概論a	kotoba
101694	【専攻科目】ポルトガル語圏語学概論b	kotoba
101695	【専攻科目】ポルトガル語圏文学概論a	bungaku,rekishi,bunka
101696	【専攻科目】ポルトガル語圏文学概論b	bungaku,rekishi,bunka
101697	【専攻科目】ポルトガル語圏語学講義b	kotoba
101698	【専攻科目】ポルトガル語圏文学講義a	bungaku,rekishi,tetsugaku,bunka
101699	【専攻科目】ポルトガル語圏文学講義b	bungaku,rekishi,tetsugaku,bunka
101701	【専攻科目】ポルトガル語圏文化講義Ib	rekishi,geijutsu,bunka,shakai,shoku
101702	【専攻科目】ポルトガル語圏言語演習Ia	kotoba
101703	【専攻科目】ポルトガル語圏言語演習Ib	kotoba
101704	【専攻科目】ポルトガル語圏言語演習IIa	kotoba
101705	【専攻科目】ポルトガル語圏言語演習IIb	kotoba
101706	【専攻科目】ポルトガル語圏言語演習IIIa	kotoba
101707	【専攻科目】ポルトガル語圏言語演習IIIb	kotoba
101708	【専攻科目】ポルトガル語圏文学演習Ia	bungaku
101709	【専攻科目】ポルトガル語圏文学演習Ib	bungaku
101710	【専攻科目】ポルトガル語圏文学演習IIa	bungaku
101711	【専攻科目】ポルトガル語圏文学演習IIb	bungaku
101712	【専攻科目】ポルトガル語圏文学演習IIIa	bungaku,rekishi
101713	【専攻科目】ポルトガル語圏文学演習IIIb	bungaku
101714	【専攻科目】ポルトガル語圏文学演習IVa	kotoba,bungaku
101715	【専攻科目】ポルトガル語圏文学演習IVb	kotoba,bungaku
101716	【専攻科目】ポルトガル語圏文化演習IIa	bungaku,bunka
101717	【専攻科目】ポルトガル語圏文化演習IIb	rekishi,bunka,shakai,keizai
101718	【専攻科目】ポルトガル語圏文化演習IIIa	bungaku,bunka
101719	【専攻科目】ポルトガル語圏文化演習IIIb	rekishi,bunka,shakai,seiji,keizai
101720	【専攻科目】ポルトガル語圏文化演習IVa	geijutsu,bunka,media,shoku
101721	【専攻科目】ポルトガル語圏文化演習IVb	rekishi,geijutsu,bunka,shakai
101726	＜兼修＞ポルトガル語初級a(A)（豊中開講）	kotoba,bunka
101727	＜兼修＞ポルトガル語初級a(B)	kotoba,bunka
101728	＜兼修＞ポルトガル語初級b(A)（豊中開講）	kotoba,bunka
101729	＜兼修＞ポルトガル語初級b(B)	kotoba,bunka
101730	＜兼修＞ポルトガル語中級a	kotoba,bunka
101731	＜兼修（高度）＞ポルトガル語中級b	kotoba
101734	【専攻科目】ポルトガル語圏文化演習Va	bunka,shakai,seiji,keizai
101735	【専攻科目】ポルトガル語圏文化演習Vb	bunka,shakai,seiji,keizai
101736	【専攻科目】ポルトガル語圏言語演習IVa	kotoba
101737	【専攻科目】ポルトガル語圏言語演習IVb	kotoba,kyoiku
101738	ポルトガル語1(B)（豊中開講）	kotoba
101740	日本語1（豊中開講）	kotoba,rekishi,bunka,shakai
101741	日本語2（豊中開講）	kotoba,kyoiku
101742	日本語3（豊中開講）	kotoba,bunka,shakai
101743	日本語4（豊中開講）	kotoba,bunka
101744	日本語5（豊中開講）	kotoba,shakai
101745	日本語11	kotoba,shakai
101746	日本語12	kotoba
101747	日本語13	kotoba
101748	日本語14	kotoba,rekishi,bunka,shakai,media
101749	日本語15	kotoba,bungaku
101750	日本語Ia	kotoba
101751	日本語Ib	kotoba
101752	日本語IIa	kotoba
101753	日本語IIb	kotoba,kyoiku
101754	【専攻科目】日本語教育学概論	kotoba,bunka,kyoiku
101755	【専攻科目】対照言語学概論	kotoba
101756	【専攻科目】日本語学概論	kotoba,tetsugaku
101757	【専攻科目】言語学概論	kotoba
101758	【専攻科目】日本語学講義Ia	kotoba
101759	【専攻科目】日本語学講義Ib	kotoba
101760	【専攻科目】日本語学講義IIa	kotoba
101761	【専攻科目】日本語学講義IIb	kotoba
101762	【専攻科目】日本文化学講義IIa	rekishi,bunka
101763	【専攻科目】日本文化学講義IIb	rekishi,bunka
101764	【専攻科目】日本語教育学講義Ia	kotoba,kyoiku,gender
101765	【専攻科目】日本語教育学講義Ib	kotoba,kyoiku
101767	【専攻科目】日本語教育学講義IIb(B)	kotoba,bunka,shakai,kyoiku
101768	【専攻科目】日本語教育学講義IIIb	kotoba,kyoiku
101771	【専攻科目】漢文学a	bungaku,rekishi,bunka
101772	【専攻科目】漢文学b	bungaku,rekishi,geijutsu,bunka
101773	【専攻科目】日本語学演習Ia	kotoba
101774	【専攻科目】日本語学演習Ib	kotoba
101775	【専攻科目】日本語学演習IIa	kotoba,tokei
101776	【専攻科目】日本語学演習IIb	kotoba,tokei
101779	【専攻科目】日本文化学演習IIa	bungaku,rekishi,bunka,media
101780	【専攻科目】日本文化学演習IIb	bungaku,rekishi,bunka,media
101781	【専攻科目】日本文化学演習IIIa	bungaku,rekishi,shukyo,geijutsu,bunka
101785	【専攻科目】日本語教育学特別演習Ia	kotoba,kyoiku
101786	【専攻科目】日本語教育学特別演習Ib	kotoba,kyoiku
101787	【専攻科目】日本語教育学特別演習IIa	kotoba,kyoiku
101788	【専攻科目】日本語教育学特別演習IIb	kotoba,kyoiku
101791	【専攻科目】書道a	rekishi,geijutsu,bunka
101792	【専攻科目】書道b	kotoba,rekishi,geijutsu,bunka
101793	【専攻科目】日本語教育実習	kotoba,kyoiku
101794	【専攻科目】日本語教育学演習a	kotoba,kyoiku
101797	【専攻科目】日本文学史a	bungaku,rekishi
101798	【専攻科目】日本文学史b	bungaku,rekishi
101799	【専攻科目】日本事情演習a	rekishi,bunka,shakai
101801	（学共-方法論）世界文学・文化論	bungaku,bunka,kokusai
101805	（学共-方法論）言語学概論(D)	kotoba
101810	（学共-方法論）文化史(J)	shukyo,bunka
101811	（学共-方法論）Academic Presentation Course(C)	kotoba,keizai,media
101812	（学共-方法論）Academic Presentation Course(D)	kotoba,keizai,media
101816	（学共-方法論）Academic Presentation Course(G)	kotoba,keizai,iryo,ai
101817	（学共-方法論）Academic Presentation Course(H)	kotoba,keizai,media
101818	（学共-方法論）Academic Presentation Course(E)	kotoba,keizai,media
101819	（学共-方法論）Academic Writing Course(E)	kotoba
101820	（学共-方法論）Academic Writing Course(D)	kotoba
101822	（学共-方法論）Academic Writing Course(G)	kotoba,keizai,ai
101828	（学共-方法論）World English Seminar(F)	shakai,keizai,kokusai
101829	（学共-方法論）外国語教育(B)	kotoba,kyoiku
101831	（学共-方法論）文化概論(C)	kotoba,rekishi,bunka
101832	（学共-方法論）文化概論(D)	kotoba,rekishi,bunka
101833	（学共-方法論）文化史(E)	bungaku,bunka,shakai,media
101834	（学共-方法論）文化史(F)	bungaku,bunka,media,gender
101840	（学共-方法論）芸術史(F)	rekishi,tetsugaku,shukyo,geijutsu,bunka
101841	（学共-方法論）芸術史(I)	rekishi,geijutsu,bunka,kokusai
101842	（学共-特設）異文化理解演習(A)	bunka,kokusai
101843	（学共-特設）異文化理解演習(C)	bunka,kokusai
101844	（学共-特設）異文化理解演習(B)	geijutsu,bunka,media
101845	（学共-特設）異文化理解演習(D)	geijutsu,bunka,media
101846	（学共-方法論）外国語教育(F)	kotoba,kyoiku
101847	（学共-方法論）外国語教育(G)	kotoba,bunka,shakai,kyoiku,kokusai
101849	（学共-方法論）外国語教育(E)	shinri,kyoiku,nou
101850	（学共-方法論）外国語教育(H)	shinri,kyoiku,nou,iryo
101851	（学共-方法論）外国語教育(J)	kotoba,rekishi,kyoiku
101852	（学共-方法論）外国語教育(I)	kotoba,kyoiku
101853	（学共-方法論）外国語教育(C)	kotoba,kyoiku
101855	（学共-方法論）外国語教育(A)	kotoba
101858	（学共-方法論）芸術史(A)	rekishi,geijutsu,bunka
101859	（学共-方法論）芸術史(B)	rekishi,geijutsu,bunka
101863	（学共-方法論）言語学の基礎(F)	kotoba
101864	（学共-方法論）言語学の基礎(G)	kotoba
101866	（学共-方法論）文化史(A)	rekishi,tetsugaku,sugaku,butsuri,ikimono
101872	（学共-方法論）国際関係史(A)	rekishi,seiji,kokusai
101876	ラテン語a	kotoba
101877	ラテン語b	kotoba
101890	（学共-方法論）社会言語学研究a（豊中開講）	kotoba,shakai
101891	（学共-方法論）社会言語学研究b（豊中開講）	kotoba,shakai
101895	（学共-方法論）デジタルヒューマニティーズa（豊中開講）	kotoba,tokei,joho,ai
101896	（学共-方法論）デジタルヒューマニティーズb（豊中開講）	kotoba,tokei,joho,ai
101899	（学共-方法論）認知言語学研究a（豊中開講）	kotoba
101907	（学共-方法論）翻訳研究a（豊中開講）	kotoba
101908	（学共-方法論）翻訳研究b（豊中開講）	kotoba
101911	（学共-方法論）第二言語社会・文化研究a（豊中開講）	kotoba,rekishi,bunka,kyoiku
101912	（学共-方法論）第二言語社会・文化研究b（豊中開講）	kotoba,bunka,seiji,kyoiku,kokusai
101915	（学共-方法論）グローバリゼーション論a（豊中開講）	bungaku,geijutsu,bunka,kokusai,kankyo
101916	（学共-方法論）グローバリゼーション論b（豊中開講）	bungaku,rekishi,bunka,kokusai,kankyo
101917	（学共-方法論）言語文化共生論a（豊中開講）	bungaku,rekishi,geijutsu,bunka
101918	（学共-方法論）言語文化共生論b（豊中開講）	bungaku,rekishi,geijutsu,bunka
101921	（学共-方法論）言語文化比較交流論b（豊中開講）	kotoba,bungaku,rekishi,bunka
101923	（学共-方法論）文学概論	bungaku,rekishi,geijutsu,bunka
101924	マルタ語a	kotoba
101925	マルタ語b	kotoba
101927	【専攻科目】ポルトガル語圏文化講義IIb	bungaku,rekishi,bunka,shakai
101928	【専攻科目】ポルトガル語圏文化演習Ia	bungaku,rekishi,bunka,shakai
101929	【専攻科目】ポルトガル語圏文化概論b	bunka,shakai,seiji,keizai
101930	【専攻科目】ポルトガル語圏語学講義a	kotoba
101931	（学共-方法論）翻訳研究a（豊中開講）	kotoba,bungaku,rekishi,bunka,kyoiku
101934	【専攻科目】ハンガリー研究入門Ia	rekishi,geijutsu,bunka,shakai,seiji
101935	ハンガリー語Va	kotoba,bunka
101936	ハンガリー語Vb	kotoba,bunka
101937	（学共-方法論）翻訳研究b（豊中開講）	kotoba,bungaku,bunka,media
101938	【専攻科目】日本文化学講義IIIa	rekishi,geijutsu,bunka
101939	【専攻科目】日本文化学講義IIIb	rekishi,geijutsu,bunka
101942	（学共-特設）多言語共生社会演習(B)	kotoba,bungaku,tetsugaku,bunka,shakai
101943	【専攻科目】日本文化学講義Ia	kotoba,bungaku,rekishi,bunka
101944	【専攻科目】日本文化学講義Ib	rekishi,shukyo,geijutsu,bunka
101945	【専攻科目】日本語教育学講義IIIa	kotoba,kyoiku
101946	【専攻科目】日本文化学概論	shukyo,bunka
101949	【専攻科目】日本文化学演習IVa	bunka
101950	【専攻科目】日本文化学演習IVb	bunka
101952	（学共-方法論）グローバル地域社会論a	rekishi,bunka,shakai,kokusai
101953	（学共-方法論）グローバル地域社会論b	rekishi,bunka,shakai,kokusai
101961	中国語XIIIa	kotoba,media
101962	中国語XIIIb	kotoba
101965	【専攻科目】中国文化演習Ia	rekishi,bunka,shakai
101966	【専攻科目】中国文化演習Ib	rekishi,bunka,shakai,seiji
101969	【専攻科目】東南アジア社会文化演習I(D)	shakai
101970	【専攻科目】東南アジア社会文化演習IIa(E)	shakai
101971	【専攻科目】東南アジア社会文化演習I(C)	rekishi,geijutsu,bunka,butsuri,kagaku
101975	タイ語Vb	bunka,shakai,monodukuri
101976	ビルマ語IVa	kotoba,bungaku,bunka
101977	ビルマ語IVb	kotoba,bungaku,bunka
101982	【専攻科目】英語史概論a	kotoba,rekishi
101983	【専攻科目】英語史概論b	kotoba,rekishi
101984	【専攻科目】英語学概論a	kotoba
101985	【専攻科目】英語学概論b	kotoba
101989	（学共-特設）現代ジャーナリズム論I	rekishi,shakai,seiji,media,kokusai
101991	（学共-特設）現代ジャーナリズム論III	rekishi,shakai,seiji,media,kokusai
101993	【専攻科目】ビルマ文学演習Ia	bungaku,bunka,shakai
101994	【専攻科目】ビルマ文学演習Ib	kotoba,bungaku,bunka,shakai
101996	（学共-特設）総合知によるコミュニティ・エクステンション・リサーチ　方法と実践I(A)	bunka,kokusai
101997	（学共-特設）総合知によるコミュニティ・エクステンション・リサーチ　方法と実践II(A)	bunka,shakai,kokusai,kankyo
102001	中国語科教育法I	kotoba
102002	中国語科教育法II	kotoba
102003	中国語科教育法III	kotoba,bungaku,kyoiku
102004	中国語科教育法IV	kotoba,bungaku,kyoiku
102005	朝鮮語科教育法I	kotoba
102006	朝鮮語科教育法II	kotoba
102008	【専攻科目】インドネシア文化概論(A)	rekishi,shukyo,bunka,shakai,seiji
102009	【専攻科目】インドネシア文化概論(B)	rekishi,shukyo,bunka,shakai,seiji
102011	【専攻科目】タイ語学講義a	kotoba
102012	【専攻科目】タイ語学講義b	kotoba
102013	タイ語科教育法I	kotoba,bunka,shakai
102014	タイ語科教育法II	kotoba,bunka,shakai
102015	【専攻科目】ビルマ社会講義IIa	rekishi,bunka,shakai,seiji,keizai
102017	【専攻科目】南アジア歴史演習a	kotoba,rekishi,shukyo,bunka,media
102018	【専攻科目】南アジア歴史演習b	kotoba,rekishi,shukyo,bunka,media
102019	ウルドゥー語科教育法I	bungaku,rekishi,bunka
102020	ウルドゥー語科教育法II	bungaku,rekishi,bunka
102021	ウルドゥー語科教育法III	bungaku,rekishi,shukyo,geijutsu,bunka
102022	ウルドゥー語科教育法IV	kotoba,bungaku,rekishi,geijutsu,bunka
102023	＜兼修＞アラビア語初級a	kotoba
102024	＜兼修＞アラビア語初級b	kotoba
102025	アラビア語科教育法I	kotoba,bungaku
102026	アラビア語科教育法II	kotoba,bungaku
102031	ペルシア語科教育法I	kotoba
102032	ペルシア語科教育法II	kotoba
102033	【専攻科目】東南アジア地域研究概論a	bunka
102034	トルコ語科教育法I	kotoba
102035	トルコ語科教育法II	kotoba
102036	＜兼修＞スワヒリ語初級a	kotoba
102037	＜兼修＞スワヒリ語初級b	kotoba
102038	＜兼修＞スワヒリ語中級a	kotoba,bunka
102039	＜兼修（高度）＞スワヒリ語中級b	kotoba
102040	スワヒリ語科教育法I	kotoba,kyoiku
102041	スワヒリ語科教育法II	kotoba,kyoiku
102042	ブルガリア語a	kotoba
102043	ブルガリア語b	kotoba
102047	ロシア語科教育法I	kotoba,kyoiku
102048	ロシア語科教育法II	kotoba,kyoiku
102049	ロシア語科教育法III	kotoba,kyoiku
102050	ロシア語科教育法IV	kotoba,kyoiku
102051	【専攻科目】ハンガリー特別演習IIa	bunka
102052	【専攻科目】ハンガリー特別演習IIb	kotoba,bunka
102053	【専攻科目】ハンガリー特別演習IIIa	bunka
102054	【専攻科目】ハンガリー特別演習IIIb	bunka
102055	【専攻科目】ハンガリー特別演習Ia	kotoba
102056	【専攻科目】ハンガリー特別演習Ib	kotoba
102057	【専攻科目】ハンガリー特別講義	bunka
102059	【専攻科目】ハンガリー文化演習Ia	bunka,ikimono,shoku
102061	ハンガリー語科教育法I	kotoba
102062	ハンガリー語科教育法II	kotoba
102063	デンマーク語科教育法I	kotoba
102064	デンマーク語科教育法II	kotoba
102065	スウェーデン語科教育法I	kotoba
102066	スウェーデン語科教育法II	kotoba
102067	オランダ語a	kotoba
102068	オランダ語b	kotoba
102071	ドイツ語科教育法I	kotoba,bungaku
102072	ドイツ語科教育法II	kotoba,bunka
102073	ドイツ語科教育法III	kotoba,tetsugaku,ikimono
102074	ドイツ語科教育法IV	bungaku,tetsugaku
102075	【専攻科目】英語学特別演習IIa(B)	kotoba
102076	【専攻科目】英語学特別演習IIb(B)	kotoba
102077	英語科教育法V(A)	kotoba,kyoiku
102078	英語科教育法VI(A)	kotoba,kyoiku
102079	英語科教育法VI(B)	kotoba,kyoiku
102080	英語科教育法V(B)	kotoba,bunka,kyoiku
102081	【専攻科目】フランス文学演習a	bungaku
102082	【専攻科目】フランス文学演習b	bungaku
102083	【専攻科目】フランス歴史演習a	rekishi,bunka
102084	【専攻科目】フランス歴史演習b	rekishi,bunka
102085	【専攻科目】フランス歴史講義a	rekishi,bunka,shakai
102086	【専攻科目】フランス歴史講義b	rekishi,bunka,seiji
102087	【専攻科目】東南アジア地域研究概論b	bunka,shakai
102089	フランス語科教育法I	kotoba
102090	フランス語科教育法II	kotoba,bunka,kyoiku
102091	フランス語科教育法III	bungaku,bunka
102092	フランス語科教育法IV	rekishi,bunka,shakai,seiji,keizai
102093	【専攻科目】イタリア語学講義a	kotoba,rekishi
102094	【専攻科目】イタリア語学講義b	kotoba,rekishi
102095	【専攻科目】イタリア語学文学特別演習a	kotoba,bungaku
102096	【専攻科目】イタリア語学文学特別演習b	kotoba,bungaku,bunka
102097	【専攻科目】イタリア社会演習a	bunka,shakai,media
102098	【専攻科目】イタリア社会演習b	bunka,shakai,seiji,kokusai
102099	【専攻科目】イタリア社会講義a	rekishi,bunka,shakai,keizai
102100	【専攻科目】イタリア社会講義b	rekishi,bunka,shakai,seiji,keizai
102101	【専攻科目】イタリア文化演習a	kotoba,rekishi,geijutsu,bunka
102102	【専攻科目】イタリア文化演習b	kotoba,rekishi,bunka,media
102103	【専攻科目】イタリア文学講義a	bungaku,bunka,gender
102104	【専攻科目】イタリア文学講義b	bungaku,rekishi,bunka,gender
102105	【専攻科目】イタリア文化特別演習a	bungaku,rekishi,bunka,shakai
102106	【専攻科目】イタリア文化特別演習b	bunka,shakai
102107	【専攻科目】イタリア歴史講義a	rekishi,bunka,seiji
102108	【専攻科目】イタリア歴史講義b	rekishi,bunka,kokusai
102109	【専攻科目】イタリア歴史社会特別演習a	rekishi,bunka,shakai,kokusai
102110	【専攻科目】イタリア歴史社会特別演習b	rekishi,bunka,shakai,kokusai
102111	スペイン語IVa	kotoba
102112	スペイン語IVb	kotoba
102113	スペイン語Va(A)	kotoba,bunka
102114	スペイン語Vb(A)	kotoba
102115	スペイン語科教育法I	kotoba,rekishi
102116	スペイン語科教育法II	kotoba,rekishi
102119	ポルトガル語科教育法I	kotoba
102120	ポルトガル語科教育法II	kotoba
102121	【専攻科目】ポルトガル語圏文化演習VIa	rekishi,bunka,shakai,seiji,keizai
102122	【専攻科目】ポルトガル語圏文化演習VIb	rekishi,bunka,shakai,seiji,keizai
102123	国語科教育法V	kotoba
102124	国語科教育法VI	kotoba,kyoiku
102125	（学共-方法論）言語文化比較交流論a（豊中開講）	kotoba,bungaku,bunka
102127	【専攻科目】ドイツ語圏文化概論a(C)	rekishi,bunka,seiji,keizai,kankyo
102128	【専攻科目】ドイツ語圏文化概論a(B)	rekishi,tetsugaku,shukyo
102129	【専攻科目】ドイツ語圏文化概論b(C)	rekishi,bunka,seiji
102130	【専攻科目】ドイツ語圏文化概論b(B)	tetsugaku,shinri,ikimono,nou
102133	【専攻科目】日本語教育学講義IIb(A)	kotoba,kyoiku
102134	【専攻科目】言語学講義a	kotoba
102135	【専攻科目】言語学講義b	kotoba,tetsugaku
102136	【専攻科目】言語学演習(A)	kotoba
102137	【専攻科目】言語学演習(B)	kotoba
102138	（学共-方法論）言語文化共生論a（豊中開講）	bungaku,rekishi,bunka
102139	（学共-方法論）言語文化共生論b（豊中開講）	bungaku,rekishi,bunka
102142	ロシア語IVa	kotoba
102143	ロシア語IVb	kotoba
102144	（学共-方法論）English for Specific Purposes	kotoba,bunka,keizai,kokusai
102145	【専攻科目】モンゴル社会文化演習IIIa	bunka,shakai,shoku
102146	【専攻科目】モンゴル社会文化演習IIIb	bunka,shakai,shoku
102147	【専攻科目】フィリピン社会演習IIa	bunka,shakai
102148	【専攻科目】フィリピン社会演習IIb	bunka,shakai
102151	【専攻科目】フィリピン言語演習a(B)	bunka,shakai
102154	【専攻科目】フィリピン社会演習IVa	kotoba,bunka,shakai
102155	【専攻科目】フィリピン社会演習IVb	kotoba,bunka,shakai
102159	ベンガル語	kotoba,bunka
102160	エスペラント語	kotoba,shakai
102161	（学共-方法論）コミュニケーション論a（豊中開講）	kotoba,bunka,shakai,gender
102167	（学共-方法論）認知意味理論研究a(C)（豊中開講）	kotoba
102168	（学共-方法論）認知意味理論研究b(C)（豊中開講）	kotoba
102171	ヒンディー語14(B)	kotoba,bunka
102172	【専攻科目】東南アジア地域研究演習	bunka,shakai
102173	【専攻科目】ドイツ語圏文化概論a(D)	kotoba,bungaku,rekishi,bunka
102174	【専攻科目】ドイツ語圏文化概論b(D)	kotoba,rekishi,joho
102175	（学共-方法論）国際関係論	rekishi,seiji,kokusai
102176	（学共-方法論）社会調査法a	shakai,tokei
102177	（学共-方法論）社会調査法b	shakai,tokei
102178	（学共-方法論）言語学概論(F)	kotoba
102179	（学共-特設）バルカン学(A)	kotoba,rekishi,shukyo,bunka,seiji
102180	（学共-特設）バルカン学(B)	kotoba,bungaku,rekishi,shukyo,bunka
102181	（学共-方法論）超領域文化論a（豊中開講）	rekishi,bunka,shakai,seiji
102182	（学共-方法論）超領域文化論b（豊中開講）	rekishi,tetsugaku,bunka
102185	（学共-方法論）外国語学部生のためのデジタルツール(A)	joho
102186	（学共-方法論）外国語学部生のためのデジタルツール(B)	joho
102189	満洲語a	kotoba,rekishi
102190	満洲語b	kotoba,rekishi
102191	【専攻科目】アラブ文化論特別演習Ia	kotoba,rekishi,bunka,shakai
102192	【専攻科目】アラブ文化論特別演習Ib	kotoba,rekishi,bunka,shakai
102193	【専攻科目】アラブ文化論特別演習IIa	kotoba,shukyo,bunka,shakai,seiji
102194	【専攻科目】アラブ文化論特別演習IIb	kotoba,shukyo,bunka,shakai,seiji
102195	【専攻科目】トルコ学概論a	kotoba,bungaku,rekishi,shukyo,bunka
102196	【専攻科目】トルコ学概論b	kotoba,bungaku,rekishi,bunka,shakai
102197	【専攻科目】チュルク語学演習a	kotoba
102198	【専攻科目】チュルク語学演習b	kotoba
102199	【専攻科目】フランス文化講義Ib	kotoba,seiji,kokusai
102200	【専攻科目】フランス文化講義Ia	kotoba,bunka,seiji
102201	（学共-特設）多言語共生社会演習(A)	kotoba,shakai,kyoiku,kokusai
102202	（学共-特設）総合知によるコミュニティ・エクステンション・リサーチ　方法と実践I(B)	bunka,shakai
102203	（学共-特設）総合知によるコミュニティ・エクステンション・リサーチ　方法と実践II(B)	bunka,shakai
102204	チュルク諸語a	kotoba
102205	チュルク諸語b	kotoba
102206	（学共-特設）東方正教史a	rekishi,shukyo,bunka
102207	（学共-特設）東方正教史b	tetsugaku,shukyo,bunka
102208	【専攻科目】トルコ文学・文化演習a	bungaku,rekishi,geijutsu,bunka,shakai
102209	【専攻科目】トルコ文学・文化演習b	bungaku,rekishi,geijutsu,bunka,shakai
102210	【専攻科目】トルコ社会・歴史演習a	rekishi,bunka,shakai
102211	【専攻科目】トルコ社会・歴史演習b	rekishi,bunka,shakai
102212	（学共-方法論）社会言語学研究a（豊中開講）	kotoba,shakai,seiji,kyoiku
102213	（学共-方法論）社会言語学研究b（豊中開講）	kotoba,shakai,seiji,kyoiku
102214	【専攻科目】英語学演習Ia(D)（豊中開講）	kotoba
102215	【専攻科目】英語学演習Ib(D)（豊中開講）	kotoba
102216	（学共-方法論）認知言語学研究a(D)（豊中開講）	kotoba
102217	（学共-方法論）認知言語学研究b(D)（豊中開講）	kotoba
102218	（学共-特設）多文化社会と子ども	kotoba,shakai,kyoiku
102219	（学共-特設）警察通訳翻訳実務論	kotoba,seiji,kokusai
102220	（学共-特設）司法通訳翻訳論	kotoba,seiji,kokusai
103001	卒業論文（日本語)	bunka
103002	卒業論文（中国語)	bunka
103003	卒業論文（朝鮮語)	bunka
103004	卒業論文（モンゴル語)	bunka
103005	卒業論文（インドネシア語)	bunka
103006	卒業論文（フィリピン語)	bunka
103007	卒業論文（タイ語)	bunka
103008	卒業論文（ベトナム語)	bunka
103009	卒業論文（ビルマ語)	bunka
103010	卒業論文（ヒンディー語)	bunka
103011	卒業論文（ウルドゥー語)	kotoba,bunka
103012	卒業論文（アラビア語)	bunka
103013	卒業論文（ペルシア語)	bunka
103014	卒業論文（トルコ語)	kotoba,bungaku,rekishi,bunka,shakai
103015	卒業論文（スワヒリ語)	bunka
103016	卒業論文（ロシア語)	bunka
103017	卒業論文（ハンガリー語)	bunka
103018	卒業論文（デンマーク語)	bunka
103019	卒業論文（スウェーデン語)	kotoba,bungaku,rekishi,bunka,shakai
103020	卒業論文（ドイツ語)	bunka
103021	卒業論文（英語)	bunka
103022	卒業論文（フランス語)	kotoba,bungaku,rekishi,bunka,shakai
103023	卒業論文（イタリア語)	bunka
103024	卒業論文（スペイン語)	kotoba,bungaku,rekishi,bunka,keizai
103025	卒業論文（ポルトガル語)	bunka
103026	卒業論文（フィリピン語)	bunka
103027	卒業論文（モンゴル語)	bunka
103028	卒業論文（日本語)	bunka
103029	卒業論文（スウェーデン語)	kotoba,bungaku,rekishi,bunka,shakai
103030	卒業論文（ポルトガル語)	bunka
103031	卒業論文（スワヒリ語)	bunka
103032	卒業論文（ビルマ語)	bunka
103033	卒業論文（トルコ語)	kotoba,bungaku,rekishi,bunka,shakai
103034	卒業論文（フランス語)	kotoba,bungaku,rekishi,bunka,shakai
103035	卒業論文（朝鮮語)	bunka
103036	卒業論文（ロシア語)	bunka
103037	卒業論文（ドイツ語)	bunka
103038	卒業論文（英語)	bunka
103039	卒業論文（ペルシア語）	bunka
103040	卒業論文（ベトナム語)	bunka
103041	卒業論文（ヒンディー語)	bunka
103042	卒業論文（ハンガリー語)	bunka
103043	卒業論文（中国語）	bunka
103044	卒業論文（アラビア語）	bunka
103045	卒業論文（スペイン語）	kotoba,bungaku,rekishi,bunka,keizai
103046	卒業論文（インドネシア語)	bunka
103047	卒業論文（デンマーク語)	bunka
103048	卒業論文（タイ語）	bunka
103049	卒業論文（ウルドゥー語）	kotoba,bunka
103050	卒業論文（イタリア語）	bunka
10A033	（学共-地域系）東南アジア地域研究概論a	bunka,shakai
10A049	（高度教養）東アジア言語文化概論	kotoba,bungaku,geijutsu,bunka,shoku
10A050	（学共-地域系）中国研究概論	bungaku,bunka
10A087	（学共-地域系）東南アジア地域研究概論b	bunka,shakai
10A125	（高度教養）朝鮮社会文化概論	rekishi,bunka,seiji,kokusai
10A126	（高度教養）朝鮮言語文化概論	kotoba
10A151	（学共-地域系）フィリピン言語演習a(B)	bunka,shakai
10A154	（学共-地域系）フィリピン社会演習IVa	kotoba,bunka
10A155	（学共-地域系）フィリピン社会演習IVb	kotoba,bunka,shakai
10A195	（学共-地域系）トルコ学概論a	kotoba,bungaku,rekishi,shukyo,bunka
10A196	（学共-地域系）トルコ学概論b	kotoba,bungaku,rekishi,shukyo,bunka
10A206	（学共-地域系）モンゴル社会文化講義Ia	rekishi,bunka,shakai,gender,shoku
10A207	（学共-地域系）モンゴル社会文化講義Ib	rekishi,bunka,seiji,kyoiku,gender
10A208	（学共-地域系）モンゴル社会文化講義IIa	rekishi,bunka
10A209	（学共-地域系）モンゴル社会文化講義IIb	rekishi,bunka,seiji,kokusai
10A210	（学共-地域系）モンゴル社会文化講義IIIa	bunka,shakai,kankyo
10A211	（学共-地域系）モンゴル社会文化講義IIIb	shukyo,bunka,shakai,ikimono,kankyo
10A212	（学共-地域系）モンゴル社会文化講義IVa	rekishi,bunka,shakai,seiji,gender
10A213	（学共-地域系）モンゴル社会文化講義IVb	rekishi,shukyo,bunka,ikimono,kankyo
10A224	（学共-地域系）モンゴル社会文化演習IIa	bunka,shoku,monodukuri
10A225	（学共-地域系）モンゴル社会文化演習IIb	bunka,shoku,monodukuri
10A266	（高度教養）東南アジア社会文化演習IIa(B)	rekishi,bunka,seiji,kokusai
10A268	（高度教養）東南アジア社会文化演習IIb(B)	rekishi,bunka,shakai,seiji,kokusai
10A297	（学共-地域系）フィリピン言語演習b(B)	bunka,shakai
10A299	（高度教養）東南アジア社会文化演習IIa(F)	bungaku,bunka
10A300	（学共-地域系）東南アジア社会文化演習I(B)	bunka,shakai
10A301	（高度教養）東南アジア社会文化演習IIb(E)	bunka,shakai
10A302	（高度教養）東南アジア社会文化演習IIa(C)	shukyo,bunka,shakai
10A304	（高度教養）東南アジア社会文化演習IIb(F)	bungaku,bunka
10A311	（高度教養）東南アジア社会文化演習IIb(L)	shakai,seiji,keizai,kokusai
10A312	（高度教養）オセアニア言語講義a	kotoba
10A313	（高度教養）オセアニア言語講義b	kotoba
10A362	（高度教養）東南アジア社会文化演習IIb(I)	rekishi,shukyo,bunka
10A366	（学共-地域系）東南アジア社会文化概論	rekishi,bunka,seiji,iryo,kankyo
10A367	（学共-地域系）イスラーム世界概論	rekishi,shukyo,bunka,seiji,gender
10A399	（高度教養）東南アジア社会文化演習IIa(D)	shakai,kokusai
10A400	（高度教養）東南アジア社会文化演習IIb(D)	kotoba,shakai,kyoiku
10A449	（学共-地域系）ビルマ社会講義Ia	bunka,shakai
10A450	（学共-地域系）ビルマ社会講義Ib	bunka,shakai
10A455	（学共-地域系）東南アジア歴史概論a	rekishi,bunka
10A456	（高度教養）東南アジア歴史概論b	rekishi,bunka,shoku
10A458	（学共-地域系）東南アジア言語概論b	kotoba,bunka
10A459	（学共-地域系）東南アジア文化概論a	geijutsu,bunka,shakai,media
10A460	（高度教養）東南アジア文化概論b	shukyo,bunka,shakai,gender
10A521	（学共-地域系）南アジア文化概論a(B)	shukyo,bunka
10A522	（学共-地域系）南アジア文化概論b(B)	shukyo,bunka
10A540	（学共-地域系）南アジア文化概論a(A)	kotoba,bungaku,shukyo,bunka,shoku
10A541	（学共-地域系）南アジア文化概論b(A)	kotoba,bungaku,shukyo,bunka,shoku
10A595	（学共-地域系）現代アラブ地域概論a	rekishi,tetsugaku,shukyo,bunka,seiji
10A596	（高度教養）現代アラブ地域概論b	kotoba,rekishi,bunka,shakai
10A657	（学共-地域系）イラン言語・歴史概論Ia	rekishi,bunka,kankyo
10A658	（高度教養）イラン言語・歴史概論Ib	rekishi,bunka,shakai,keizai
10A659	（学共-地域系）イラン言語・歴史概論IIa	rekishi,shukyo,geijutsu,bunka
10A660	（高度教養）イラン言語・歴史概論IIb	geijutsu,bunka,shakai,media
10A724	（学共-地域系）トルコ語学演習a	kotoba
10A725	（学共-地域系）トルコ語学演習b	kotoba
10A757	（学共-地域系）アフリカ地域論概説a	rekishi,shukyo,bunka,shakai
10A758	（高度教養）アフリカ地域論概説b	rekishi,bunka,kokusai,shoku,kankyo
10A763	（学共-地域系）アフリカ言語学講義a	kotoba,bunka,shakai
10A764	（学共-地域系）アフリカ言語学講義b	kotoba
10A765	（高度教養）アフリカ文学講義a	bungaku,geijutsu,bunka
10A766	（高度教養）アフリカ文学講義b	bungaku,rekishi,geijutsu,bunka
10A769	（高度教養）アフリカ政治経済講義a	rekishi,shakai,seiji,keizai,shoku
10A770	（高度教養）アフリカ政治経済講義b	rekishi,seiji,gender,kokusai
10A771	（学共-地域系）アフリカ地域講義Ia	kotoba,bunka
10A772	（学共-地域系）アフリカ地域講義Ib	bunka,keizai,kokusai,kankyo
10A773	（高度教養）アフリカ地域講義IIa	rekishi,shukyo,bunka,seiji,kokusai
10A774	（高度教養）アフリカ地域講義IIb	bunka,ikimono,kankyo
10A779	（高度教養）アフリカ地域文化演習a	kotoba,bunka,shakai
10A781	（学共-地域系）西アフリカ諸語演習a	kotoba,bunka
10A782	（学共-地域系）西アフリカ諸語演習b	kotoba,bunka
10A789	（高度教養）東南アジア社会文化演習IIa(J)	bunka,shakai,kokusai
10A790	（高度教養）東南アジア社会文化演習IIb(J)	bunka,shakai,kokusai
10A844	（学共-地域系）ロシア学入門a	bunka
10A849	（学共-地域系）ロシア語学講義IIb	kotoba
10A895	（高度教養）ハンガリー研究入門Ib	kotoba,geijutsu,bunka,shakai,shoku
10A901	（高度教養）ハンガリー文化講義IIa	rekishi,bunka,kokusai
10A902	（高度教養）ハンガリー文化講義IIb	rekishi,bunka,kokusai
10A903	（学共-地域系）ハンガリー文化講義IIIa	bunka,shakai,seiji,keizai
10A904	（学共-地域系）ハンガリー文化講義IIIb	kotoba,bunka
10A922	（学共-地域系）ハンガリー研究入門IIa	kotoba,bunka
10A923	（高度教養）ハンガリー研究入門IIb	bunka
10A978	（学共-地域系）北欧現代社会概説a	bunka,shakai,seiji,kyoiku,gender
10A979	（学共-地域系）北欧現代社会概説b	bunka,shakai,seiji,gender,iryo
10A982	（学共-地域系）北欧史概説a	rekishi,bunka
10A983	（高度教養）北欧史概説b	rekishi,bunka
10B066	（高度教養）ドイツ語圏文化講義Ia	kotoba,bunka,seiji
10B067	（高度教養）ドイツ語圏文化講義Ib	kotoba,bunka,seiji
10B174	（学共-地域系）アメリカ文学・文化概論a	bungaku,rekishi,bunka
10B175	（学共-地域系）アメリカ文学・文化概論b	bungaku,rekishi,bunka
10B176	（学共-地域系）イギリス文学・文化概論a	bungaku,rekishi,bunka
10B177	（学共-地域系）イギリス文学・文化概論b	bungaku,rekishi,bunka
10B178	（学共-地域系）アメリカ史概論a	rekishi,bunka,shakai,seiji
10B179	（高度教養）アメリカ史概論b	rekishi,bunka,shakai,seiji
10B180	（学共-地域系）イギリス文化概論a	rekishi,seiji,kokusai
10B181	（高度教養）イギリス文化概論b	rekishi,shakai,seiji
10B182	（学共-地域系）英語学講義a	kotoba
10B183	（学共-地域系）英語学講義b	kotoba
10B184	（学共-地域系）イギリス文学・文化講義a	bungaku,bunka
10B185	（学共-地域系）イギリス文学・文化講義b	bungaku,bunka
10B186	（学共-地域系）イギリス文化講義a	bungaku,rekishi,geijutsu,gender
10B187	（学共-地域系）イギリス文化講義b	bungaku,rekishi,geijutsu,gender
10B188	（学共-地域系）アメリカ文学・文化講義a	bungaku
10B189	（学共-地域系）アメリカ文学・文化講義b	bungaku
10B200	（学共-地域系）モンゴル語学講義IIa	kotoba,media,joho
10B201	（学共-地域系）モンゴル語学講義IIb	kotoba
10B202	（高度教養）総合知によるコミュニティ・エクステンション・リサーチ　方法と実践I(B)	bunka,shakai
10B203	（高度教養）総合知によるコミュニティ・エクステンション・リサーチ　方法と実践II(B)	bunka,shakai
10B205	（高度教養）チュルク諸語b	kotoba
10B210	（高度教養）モンゴル社会文化講義IIIa	bunka,shakai,kankyo
10B216	（学共-地域系）モンゴル語学演習IIa	kotoba,bungaku,bunka,shakai
10B217	（学共-地域系）モンゴル語学演習IIb	kotoba,bungaku,bunka,shakai
10B406	（学共-地域系）英語国際ビジネスコミュニケーション入門a	kotoba,keizai,kokusai
10B407	（学共-地域系）英語国際ビジネスコミュニケーション入門b	kotoba,keizai,kokusai
10B452	（学共-地域系）フランス研究入門Ia	bungaku,rekishi,bunka
10B453	（学共-地域系）フランス研究入門Ib	bungaku,rekishi,bunka
10B454	（学共-地域系）フランス研究入門IIa	rekishi,bunka,shakai,keizai
10B455	（学共-地域系）フランス研究入門IIb	rekishi,bunka,shakai,seiji,keizai
10B462	（学共-地域系）東南アジア社会概論b	rekishi,bunka,seiji,kokusai
10B523	（学共-地域系）イタリア言語文化概説Ia	bungaku,bunka,gender
10B524	（高度教養）イタリア言語文化概説Ib	bungaku,bunka,gender
10B525	（学共-地域系）イタリア言語文化概説IIa	rekishi,bunka,shakai
10B526	（高度教養）イタリア言語文化概説IIb	rekishi,bunka,shakai,seiji
10B599	（学共-地域系）スペイン歴史・文化概論a	rekishi,bunka
10B600	（高度教養）スペイン歴史・文化概論b	rekishi,bunka,seiji
10B601	（学共-地域系）スペイン語学概論a	kotoba
10B602	（高度教養）スペイン文学概論	kotoba,bungaku,rekishi,bunka
10B692	（学共-地域系）ポルトガル語圏文化概論a	rekishi,bunka
10B693	（学共-地域系）ポルトガル語圏語学概論a	kotoba
10B694	（学共-地域系）ポルトガル語圏語学概論b	kotoba
10B695	（学共-地域系）ポルトガル語圏文学概論a	bungaku,bunka
10B696	（学共-地域系）ポルトガル語圏文学概論b	bungaku,bunka
10B754	（学共-地域系）日本語教育学概論	kotoba,kyoiku
10B755	（学共-地域系）対照言語学概論	kotoba
10B756	（学共-地域系）日本語学概論	kotoba
10B757	（学共-地域系）言語学概論	kotoba
10B758	（学共-地域系）日本語学講義Ia	kotoba
10B759	（高度教養）日本語学講義Ib	kotoba
10B760	（学共-地域系）日本語学講義IIa	kotoba
10B761	（高度教養）日本語学講義IIb	kotoba
10B762	（学共-地域系）日本文化学講義IIa	rekishi,geijutsu,bunka
10B763	（高度教養）日本文化学講義IIb	rekishi,geijutsu,bunka
10B764	（学共-地域系）日本語教育学講義Ia	kotoba,kyoiku
10B765	（高度教養）日本語教育学講義Ib	kotoba,kyoiku
10B767	（高度教養）日本語教育学講義IIb(B)	kotoba,shakai,kyoiku
10B768	（高度教養）日本語教育学講義IIIb	kotoba,kyoiku
10B771	（高度教養）漢文学a	bungaku,rekishi,bunka
10B772	（高度教養）漢文学b	bungaku,rekishi,geijutsu,bunka
10B781	（高度教養）日本文化学演習IIIa	bungaku,rekishi,shukyo,geijutsu,bunka
10B791	（学共-地域系）書道a	rekishi,geijutsu,bunka
10B792	（学共-地域系）書道b	rekishi,geijutsu,bunka
10B799	（高度教養）日本事情演習a	rekishi,bunka,shakai
10B929	（高度教養）ポルトガル語圏文化概論b	bunka,shakai,seiji,keizai
10B934	（学共-地域系）ハンガリー研究入門Ia	rekishi,geijutsu,bunka,shakai,seiji
10B938	（学共-地域系）日本文化学講義IIIa	rekishi,geijutsu,bunka
10B939	（高度教養）日本文化学講義IIIb	geijutsu,bunka,shakai
10B943	（高度教養）日本文化学講義Ia	kotoba,bungaku,rekishi,bunka
10B944	（高度教養）日本文化学講義Ib	rekishi,shukyo,geijutsu,bunka
10B945	（学共-地域系）日本語教育学講義IIIa	kotoba,kyoiku
10B946	（学共-地域系）日本文化学概論	shukyo,bunka
10B969	（学共-地域系）東南アジア社会文化演習I(D)	bunka,shakai
10B970	（高度教養）東南アジア社会文化演習IIa(E)	bunka,shakai
10B982	（学共-地域系）英語史概論a	kotoba,rekishi
10B983	（学共-地域系）英語史概論b	kotoba,rekishi
10B984	（学共-地域系）英語学概論a	kotoba
10B985	（学共-地域系）英語学概論b	kotoba
10B996	（高度教養）総合知によるコミュニティ・エクステンション・リサーチ　方法と実践I(A)	bunka,shakai
10B997	（高度教養）総合知によるコミュニティ・エクステンション・リサーチ　方法と実践II(A)	bunka,shakai,kankyo
10C064	（学共-地域系）ドイツ語圏文化概論a(A)	bungaku,rekishi,geijutsu,bunka
10C065	（学共-地域系）ドイツ語圏文化概論b(A)	bungaku,rekishi,geijutsu,bunka
10C103	（高度教養）イタリア文学講義a	bungaku,bunka,gender
10C104	（高度教養）イタリア文学講義b	bungaku,bunka,gender
10C127	（学共-地域系）ドイツ語圏文化概論a(C)	rekishi,bunka,shakai,seiji,keizai
10C128	（学共-地域系）ドイツ語圏文化概論a(B)	rekishi,tetsugaku,shukyo
10C129	（学共-地域系）ドイツ語圏文化概論b(C)	rekishi,bunka,seiji
10C130	（学共-地域系）ドイツ語圏文化概論b(B)	tetsugaku,shinri,ikimono
10C133	（高度教養）日本語教育学講義IIb(A)	kotoba,kyoiku
10C134	（学共-地域系）言語学講義a	kotoba
10C135	（学共-地域系）言語学講義b	kotoba
10C173	（学共-地域系）ドイツ語圏文化概論a(D)	kotoba
10C174	（学共-地域系）ドイツ語圏文化概論b(D)	kotoba
10C200	（高度教養）モンゴル語学講義IIa	kotoba,media,joho
10C216	（高度教養）モンゴル語学演習IIa	kotoba,bungaku,bunka
10C222	（高度教養）アメリカ歴史・政経演習Ia(A)	rekishi,bunka,seiji,media,kokusai
10C223	（高度教養）アメリカ歴史・政経演習Ib(A)	rekishi,shakai,kankyo
10C224	（学共-地域系）アメリカ歴史・政経講義a	rekishi,seiji,kokusai
10C225	（学共-地域系）アメリカ歴史・政経講義b	rekishi,seiji,kokusai
10C384	（高度教養）アメリカ歴史・政経演習Ia(B)	rekishi,bunka,keizai,media,kokusai
10C418	（高度教養）アメリカ歴史・政経演習Ib(B)	rekishi,bunka,shakai,shoku
10C461	（学共-地域系）東南アジア社会概論a	rekishi,bunka,seiji
10C759	（学共-地域系）アフリカ社会論概説a	rekishi,bunka,seiji,kokusai
10C760	（高度教養）アフリカ社会論概説b	rekishi,bunka,shakai,keizai
10C761	（学共-地域系）アフリカ言語学概説a	kotoba,bunka,shakai,seiji
10C762	（高度教養）アフリカ言語学概説b	kotoba,bungaku,bunka,shakai
10G573	（学共-地域系）アラブ・イスラーム文化講義Ia	bungaku,rekishi,shukyo,bunka
10G574	（学共-地域系）アラブ・イスラーム文化講義Ib	bungaku,shukyo,bunka
10YYYY	卒業論文（教務係テスト２)	
191001	総合英語（Content-based English）	kotoba
191003	総合英語（Academic Skills）	kotoba,bunka
191005	総合英語（Liberal Arts & Sciences）	kotoba
191007	総合英語（Liberal Arts & Sciences）	kotoba
191013	総合英語（Performance Workshop）	kotoba
191015	総合英語（Liberal Arts & Sciences）	kotoba
191017	総合英語（Project-based English）	kotoba,kokusai,kankyo
191019	総合英語（Liberal Arts & Sciences）	kotoba
191021	総合英語（Liberal Arts & Sciences）	kotoba
191023	総合英語（Liberal Arts & Sciences）	kotoba
191025	総合英語（Liberal Arts & Sciences）	kotoba
191027	総合英語（Performance Workshop）	kotoba
191029	総合英語（Liberal Arts & Sciences）	kotoba
191031	総合英語（Project-based English）	kotoba
191033	総合英語（Liberal Arts & Sciences）	kotoba
191035	総合英語（Academic Skills）	kotoba
191037	総合英語（Liberal Arts & Sciences）	kotoba,bungaku,shinri
191039	総合英語（Liberal Arts & Sciences）	kotoba
191041	総合英語（Content-based English）	kotoba,bunka,ikimono,kankyo
191043	総合英語（Liberal Arts & Sciences）	kotoba,tetsugaku
191045	総合英語（Content-based English）	kotoba
191047	総合英語（Project-based English）	kotoba
191049	総合英語（Performance Workshop）	kotoba
191050	総合英語（Liberal Arts & Sciences）	kotoba
191051	総合英語（Liberal Arts & Sciences）	kotoba
191052	総合英語（Project-based English）	kotoba
191053	総合英語（Content-based English）	kotoba,media
191055	総合英語（Liberal Arts & Sciences）	kotoba,rekishi
191057	総合英語（Project-based English）	kotoba
191059	総合英語（Liberal Arts & Sciences）	kotoba
191061	総合英語（Liberal Arts & Sciences）	kotoba
191063	総合英語（Liberal Arts & Sciences）	kotoba
191065	総合英語（Liberal Arts & Sciences）	kotoba,shinri
191067	総合英語（Liberal Arts & Sciences）	kotoba
191069	総合英語（Liberal Arts & Sciences）	kotoba,shakai
191071	総合英語（Project-based English）	kotoba
191073	総合英語（Content-based English）	kotoba
191075	総合英語（Content-based English）	kotoba
191077	総合英語（Liberal Arts & Sciences）	kotoba
191079	総合英語（Project-based English）	kotoba
191083	総合英語（Liberal Arts & Sciences）	kotoba
191085	総合英語（Liberal Arts & Sciences）	kotoba
191087	総合英語（Liberal Arts & Sciences）	kotoba
191091	総合英語（Liberal Arts & Sciences）	kotoba
191095	総合英語（Liberal Arts & Sciences）	kotoba
191097	総合英語（Performance Workshop）	kotoba
191099	総合英語（Project-based English）	kotoba
191101	総合英語（Liberal Arts & Sciences）	kotoba
191103	総合英語（Project-based English）	kotoba
191105	総合英語（Project-based English）	kotoba
191107	総合英語（Academic Skills）	kotoba
191109	総合英語（Liberal Arts & Sciences）	kotoba,shakai
191111	総合英語（Liberal Arts & Sciences）	kotoba
191121	総合英語（Performance Workshop）	kotoba
191123	総合英語（Academic Skills）	kotoba
191125	総合英語（Content-based English）	kotoba,rekishi,bunka
191127	総合英語（Content-based English）	kotoba
191129	総合英語（Liberal Arts & Sciences）	kotoba,rekishi,bunka
191131	総合英語（Liberal Arts & Sciences）	kotoba,bungaku,shinri
191133	総合英語（Content-based English）	kotoba
191135	総合英語（Performance Workshop）	kotoba
191137	総合英語（Performance Workshop）	kotoba
191139	総合英語（Liberal Arts & Sciences）	kotoba,bunka,shakai
191141	総合英語（Liberal Arts & Sciences）	kotoba
191143	総合英語（Liberal Arts & Sciences）	kotoba
191145	総合英語（Liberal Arts & Sciences）	kotoba
191151	総合英語（Content-based English）	kotoba
191153	総合英語（Liberal Arts & Sciences）	kotoba
191155	総合英語（Liberal Arts & Sciences）	kotoba,shakai
191157	総合英語（Liberal Arts & Sciences）	kotoba,shinri
191159	総合英語（Liberal Arts & Sciences）	kotoba
191161	総合英語（Content-based English）	kotoba
191163	総合英語（Content-based English）	kotoba
191165	総合英語（Academic Skills）	kotoba
191167	総合英語（Academic Skills）	kotoba
191169	総合英語（Liberal Arts & Sciences）	kotoba
191171	総合英語（Liberal Arts & Sciences）	kotoba
191173	総合英語（Performance Workshop）	kotoba
191175	総合英語（Academic Skills）	kotoba,bunka
191177	総合英語（Project-based English）	kotoba,iryo
191179	総合英語（Liberal Arts & Sciences）	kotoba,tetsugaku
191181	総合英語（Performance Workshop）	kotoba
191183	総合英語（Liberal Arts & Sciences）	kotoba,bungaku,shinri
191185	総合英語（Liberal Arts & Sciences）	kotoba
191187	総合英語（Content-based English）	kotoba
191189	総合英語（Project-based English）	kotoba
191191	総合英語（Liberal Arts & Sciences）	kotoba
191193	総合英語（Academic Skills）	kotoba,bunka
191195	総合英語（Academic Skills）	kotoba
191197	総合英語（Performance Workshop）	kotoba
191199	総合英語（Content-based English）	kotoba
191203	総合英語（Liberal Arts & Sciences）	kotoba
191205	総合英語（Performance Workshop）	kotoba
191207	総合英語（Project-based English）	kotoba
191209	総合英語（Liberal Arts & Sciences）	kotoba
191211	総合英語（Content-based English）	kotoba
191213	総合英語（Liberal Arts & Sciences）	kotoba
191215	総合英語（Liberal Arts & Sciences）	kotoba,shinri
191217	総合英語（Liberal Arts & Sciences）	kotoba
191219	総合英語（Academic Skills）	kotoba
191221	総合英語（Project-based English）	kotoba
191223	総合英語（Liberal Arts & Sciences）	kotoba,shinri
191225	総合英語（Performance Workshop）	kotoba
191227	総合英語（Performance Workshop）	kotoba,bungaku
191229	総合英語（Project-based English）	kotoba
191231	総合英語（Performance Workshop）	kotoba
191233	総合英語（Academic Skills）	kotoba
191235	総合英語（Liberal Arts & Sciences）	kotoba
191237	総合英語（Content-based English）	kotoba,kokusai,kankyo
191239	総合英語（Content-based English）	kotoba
191241	総合英語（Liberal Arts & Sciences）	kotoba
191243	総合英語（Project-based English）	kotoba
191245	総合英語（Liberal Arts & Sciences）	kotoba
191247	総合英語（Project-based English）	kotoba,seiji,kokusai
191249	総合英語（Content-based English）	kotoba
191251	総合英語（Performance Workshop）	kotoba,shinri
191253	総合英語（Liberal Arts & Sciences）	kotoba
191255	総合英語（Liberal Arts & Sciences）	kotoba
191257	総合英語（Project-based English）	kotoba
191259	総合英語（Performance Workshop）	kotoba
191261	総合英語（Liberal Arts & Sciences）	kotoba
191263	総合英語（Academic Skills）	kotoba,bunka
191265	総合英語（Academic Skills）	kotoba
191267	総合英語（Content-based English）	kotoba
191277	総合英語（Project-based English）	kotoba,iryo
191279	総合英語（Academic Skills）	kotoba
191281	総合英語（Liberal Arts & Sciences）	kotoba
191283	総合英語（Liberal Arts & Sciences）	kotoba,tetsugaku
191285	総合英語（Content-based English）	kotoba
191287	総合英語（Liberal Arts & Sciences）	kotoba
191289	総合英語（Liberal Arts & Sciences）	kotoba
191291	総合英語（Performance Workshop）	kotoba
191293	総合英語（Project-based English）	kotoba
191295	総合英語（Project-based English）	kotoba
191297	総合英語（Performance Workshop）	kotoba
191299	総合英語（Liberal Arts & Sciences）	kotoba
191301	総合英語（Liberal Arts & Sciences）	kotoba
191305	総合英語（Project-based English）	kotoba
191307	総合英語（Liberal Arts & Sciences）	kotoba,shakai
191309	総合英語（Liberal Arts & Sciences）	kotoba
191311	総合英語（Content-based English）	kotoba,shinri,kyoiku
191313	総合英語（Liberal Arts & Sciences）	kotoba,bungaku,shinri
191315	総合英語（Academic Skills）	kotoba
191317	総合英語（Content-based English）	kotoba,bunka,ikimono,kankyo
191319	総合英語（Liberal Arts & Sciences）	kotoba,geijutsu,shakai,kankyo
191321	総合英語（Liberal Arts & Sciences）	kotoba
191323	総合英語（Project-based English）	kotoba
191325	総合英語（Liberal Arts & Sciences）	kotoba
191326	総合英語（Content-based English）	kotoba
191327	総合英語（Content-based English）	kotoba
191328	総合英語（Liberal Arts & Sciences）	kotoba
191329	総合英語（Content-based English）	kotoba,kokusai,kankyo
191330	総合英語（Liberal Arts & Sciences）	kotoba
191331	総合英語（Project-based English）	kotoba
191332	総合英語（Academic Skills）	kotoba,bunka
191333	総合英語（Liberal Arts & Sciences）	kotoba
191334	総合英語（Performance Workshop）	kotoba
191335	総合英語（Liberal Arts & Sciences）	kotoba
191336	総合英語（Performance Workshop）	kotoba,bungaku
191337	総合英語（Liberal Arts & Sciences）	kotoba
191338	総合英語（Project-based English）	kotoba
191339	総合英語（Content-based English）	kotoba
191340	総合英語（Academic Skills）	kotoba
191341	総合英語（Project-based English）	kotoba,iryo
191342	総合英語（Project-based English）	kotoba
191343	総合英語（Project-based English）	kotoba
191344	総合英語（Liberal Arts & Sciences）	kotoba,shakai
191345	総合英語（Liberal Arts & Sciences）	kotoba,tetsugaku
191346	総合英語（Liberal Arts & Sciences）	kotoba,shinri
191347	総合英語（Content-based English）	kotoba
191348	総合英語（Liberal Arts & Sciences）	kotoba
191349	総合英語（Performance Workshop）	kotoba
191350	総合英語（Liberal Arts & Sciences）	kotoba,bungaku,shinri
191351	総合英語（Liberal Arts & Sciences）	kotoba
191353	総合英語（Performance Workshop）	kotoba
191355	総合英語（Academic Skills）	kotoba
191361	総合英語Ｉ（上級）	kotoba
191363	総合英語Ｉ	kotoba
191365	総合英語Ｉ	kotoba
191367	総合英語Ｉ	kotoba
191369	総合英語Ｉ	kotoba
191371	総合英語Ｉ	kotoba,media
191373	総合英語Ｉ	kotoba,media
191375	総合英語Ｉ	kotoba
191377	総合英語Ｉ	kotoba
191379	総合英語Ｉ	kotoba
191381	総合英語Ｉ	kotoba
191383	総合英語Ｉ（上級）	kotoba,rekishi
191385	総合英語Ｉ	kotoba
191387	総合英語Ｉ（上級）	kotoba
191389	総合英語Ｉ	kotoba
191391	総合英語Ｉ	kotoba
191393	総合英語III	kotoba
191395	総合英語III	kotoba
191397	総合英語III	kotoba
191399	総合英語III	kotoba,kokusai
191401	総合英語III	kotoba,shinri,iryo
191403	総合英語III	kotoba,shinri,iryo
191405	総合英語III	kotoba,kokusai
191407	総合英語III	kotoba,shinri,iryo
191409	総合英語III	kotoba,geijutsu,media
191411	総合英語III	kotoba,kokusai
191413	総合英語III	kotoba
191415	総合英語III	kotoba,kokusai
191417	総合英語III（上級）	kotoba
191419	総合英語III（上級）	kotoba
191421	総合英語III（上級）	kotoba
191423	総合英語III	kotoba,geijutsu,media
191441	ドイツ語初級I	kotoba,bunka
191443	ドイツ語初級I	kotoba
191445	ドイツ語初級I	kotoba,bunka
191447	ドイツ語初級I	kotoba,bunka
191449	ドイツ語初級I	kotoba,bunka
191451	ドイツ語初級I	kotoba,bunka
191453	ドイツ語初級I	kotoba
191455	ドイツ語初級I	kotoba
191457	ドイツ語初級I	kotoba,bunka
191461	ドイツ語初級I	kotoba,bunka
191463	ドイツ語初級I	kotoba,bunka
191465	ドイツ語初級I	kotoba,bunka
191467	ドイツ語初級I	kotoba,bunka
191469	ドイツ語初級I	kotoba
191471	ドイツ語初級I	kotoba
191473	ドイツ語初級I	kotoba,bunka
191475	ドイツ語初級I	kotoba,bunka
191477	ドイツ語初級I	kotoba
191479	ドイツ語初級I	kotoba,bunka
191483	ドイツ語初級I	kotoba,bunka
191485	ドイツ語初級I	kotoba
191487	ドイツ語初級I	kotoba
191489	ドイツ語初級I	kotoba,bunka
191491	ドイツ語初級I	kotoba
191493	ドイツ語初級I	kotoba
191495	ドイツ語初級I	kotoba,bunka
191497	ドイツ語初級I	kotoba
191499	ドイツ語初級I	kotoba
191501	ドイツ語初級I	kotoba,bunka
191521	フランス語初級I	kotoba,bunka
191523	フランス語初級I	kotoba
191527	フランス語初級I	kotoba,bunka
191529	フランス語初級I	kotoba
191531	フランス語初級I	kotoba
191533	フランス語初級I	kotoba
191535	フランス語初級I	kotoba,bunka
191537	フランス語初級I	kotoba
191539	フランス語初級I	kotoba,bunka
191541	フランス語初級I	kotoba
191543	フランス語初級I	kotoba,bunka
191545	フランス語初級I	kotoba
191547	フランス語初級I	kotoba,bunka
191549	フランス語初級I	kotoba
191551	フランス語初級I	kotoba,bunka
191553	フランス語初級I	kotoba
191555	フランス語初級I	kotoba
191557	フランス語初級I	kotoba,bunka
191558	フランス語初級I	kotoba
191571	ロシア語初級I	kotoba
191573	ロシア語初級I	kotoba,bunka
191575	ロシア語初級I	kotoba
191577	ロシア語初級I	kotoba
191579	ロシア語初級I	kotoba
191581	ロシア語初級I	kotoba,bunka
191583	ロシア語初級I	kotoba
191591	中国語初級I	kotoba,bunka
191593	中国語初級I	kotoba,bunka
191595	中国語初級I	kotoba,bunka
191596	中国語初級I	kotoba,bunka
191597	中国語初級I	kotoba,bunka
191598	中国語初級I	kotoba,bunka
191599	中国語初級I	kotoba,bunka
191600	中国語初級I	kotoba,bunka
191601	中国語初級I	kotoba,bunka
191602	中国語初級I	kotoba,bunka
191603	中国語初級I	kotoba,bunka
191604	中国語初級I	kotoba,bunka
191605	中国語初級I	kotoba,bunka
191606	中国語初級I	kotoba,bunka
191607	中国語初級I	kotoba,bunka
191608	中国語初級I	kotoba,bunka
191609	中国語初級I	kotoba,bunka
191610	中国語初級I	kotoba,bunka
191611	中国語初級I	kotoba,bunka
191612	中国語初級I	kotoba,bunka
191613	中国語初級I	kotoba,bunka
191614	中国語初級I	kotoba,bunka
191615	中国語初級I	kotoba,bunka
191617	中国語初級I	kotoba,bunka
191619	中国語初級I	kotoba,bunka
191620	中国語初級I	kotoba,bunka
191621	朝鮮語初級I	kotoba,bunka
191629	スペイン語初級I	kotoba,bunka
191631	スペイン語初級I	kotoba,bunka
191637	イタリア語初級I	kotoba
191643	専門日本語	kotoba
191647	専門日本語	kotoba
191649	総合日本語	kotoba,shakai
191663	英語選択	kotoba,tetsugaku,shinri
191665	英語選択	kotoba,kokusai
191667	英語選択	kotoba
191669	英語選択	kotoba,kokusai
191671	ドイツ語初級I選択	kotoba,bunka,shakai,seiji
191672	ドイツ語初級I選択	kotoba,bunka
191673	フランス語初級I選択	kotoba
191675	ロシア語初級I選択	kotoba
191677	中国語初級I選択	kotoba,bunka
191679	ギリシャ語初級I選択	kotoba,bungaku,rekishi,bunka
191681	ラテン語初級I選択	kotoba,bungaku,rekishi,bunka
191701	地域言語文化演習（ドイツ語）	kotoba,bunka,kokusai
191703	国際コミュニケーション演習（ドイツ語）	kotoba
191705	地域言語文化演習（ドイツ語）	kotoba
191707	地域言語文化演習（ドイツ語）	kotoba
191709	国際コミュニケーション演習（ドイツ語）	kotoba
191711	地域言語文化演習（ドイツ語）	kotoba,bunka,shakai,seiji
191713	地域言語文化演習（ドイツ語）	kotoba
191715	地域言語文化演習（ドイツ語）	kotoba,bunka
191717	地域言語文化演習（ドイツ語）	kotoba
191719	地域言語文化演習（ドイツ語）	kotoba,bunka
191721	国際コミュニケーション演習（ドイツ語）	kotoba
191723	国際コミュニケーション演習（ドイツ語）	kotoba,bunka
191727	地域言語文化演習（ドイツ語）	kotoba,bunka,kokusai
191729	地域言語文化演習（ドイツ語）	kotoba,bunka
191731	地域言語文化演習（ドイツ語）	kotoba,bunka
191733	地域言語文化演習（ドイツ語）	kotoba,bunka
191735	地域言語文化演習（ドイツ語）	kotoba,rekishi,geijutsu,bunka,shakai
191737	地域言語文化演習（ドイツ語）	kotoba,bunka
191739	地域言語文化演習（ドイツ語）	kotoba,bunka,shakai,seiji
191741	地域言語文化演習（ドイツ語）	kotoba,bunka
191742	地域言語文化演習（ドイツ語）	kotoba,bunka
191743	国際コミュニケーション演習（ドイツ語）	kotoba
191745	国際コミュニケーション演習（ドイツ語）	kotoba,bunka
191749	地域言語文化演習（ドイツ語）	kotoba,bunka
191751	地域言語文化演習（ドイツ語）	kotoba
191752	地域言語文化演習（ドイツ語）	kotoba,geijutsu
191753	地域言語文化演習（ドイツ語）	kotoba,bunka
191755	国際コミュニケーション演習（ドイツ語）	kotoba,bunka
191757	国際コミュニケーション演習（ドイツ語）	kotoba
191761	地域言語文化演習（ドイツ語）	kotoba,bunka
191763	地域言語文化演習（ドイツ語）	kotoba,bunka
191781	国際コミュニケーション演習（フランス語）	kotoba
191783	国際コミュニケーション演習（フランス語）	kotoba
191787	国際コミュニケーション演習（フランス語）	kotoba
191789	国際コミュニケーション演習（フランス語）	kotoba
191791	国際コミュニケーション演習（フランス語）	kotoba,bunka
191793	国際コミュニケーション演習（フランス語）	kotoba
191795	国際コミュニケーション演習（フランス語）	kotoba
191797	国際コミュニケーション演習（フランス語）	kotoba,bunka
191799	国際コミュニケーション演習（フランス語）	kotoba
191801	国際コミュニケーション演習（フランス語）	kotoba
191803	国際コミュニケーション演習（フランス語）	kotoba,bunka
191805	国際コミュニケーション演習（フランス語）	kotoba
191807	国際コミュニケーション演習（フランス語）	kotoba
191809	国際コミュニケーション演習（フランス語）	kotoba,bunka
191811	国際コミュニケーション演習（フランス語）	kotoba
191813	国際コミュニケーション演習（フランス語）	kotoba
191815	国際コミュニケーション演習（フランス語）	kotoba
191817	国際コミュニケーション演習（フランス語）	kotoba,bunka
191819	国際コミュニケーション演習（フランス語）	kotoba
191831	地域言語文化演習（ロシア語）	kotoba,bunka
191833	地域言語文化演習（ロシア語）	kotoba,bunka
191835	地域言語文化演習（ロシア語）	kotoba,rekishi,geijutsu,bunka,shakai
191837	国際コミュニケーション演習（ロシア語）	kotoba,bunka
191839	地域言語文化演習（ロシア語）	kotoba,bunka
191851	国際コミュニケーション演習（中国語）	kotoba,bunka
191853	国際コミュニケーション演習（中国語）	kotoba,bunka
191855	国際コミュニケーション演習（中国語）	kotoba,bunka
191857	国際コミュニケーション演習（中国語）	kotoba,bunka
191859	国際コミュニケーション演習（中国語）	kotoba,bunka
191860	国際コミュニケーション演習（中国語）	kotoba,bunka
191861	国際コミュニケーション演習（中国語）	kotoba,bunka
191862	国際コミュニケーション演習（中国語）	kotoba,bunka
191863	国際コミュニケーション演習（中国語）	kotoba,bunka
191864	国際コミュニケーション演習（中国語）	kotoba,bunka
191865	国際コミュニケーション演習（中国語）	kotoba,bunka
191866	国際コミュニケーション演習（中国語）	kotoba,bunka
191867	国際コミュニケーション演習（中国語）	kotoba,bunka
191868	国際コミュニケーション演習（中国語）	kotoba,bunka
191869	国際コミュニケーション演習（中国語）	kotoba,bunka
191870	国際コミュニケーション演習（中国語）	kotoba,bunka
191871	国際コミュニケーション演習（中国語）	kotoba,bunka
191872	国際コミュニケーション演習（中国語）	kotoba,bunka
191873	国際コミュニケーション演習（中国語）	kotoba,bunka
191874	国際コミュニケーション演習（中国語）	kotoba,bunka
191875	国際コミュニケーション演習（中国語）	kotoba,bunka
191876	国際コミュニケーション演習（中国語）	kotoba,bunka
191877	国際コミュニケーション演習（中国語）	kotoba,bunka
191878	国際コミュニケーション演習（中国語）	kotoba,bunka
191879	国際コミュニケーション演習（中国語）	kotoba,bunka
191880	国際コミュニケーション演習（中国語）	kotoba,bunka
191881	国際コミュニケーション演習（朝鮮語）	kotoba,bunka
191889	国際コミュニケーション演習（スペイン語）	kotoba,rekishi,bunka
191891	国際コミュニケーション演習（スペイン語）	kotoba,rekishi,bunka
191897	国際コミュニケーション演習（イタリア語）	kotoba,geijutsu,bunka
191911	多文化コミュニケーション（日本語）	kotoba,shakai
191913	多文化コミュニケーション（日本語）	rekishi,bunka,shakai,kokusai
191917	多文化コミュニケーション（日本語）	bunka,shakai
191931	特別外国語演習（広東語）I	kotoba,bunka
191933	特別外国語演習（モンゴル語）I	kotoba
191935	特別外国語演習（インドネシア語）I	kotoba,bunka
191937	特別外国語演習（ウルドゥー語）I	kotoba
191939	特別外国語演習（トルコ語）I	kotoba
191941	特別外国語演習（スウェーデン語）I	kotoba
191943	特別外国語演習（ポルトガル語）I	kotoba
192001	総合英語（Performance Workshop）	kotoba
192003	総合英語（Liberal Arts & Sciences）	kotoba,bunka,shakai,kankyo
192005	総合英語（Liberal Arts & Sciences）	kotoba
192007	総合英語（Content-based English）	kotoba
192011	総合英語（Liberal Arts & Sciences）	kotoba,rekishi,keizai,shoku,kankyo
192015	総合英語（Performance Workshop）	kotoba,media
192017	総合英語（Academic Skills）	kotoba,kokusai
192019	総合英語（Content-based English）	kotoba,iryo
192021	総合英語（Liberal Arts & Sciences）	kotoba,tetsugaku
192023	総合英語（Liberal Arts & Sciences）	kotoba,geijutsu,bunka,shakai
192025	総合英語（Liberal Arts & Sciences）	kotoba
192027	総合英語（Project-based English）	kotoba,kyoiku,ai
192029	総合英語（Liberal Arts & Sciences）	kotoba,geijutsu,bunka,shakai
192031	総合英語（Performance Workshop）	kotoba
192033	総合英語（Liberal Arts & Sciences）	kotoba,bungaku,shinri
192035	総合英語（Liberal Arts & Sciences）	kotoba,media
192037	総合英語（Project-based English）	kotoba
192039	総合英語（Liberal Arts & Sciences）	kotoba
192041	総合英語（Liberal Arts & Sciences）	kotoba
192043	総合英語（Content-based English）	kotoba,kyoiku
192047	総合英語（Performance Workshop）	kotoba
192049	総合英語（Performance Workshop）	kotoba
192051	総合英語（Liberal Arts & Sciences）	kotoba,rekishi,bunka
192052	総合英語（Liberal Arts & Sciences）	kotoba,shukyo,bunka,shakai,gender
192053	総合英語（Performance Workshop）	kotoba,media
192055	総合英語（Academic Skills）	kotoba
192057	総合英語（Academic Skills）	kotoba
192059	総合英語（Performance Workshop）	kotoba
192061	総合英語（Liberal Arts & Sciences）	kotoba
192063	総合英語（Liberal Arts & Sciences）	kotoba,shinri
192065	総合英語（Liberal Arts & Sciences）	kotoba,rekishi,bunka,shakai,seiji
192067	総合英語（Project-based English）	kotoba
192069	総合英語（Academic Skills）	kotoba
192073	総合英語（Liberal Arts & Sciences）	kotoba
192075	総合英語（Project-based English）	kotoba
192077	総合英語（Liberal Arts & Sciences）	kotoba,media
192079	総合英語（Liberal Arts & Sciences）	kotoba,shakai
192083	総合英語（Content-based English）	kotoba,rekishi,keizai,shoku,kankyo
192085	総合英語（Liberal Arts & Sciences）	kotoba
192087	総合英語（Liberal Arts & Sciences）	kotoba,media,kokusai
192101	総合英語（Project-based English）	kotoba
192103	総合英語（Liberal Arts & Sciences）	kotoba
192108	総合英語（Liberal Arts & Sciences）	kotoba,media
192109	総合英語（Liberal Arts & Sciences）	kotoba,shakai
192111	総合英語（Project-based English）	kotoba,media
192113	総合英語（Performance Workshop）	kotoba,media
192115	総合英語（Liberal Arts & Sciences）	kotoba
192117	総合英語（Academic Skills）	kotoba
192119	総合英語（Project-based English）	kotoba
192121	総合英語（Liberal Arts & Sciences）	kotoba,rekishi,keizai,shoku,kankyo
192131	総合英語（Liberal Arts & Sciences）	kotoba,geijutsu,bunka,shakai
192133	総合英語（Liberal Arts & Sciences）	kotoba,rekishi,bunka
192135	総合英語（Performance Workshop）	kotoba
192137	総合英語（Performance Workshop）	kotoba,shinri
192139	総合英語（Liberal Arts & Sciences）	kotoba
192141	総合英語（Performance Workshop）	kotoba
192143	総合英語（Content-based English）	kotoba
192145	総合英語（Performance Workshop）	kotoba
192147	総合英語（Liberal Arts & Sciences）	kotoba,bunka,shakai,media
192149	総合英語（Content-based English）	kotoba
192151	総合英語（Performance Workshop）	kotoba
192153	総合英語（Content-based English）	kotoba,media
192155	総合英語（Liberal Arts & Sciences）	kotoba
192161	総合英語（Liberal Arts & Sciences）	kotoba
192163	総合英語（Liberal Arts & Sciences）	kotoba
192165	総合英語（Liberal Arts & Sciences）	kotoba,shakai
192167	総合英語（Academic Skills）	kotoba
192169	総合英語（Liberal Arts & Sciences）	kotoba,shinri,iryo
192171	総合英語（Liberal Arts & Sciences）	kotoba,bunka,media
192173	総合英語（Performance Workshop）	kotoba,media
192175	総合英語（Liberal Arts & Sciences）	kotoba,tetsugaku
192177	総合英語（Academic Skills）	kotoba
192179	総合英語（Academic Skills）	kotoba
192183	総合英語（Content-based English）	kotoba
192185	総合英語（Liberal Arts & Sciences）	kotoba
192187	総合英語（Project-based English）	kotoba,shakai,seiji,kokusai,kankyo
192189	総合英語（Liberal Arts & Sciences）	kotoba,rekishi,bunka,shakai,seiji
192191	総合英語（Content-based English）	kotoba
192193	総合英語（Content-based English）	kotoba
192195	総合英語（Academic Skills）	kotoba,bunka
192197	総合英語（Performance Workshop）	kotoba
192199	総合英語（Liberal Arts & Sciences）	kotoba
192201	総合英語（Academic Skills）	kotoba
192202	総合英語（Performance Workshop）	kotoba
192203	総合英語（Content-based English）	kotoba
192205	総合英語（Liberal Arts & Sciences）	kotoba
192209	総合英語（Performance Workshop）	kotoba,media
192211	総合英語（Project-based English）	kotoba,shakai,seiji,kokusai,kankyo
192215	総合英語（Academic Skills）	kotoba
192217	総合英語（Academic Skills）	kotoba,bunka
192219	総合英語（Liberal Arts & Sciences）	kotoba
192221	総合英語（Liberal Arts & Sciences）	kotoba,shinri
192223	総合英語（Liberal Arts & Sciences）	kotoba,shukyo,bunka,shakai,gender
192225	総合英語（Liberal Arts & Sciences）	kotoba,shinri,iryo
192227	総合英語（Performance Workshop）	kotoba
192229	総合英語（Project-based English）	kotoba
192231	総合英語（Performance Workshop）	kotoba
192232	総合英語（Liberal Arts & Sciences）	kotoba
192233	総合英語（Content-based English）	kotoba
192235	総合英語（Project-based English）	kotoba
192236	総合英語（Academic Skills）	kotoba
192237	総合英語（Performance Workshop）	kotoba,media
192239	総合英語（Content-based English）	kotoba,shinri,kyoiku
192241	総合英語（Project-based English）	kotoba
192243	総合英語（Performance Workshop）	kotoba,media
192245	総合英語（Project-based English）	kotoba
192247	総合英語（Academic Skills）	kotoba
192249	総合英語（Project-based English）	kotoba
192251	総合英語（Liberal Arts & Sciences）	kotoba
192253	総合英語（Performance Workshop）	kotoba
192255	総合英語（Content-based English）	kotoba
192257	総合英語（Academic Skills）	kotoba
192259	総合英語（Content-based English）	kotoba
192261	総合英語（Project-based English）	kotoba,bunka,shakai,kokusai
192263	総合英語（Content-based English）	kotoba
192267	総合英語（Performance Workshop）	kotoba,media
192269	総合英語（Performance Workshop）	kotoba
192271	総合英語（Liberal Arts & Sciences）	kotoba
192273	総合英語（Performance Workshop）	kotoba,shakai
192275	総合英語（Liberal Arts & Sciences）	kotoba
192277	総合英語（Liberal Arts & Sciences）	kotoba
192279	総合英語（Academic Skills）	kotoba
192281	総合英語（Content-based English）	kotoba,kokusai,kankyo
192287	総合英語（Project-based English）	kotoba,iryo,sports
192289	総合英語（Liberal Arts & Sciences）	kotoba,geijutsu,shakai,kankyo
192291	総合英語（Liberal Arts & Sciences）	kotoba,geijutsu,bunka,shakai,kankyo
192293	総合英語（Project-based English）	kotoba
192295	総合英語（Liberal Arts & Sciences）	kotoba,shinri,iryo
192297	総合英語（Academic Skills）	kotoba
192299	総合英語（Project-based English）	kotoba,bunka,media
192301	総合英語（Liberal Arts & Sciences）	kotoba
192303	総合英語（Liberal Arts & Sciences）	kotoba,geijutsu,bunka,shakai,kokusai
192305	総合英語（Content-based English）	kotoba,shinri,kyoiku
192307	総合英語（Content-based English）	kotoba,kyoiku
192309	総合英語（Liberal Arts & Sciences）	kotoba
192311	総合英語（Content-based English）	kotoba,iryo
192313	総合英語（Liberal Arts & Sciences）	kotoba,bungaku,shinri
192315	総合英語（Project-based English）	kotoba
192317	総合英語（Liberal Arts & Sciences）	kotoba,tetsugaku
192319	総合英語（Performance Workshop）	kotoba,media
192321	総合英語（Performance Workshop）	kotoba
192323	総合英語（Liberal Arts & Sciences）	kotoba
192326	総合英語（Project-based English）	kotoba
192327	総合英語（Liberal Arts & Sciences）	kotoba,rekishi,geijutsu,ikimono,joho
192328	総合英語（Liberal Arts & Sciences）	kotoba,shakai
192329	総合英語（Academic Skills）	kotoba,kokusai,ai
192330	総合英語（Performance Workshop）	kotoba,media
192331	総合英語（Content-based English）	kotoba,kokusai,kankyo
192332	総合英語（Liberal Arts & Sciences）	kotoba
192333	総合英語（Academic Skills）	kotoba
192334	総合英語（Project-based English）	kotoba
192335	総合英語（Content-based English）	kotoba
192336	総合英語（Performance Workshop）	kotoba,shakai
192337	総合英語（Project-based English）	kotoba
192338	総合英語（Project-based English）	kotoba
192339	総合英語（Content-based English）	kotoba
192340	総合英語（Performance Workshop）	kotoba,media
192341	総合英語（Liberal Arts & Sciences）	kotoba
192342	総合英語（Liberal Arts & Sciences）	kotoba
192343	総合英語（Performance Workshop）	kotoba
192344	総合英語（Liberal Arts & Sciences）	kotoba,bunka,shakai,media,kankyo
192345	総合英語（Performance Workshop）	kotoba,media
192346	総合英語（Liberal Arts & Sciences）	kotoba,geijutsu,bunka,shakai
192347	総合英語（Liberal Arts & Sciences）	kotoba
192348	総合英語（Performance Workshop）	kotoba
192349	総合英語（Content-based English）	kotoba,rekishi,bunka
192350	総合英語（Content-based English）	kotoba,media
192351	総合英語（Liberal Arts & Sciences）	kotoba
192352	総合英語（Performance Workshop）	kotoba
192353	総合英語（Content-based English）	kotoba
192354	総合英語（Liberal Arts & Sciences）	kotoba
192355	総合英語（Performance Workshop）	kotoba,shinri
192356	総合英語（Content-based English）	kotoba
192357	総合英語（Performance Workshop）	kotoba
192358	総合英語（Liberal Arts & Sciences）	kotoba,rekishi,keizai,shoku,kankyo
192359	総合英語（Liberal Arts & Sciences）	kotoba,rekishi,bunka
192360	総合英語（Performance Workshop）	kotoba
192361	総合英語ＩＩ（上級）	kotoba
192363	総合英語ＩＩ	kotoba,shakai,media,kankyo,ai
192365	総合英語ＩＩ	kotoba
192367	総合英語ＩＩ	kotoba,shakai,media,kankyo,ai
192369	総合英語ＩＩ	kotoba,shakai,media,kankyo,ai
192371	総合英語ＩＩ	kotoba,media
192373	総合英語ＩＩ	kotoba,media
192375	総合英語ＩＩ	kotoba,shakai,media,kankyo,ai
192377	総合英語ＩＩ	kotoba,shakai,media,kankyo,ai
192379	総合英語ＩＩ	kotoba
192381	総合英語ＩＩ	kotoba
192383	総合英語ＩＩ（上級）	kotoba,rekishi,bunka
192385	総合英語ＩＩ	kotoba
192387	総合英語ＩＩ（上級）	kotoba
192389	総合英語ＩＩ	kotoba
192391	総合英語ＩＩ	kotoba
192393	総合英語IV	kotoba,shakai,kokusai
192395	総合英語IV	kotoba,shakai,kokusai
192397	総合英語IV	kotoba,shakai,kokusai
192399	総合英語IV	kotoba,shakai,kokusai
192401	総合英語IV	kotoba,rekishi,tetsugaku,geijutsu,ikimono
192403	総合英語IV	kotoba,rekishi,tetsugaku,geijutsu,ikimono
192405	総合英語IV	kotoba,shakai,kokusai
192407	総合英語IV	kotoba,rekishi,tetsugaku,geijutsu,ikimono
192409	総合英語IV	kotoba,bunka,iryo,kankyo
192411	総合英語IV	kotoba,shakai,kokusai
192413	総合英語IV	kotoba
192415	総合英語IV	kotoba,shakai,kokusai
192417	総合英語IV（上級）	kotoba
192419	総合英語IV（上級）	kotoba
192421	総合英語IV（上級）	kotoba
192423	総合英語IV	kotoba,bunka,iryo,kankyo
192441	ドイツ語初級II	kotoba
192443	ドイツ語初級II	kotoba
192445	ドイツ語初級II	kotoba
192447	ドイツ語初級II	kotoba
192449	ドイツ語初級II	kotoba
192451	ドイツ語初級II	kotoba,bunka
192453	ドイツ語初級II	kotoba
192455	ドイツ語初級II	kotoba
192457	ドイツ語初級II	kotoba
192461	ドイツ語初級II	kotoba
192463	ドイツ語初級II	kotoba,bunka
192465	ドイツ語初級II	kotoba
192467	ドイツ語初級II	kotoba
192469	ドイツ語初級II	kotoba
192471	ドイツ語初級II	kotoba
192473	ドイツ語初級II	kotoba
192475	ドイツ語初級II	kotoba
192477	ドイツ語初級II	kotoba
192479	ドイツ語初級II	kotoba,bunka
192483	ドイツ語初級II	kotoba
192485	ドイツ語初級II	kotoba
192487	ドイツ語初級II	kotoba
192489	ドイツ語初級II	kotoba,bunka
192491	ドイツ語初級II	kotoba
192493	ドイツ語初級II	kotoba
192495	ドイツ語初級II	kotoba
192497	ドイツ語初級II	kotoba
192499	ドイツ語初級II	kotoba
192501	ドイツ語初級II	kotoba
192509	ドイツ語初級I＜再履修生のみ＞	kotoba,shakai
192511	ドイツ語初級I＜再履修生のみ＞	kotoba
192513	ドイツ語初級I＜再履修生のみ＞	kotoba,bunka,shakai,seiji,media
192521	フランス語初級II	kotoba
192523	フランス語初級II	kotoba
192527	フランス語初級II	kotoba
192529	フランス語初級II	kotoba
192531	フランス語初級II	kotoba
192533	フランス語初級II	kotoba
192535	フランス語初級II	kotoba
192537	フランス語初級II	kotoba
192539	フランス語初級II	kotoba
192541	フランス語初級II	kotoba
192543	フランス語初級II	kotoba
192545	フランス語初級II	kotoba
192547	フランス語初級II	kotoba
192549	フランス語初級II	kotoba
192551	フランス語初級II	kotoba
192553	フランス語初級II	kotoba
192555	フランス語初級II	kotoba
192557	フランス語初級II	kotoba
192558	フランス語初級II	kotoba
192559	フランス語初級I＜再履修生のみ＞	kotoba
192571	ロシア語初級II	kotoba
192573	ロシア語初級II	kotoba,bunka
192575	ロシア語初級II	kotoba
192577	ロシア語初級II	kotoba
192579	ロシア語初級II	kotoba
192581	ロシア語初級II	kotoba,bunka
192583	ロシア語初級II	kotoba
192585	ロシア語初級I＜再履修生のみ＞	kotoba,bunka
192590	中国語初級I＜再履修生のみ＞	kotoba
192591	中国語初級II	kotoba
192593	中国語初級II	kotoba
192595	中国語初級II	kotoba
192596	中国語初級II	kotoba
192597	中国語初級II	kotoba
192598	中国語初級II	kotoba
192599	中国語初級II	kotoba
192600	中国語初級II	kotoba
192601	中国語初級II	kotoba
192602	中国語初級II	kotoba
192603	中国語初級II	kotoba
192604	中国語初級II	kotoba
192605	中国語初級II	kotoba
192606	中国語初級II	kotoba
192607	中国語初級II	kotoba
192609	中国語初級II	kotoba
192610	中国語初級II	kotoba
192611	中国語初級II	kotoba
192612	中国語初級II	kotoba
192613	中国語初級II	kotoba
192614	中国語初級II	kotoba
192615	中国語初級II	kotoba
192616	中国語初級II	kotoba
192617	中国語初級II	kotoba
192618	中国語初級II	kotoba
192619	中国語初級I＜再履修生のみ＞	kotoba
192620	中国語初級II	kotoba
192621	朝鮮語初級II	kotoba,bunka
192629	スペイン語初級II	kotoba
192631	スペイン語初級II	kotoba
192637	イタリア語初級II	kotoba
192641	専門日本語	kotoba,bunka,shakai,media
192643	専門日本語	kotoba
192647	総合日本語	kotoba,shakai
192661	英語選択	kotoba
192663	英語選択	kotoba
192665	英語選択	kotoba,bunka,shakai
192667	英語選択	kotoba,shakai
192669	英語選択	kotoba,tetsugaku,shinri
192671	ドイツ語初級II選択	kotoba,rekishi,bunka,seiji,energy
192672	ドイツ語初級II選択	kotoba
192673	フランス語初級II選択	kotoba
192685	ロシア語初級II選択	kotoba
192687	中国語初級II選択	kotoba
192689	ギリシャ語初級II選択	kotoba
192691	ラテン語初級II選択	kotoba
192701	地域言語文化演習（ドイツ語）	kotoba,bunka,kokusai
192703	国際コミュニケーション演習（ドイツ語）	kotoba
192705	地域言語文化演習（ドイツ語）	kotoba
192707	地域言語文化演習（ドイツ語）	kotoba
192709	国際コミュニケーション演習（ドイツ語）	kotoba
192711	地域言語文化演習（ドイツ語）	kotoba,rekishi,bunka,seiji,energy
192713	地域言語文化演習（ドイツ語）	kotoba
192715	地域言語文化演習（ドイツ語）	kotoba,bunka
192717	地域言語文化演習（ドイツ語）	kotoba
192719	地域言語文化演習（ドイツ語）	kotoba,bunka
192721	国際コミュニケーション演習（ドイツ語）	kotoba
192723	国際コミュニケーション演習（ドイツ語）	kotoba
192727	地域言語文化演習（ドイツ語）	kotoba,bunka,kokusai
192729	地域言語文化演習（ドイツ語）	kotoba,bunka
192731	地域言語文化演習（ドイツ語）	kotoba,bunka
192743	国際コミュニケーション演習（ドイツ語）	kotoba
192745	国際コミュニケーション演習（ドイツ語）	kotoba
192749	地域言語文化演習（ドイツ語）	kotoba
192751	地域言語文化演習（ドイツ語）	kotoba
192752	地域言語文化演習（ドイツ語）	kotoba,shukyo,geijutsu
192753	地域言語文化演習（ドイツ語）	kotoba,bunka
192755	国際コミュニケーション演習（ドイツ語）	kotoba
192757	国際コミュニケーション演習（ドイツ語）	kotoba
192761	地域言語文化演習（ドイツ語）	kotoba,bunka
192763	地域言語文化演習（ドイツ語）	kotoba,bunka
192781	国際コミュニケーション演習（フランス語）	kotoba
192783	国際コミュニケーション演習（フランス語）	kotoba
192787	国際コミュニケーション演習（フランス語）	kotoba
192789	国際コミュニケーション演習（フランス語）	kotoba
192791	国際コミュニケーション演習（フランス語）	kotoba
192793	国際コミュニケーション演習（フランス語）	kotoba
192795	国際コミュニケーション演習（フランス語）	kotoba
192797	国際コミュニケーション演習（フランス語）	kotoba
192809	国際コミュニケーション演習（フランス語）	kotoba
192811	国際コミュニケーション演習（フランス語）	kotoba
192813	国際コミュニケーション演習（フランス語）	kotoba
192815	国際コミュニケーション演習（フランス語）	kotoba
192817	国際コミュニケーション演習（フランス語）	kotoba
192819	国際コミュニケーション演習（フランス語）	kotoba
192821	国際コミュニケーション演習（フランス語）＜再履修生のみ＞	kotoba
192831	地域言語文化演習（ロシア語）	kotoba,rekishi,bunka,shakai,monodukuri
192833	地域言語文化演習（ロシア語）	kotoba,bunka
192835	地域言語文化演習（ロシア語）	kotoba,rekishi,bunka,shakai,monodukuri
192839	地域言語文化演習（ロシア語）	kotoba,bunka
192851	国際コミュニケーション演習（中国語）	kotoba,bunka
192853	国際コミュニケーション演習（中国語）	kotoba,bunka
192855	国際コミュニケーション演習（中国語）	kotoba,bunka
192857	国際コミュニケーション演習（中国語）	kotoba,bunka
192859	国際コミュニケーション演習（中国語）	kotoba,bunka
192860	国際コミュニケーション演習（中国語）	kotoba
192861	国際コミュニケーション演習（中国語）	kotoba,bunka
192862	国際コミュニケーション演習（中国語）	kotoba,bunka
192863	国際コミュニケーション演習（中国語）	kotoba,bunka
192864	国際コミュニケーション演習（中国語）	kotoba,bunka
192871	国際コミュニケーション演習（中国語）	kotoba,bunka
192872	国際コミュニケーション演習（中国語）	kotoba,bunka
192873	国際コミュニケーション演習（中国語）	kotoba,bunka
192874	国際コミュニケーション演習（中国語）	kotoba,bunka
192875	国際コミュニケーション演習（中国語）	kotoba,bunka
192877	国際コミュニケーション演習（中国語）	kotoba,bunka
192878	国際コミュニケーション演習（中国語）	kotoba
192879	国際コミュニケーション演習（中国語）	kotoba,bunka
192880	国際コミュニケーション演習（中国語）	kotoba,bunka
192881	国際コミュニケーション演習（朝鮮語）	kotoba,bunka
192889	地域言語文化演習（スペイン語）	kotoba,rekishi,bunka
192891	地域言語文化演習（スペイン語）	kotoba,bunka
192897	地域言語文化演習（イタリア語）	kotoba,bunka
192909	多文化コミュニケーション（日本語）	kotoba,bunka,kokusai
192911	多文化コミュニケーション（日本語）	kotoba
192913	多文化コミュニケーション（日本語）	kotoba,bunka,shakai
192941	特別外国語演習（タイ語）I	kotoba,bunka,kokusai
192943	特別外国語演習（ベトナム語）I	kotoba
192945	特別外国語演習（ビルマ語）I	kotoba
192947	特別外国語演習（ヒンディー語）I	kotoba
192949	特別外国語演習（ハンガリー語）I	kotoba
192951	特別外国語演習（デンマーク語）I	kotoba,bunka
192955	特別外国語演習（ポルトガル語）ＩＩ	kotoba
193001	総合英語（Liberal Arts & Sciences）	kotoba
193003	総合英語（Liberal Arts & Sciences）	kotoba
193005	総合英語（Academic Skills）	kotoba
193008	総合英語（Liberal Arts & Sciences）	kotoba,media
193009	総合英語（Liberal Arts & Sciences）	kotoba,bunka,shakai
193011	総合英語（Academic Skills）	kotoba
193013	総合英語（Project-based English）	kotoba
193015	総合英語（Content-based English）	kotoba,tetsugaku,shakai,seiji
193021	総合英語（Performance Workshop）	kotoba
193023	総合英語（Liberal Arts & Sciences）	kotoba
193025	総合英語（Performance Workshop）	kotoba
193027	総合英語（Liberal Arts & Sciences）	kotoba,geijutsu,bunka,shakai
193029	総合英語（Performance Workshop）	kotoba
193031	総合英語（Liberal Arts & Sciences）	kotoba,bungaku,shinri
193033	総合英語（Academic Skills）	kotoba
193035	総合英語（Liberal Arts & Sciences）	kotoba,rekishi,bunka
193037	総合英語（Content-based English）	kotoba,rekishi,bunka
193039	総合英語（Liberal Arts & Sciences）	kotoba
193041	総合英語（Liberal Arts & Sciences）	kotoba,geijutsu,bunka,shakai,kokusai
193043	総合英語（Academic Skills）	kotoba
193045	総合英語（Content-based English）	kotoba,shinri,kyoiku
193047	総合英語（Liberal Arts & Sciences）	kotoba
193049	総合英語（Project-based English）	kotoba,bunka,kokusai
193051	総合英語（Performance Workshop）	kotoba
193053	総合英語（Content-based English）	kotoba
193055	総合英語（Liberal Arts & Sciences）	kotoba,bungaku,shinri
193057	総合英語（Project-based English）	kotoba
193059	総合英語（Content-based English）	kotoba,bunka,ikimono,kankyo
193061	総合英語（Liberal Arts & Sciences）	kotoba,media
193063	総合英語（Performance Workshop）	kotoba
193065	総合英語（Liberal Arts & Sciences）	kotoba,media,kokusai
193067	総合英語（Academic Skills）	kotoba,kokusai,ai
193069	総合英語（Performance Workshop）	kotoba
193101	総合英語（Academic Skills）	kotoba
193103	総合英語（Liberal Arts & Sciences）	kotoba,bunka,shakai
193105	総合英語（Project-based English）	kotoba
193107	総合英語（Project-based English）	kotoba,iryo
193119	総合英語（Project-based English）	kotoba,bunka,media
193121	総合英語（Liberal Arts & Sciences）	kotoba,iryo
193122	総合英語（Content-based English）	kotoba,tetsugaku,shakai,seiji
193123	総合英語（Content-based English）	kotoba,media
193124	総合英語（Academic Skills）	kotoba
193126	総合英語（Content-based English）	kotoba,shinri
193127	総合英語（Liberal Arts & Sciences）	kotoba,media
193129	総合英語（Liberal Arts & Sciences）	kotoba,rekishi,bunka,seiji,kokusai
193135	総合英語（Liberal Arts & Sciences）	kotoba,rekishi,tetsugaku,ikimono,iryo
193137	総合英語（Liberal Arts & Sciences）	kotoba
193139	総合英語（Liberal Arts & Sciences）	kotoba,shakai
193141	総合英語（Academic Skills）	kotoba
193143	総合英語（Liberal Arts & Sciences）	kotoba,tetsugaku
193145	総合英語（Performance Workshop）	kotoba
193147	総合英語（Liberal Arts & Sciences）	kotoba
193149	総合英語（Project-based English）	kotoba,shakai
193151	総合英語（Performance Workshop）	kotoba
193153	総合英語（Project-based English）	kotoba,iryo
193155	総合英語（Project-based English）	kotoba
193159	総合英語（Performance Workshop）	kotoba
193161	総合英語（Liberal Arts & Sciences）	kotoba
193163	総合英語（Content-based English）	kotoba,shinri,kyoiku
193165	総合英語（Liberal Arts & Sciences）	kotoba,bungaku,shinri
193167	総合英語（Liberal Arts & Sciences）	kotoba
193168	総合英語（Liberal Arts & Sciences）	kotoba
193169	総合英語（Liberal Arts & Sciences）	kotoba,geijutsu,shakai,kankyo
193170	総合英語（Project-based English）	kotoba,bunka
193171	総合英語（Project-based English）	kotoba
193173	総合英語（Performance Workshop）	kotoba,bunka
193175	総合英語（Academic Skills）	kotoba
193177	総合英語（Content-based English）	kotoba
193179	総合英語（Performance Workshop）	kotoba
193181	総合英語（Liberal Arts & Sciences）	kotoba,iryo
193183	総合英語（Content-based English）	kotoba,kokusai,kankyo
193191	総合英語（Liberal Arts & Sciences）	kotoba
193193	総合英語（Liberal Arts & Sciences）	kotoba
193195	総合英語（Liberal Arts & Sciences）	kotoba,tetsugaku
193197	総合英語（Project-based English）	kotoba
193201	総合英語（Content-based English）（吹田開講）	kotoba
193203	総合英語（Liberal Arts & Sciences）（吹田開講）	kotoba
193205	総合英語（Content-based English）（吹田開講）	kotoba,shinri
193207	総合英語（Performance Workshop）（吹田開講）	kotoba,shakai,gender
193209	総合英語（Liberal Arts & Sciences）（吹田開講）	kotoba,geijutsu,bunka,shinri,ikimono
193211	総合英語（Liberal Arts & Sciences）（吹田開講）	kotoba,bunka,shakai
193213	総合英語（Project-based English）（吹田開講）	kotoba,iryo
193215	総合英語（Liberal Arts & Sciences）（吹田開講）	kotoba
193217	総合英語（Liberal Arts & Sciences）（吹田開講）	kotoba,rekishi,bunka,seiji,kokusai
193219	総合英語（Academic Skills）（吹田開講）	kotoba
193221	総合英語（Project-based English）（吹田開講）	kotoba
193223	総合英語（Liberal Arts & Sciences）（吹田開講）	kotoba,shakai
193225	総合英語（Liberal Arts & Sciences）（吹田開講）	kotoba,kokusai
193227	総合英語（Content-based English）（吹田開講）	kotoba
193229	総合英語（Liberal Arts & Sciences）（吹田開講）	kotoba
193231	総合英語（Content-based English）（吹田開講）	kotoba,shinri
193237	総合英語（Performance Workshop）（吹田開講）	kotoba,shakai,gender
193239	総合英語（Liberal Arts & Sciences）（吹田開講）	kotoba,geijutsu,bunka,shinri,ikimono
193241	総合英語（Liberal Arts & Sciences）（吹田開講）	kotoba,bunka,shakai
193243	総合英語（Project-based English）（吹田開講）	kotoba,iryo
193245	総合英語（Liberal Arts & Sciences）（吹田開講）	kotoba
193247	総合英語（Liberal Arts & Sciences）（吹田開講）	kotoba,rekishi,bunka,seiji,kokusai
193249	総合英語（Academic Skills）（吹田開講）	kotoba
193251	総合英語（Project-based English）（吹田開講）	kotoba
193253	総合英語（Liberal Arts & Sciences）（吹田開講）	kotoba,shakai
193255	総合英語（Liberal Arts & Sciences）（吹田開講）	kotoba
193257	総合英語（Liberal Arts & Sciences）（吹田開講）	kotoba,kokusai
193441	ドイツ語中級	kotoba,bungaku,rekishi,bunka
193443	ドイツ語中級	kotoba
193445	ドイツ語中級	kotoba
193446	ドイツ語中級	kotoba,bunka
193447	ドイツ語中級	kotoba
193449	ドイツ語中級	kotoba,rekishi,bunka
193451	ドイツ語中級	kotoba,rekishi,bunka,shoku
193453	ドイツ語中級	kotoba
193455	ドイツ語中級	kotoba,bungaku,bunka
193457	ドイツ語中級	kotoba
193459	ドイツ語中級	kotoba
193461	ドイツ語中級	kotoba,bunka
193463	ドイツ語中級	kotoba
193465	ドイツ語中級	kotoba
193467	ドイツ語中級	kotoba
193469	ドイツ語中級	kotoba
193471	ドイツ語中級	kotoba
193473	ドイツ語中級	kotoba
193475	ドイツ語中級	kotoba,bunka
193477	ドイツ語中級	kotoba
193479	ドイツ語中級	kotoba,bungaku,rekishi,bunka
193481	ドイツ語中級	kotoba,bunka
193483	ドイツ語中級	kotoba,bungaku,bunka
193485	ドイツ語中級	kotoba
193489	ドイツ語中級（吹田開講）	kotoba
193491	ドイツ語中級（吹田開講）	kotoba
193495	ドイツ語中級（吹田開講）	kotoba,bunka
193497	ドイツ語中級（吹田開講）	kotoba,bunka
193499	ドイツ語中級（吹田開講）	kotoba,bungaku,tetsugaku,geijutsu
193501	ドイツ語中級（吹田開講）	kotoba
193503	ドイツ語中級（吹田開講）	kotoba
193507	ドイツ語中級（吹田開講）	kotoba,bunka
193509	ドイツ語中級（吹田開講）	kotoba,bunka
193511	ドイツ語中級（吹田開講）	kotoba,bungaku,tetsugaku,geijutsu
193513	ドイツ語上級	kotoba
193515	ドイツ語初級II＜再履修生のみ＞	kotoba
193517	ドイツ語初級II＜再履修生のみ＞	kotoba
193519	ドイツ語初級II＜再履修生のみ＞	kotoba
193521	フランス語中級	kotoba,bungaku
193522	フランス語中級	kotoba,bunka
193523	フランス語中級	kotoba,kankyo
193525	フランス語中級	kotoba
193527	フランス語中級	kotoba,bungaku,rekishi,bunka
193529	フランス語中級	kotoba,rekishi,bunka,shakai,seiji
193531	フランス語中級	kotoba,bunka
193533	フランス語中級	kotoba
193535	フランス語中級	kotoba,bunka
193537	フランス語中級	kotoba
193539	フランス語中級	kotoba,bunka
193541	フランス語中級	kotoba
193543	フランス語中級	kotoba
193545	フランス語中級	kotoba,geijutsu,bunka,shakai,kyoiku
193547	フランス語中級	kotoba,bunka
193549	フランス語中級（吹田開講）	kotoba,bunka
193551	フランス語中級（吹田開講）	kotoba
193553	フランス語中級（吹田開講）	kotoba,bunka
193554	フランス語中級（吹田開講）	kotoba
193555	フランス語中級（吹田開講）	kotoba,bunka
193557	フランス語中級（吹田開講）	kotoba
193559	フランス語中級（吹田開講）	kotoba
193561	フランス語上級	kotoba,bungaku
193563	フランス語初級II＜再履修生のみ＞	kotoba
193571	ロシア語中級	kotoba,bunka
193573	ロシア語中級	kotoba,bunka
193575	ロシア語中級	kotoba
193577	ロシア語中級	kotoba
193579	ロシア語中級	kotoba
193581	ロシア語中級（吹田開講）	kotoba,bunka
193583	ロシア語中級（吹田開講）	kotoba,bunka
193585	ロシア語上級	kotoba,kyoiku,ai
193587	ロシア語初級II＜再履修生のみ＞	kotoba
193591	中国語中級	kotoba,bunka,shakai
193592	中国語中級	kotoba,bunka
193593	中国語中級	kotoba,bunka
193594	中国語中級	kotoba,bunka
193595	中国語中級	kotoba
193596	中国語中級	kotoba,bunka
193597	中国語中級	kotoba
193598	中国語中級	kotoba,bunka
193599	中国語中級	kotoba
193600	中国語中級	kotoba,bunka
193601	中国語中級	kotoba
193602	中国語中級	kotoba
193603	中国語中級	kotoba
193604	中国語中級	kotoba,bunka
193605	中国語中級	kotoba,bunka
193606	中国語中級（吹田開講）	kotoba
193607	中国語中級	kotoba
193608	中国語中級（吹田開講）	kotoba
193609	中国語中級	kotoba,bunka
193610	中国語中級	kotoba
193611	中国語中級（吹田開講）	kotoba
193612	中国語中級（吹田開講）	kotoba,bunka
193613	中国語中級（吹田開講）	kotoba
193614	中国語中級（吹田開講）	kotoba,bunka
193615	中国語中級（吹田開講）	kotoba
193616	中国語中級（吹田開講）	kotoba,bunka
193617	中国語中級（吹田開講）	kotoba
193618	中国語上級	kotoba
193619	中国語初級II＜再履修生のみ＞	kotoba
193620	中国語初級II＜再履修生のみ＞	kotoba
193621	朝鮮語中級	kotoba
193623	朝鮮語中級	kotoba,bunka
193629	スペイン語中級	kotoba
193630	スペイン語中級	kotoba,bunka
193631	スペイン語中級	kotoba
193637	イタリア語中級（箕面開講）	kotoba
193639	イタリア語中級（箕面開講）	kotoba,bunka
193661	英語選択	kotoba
193663	英語選択	kotoba
193665	英語選択	kotoba
193667	英語選択	kotoba,tetsugaku,shinri
193669	英語選択	kotoba
193671	ドイツ語中級選択	kotoba
193672	ドイツ語中級選択	kotoba
193673	フランス語中級選択	kotoba,bungaku
193675	ロシア語中級選択	kotoba,bunka
193677	中国語中級選択	kotoba
193679	ギリシャ語中級III選択	kotoba
193681	ラテン語中級III選択	kotoba
193701	地域言語文化演習（ドイツ語）	kotoba
193703	地域言語文化演習（ドイツ語）	kotoba,bunka,shakai,seiji,kokusai
193711	地域言語文化演習（ドイツ語）	kotoba
193713	地域言語文化演習（ドイツ語）	kotoba,rekishi,bunka,seiji,kokusai
193715	地域言語文化演習（ドイツ語）	kotoba,iryo
193717	地域言語文化演習（ドイツ語）	kotoba
193718	地域言語文化演習（ドイツ語）	kotoba,bunka
193719	地域言語文化演習（ドイツ語）＜再履修および自由選択用＞	kotoba
193723	地域言語文化演習（ドイツ語）＜再履修および自由選択用＞	kotoba,bunka
193725	国際コミュニケーション演習（ドイツ語）＜再履修および自由選択用＞	kotoba
193783	国際コミュニケーション演習（フランス語）	kotoba
193785	国際コミュニケーション演習（フランス語）	kotoba
193791	地域言語文化演習（フランス語）	kotoba,bungaku
193792	地域言語文化演習（フランス語）	kotoba,bungaku
193831	地域言語文化演習（ロシア語）	kotoba
193835	地域言語文化演習（ロシア語）	kotoba,bunka
193853	国際コミュニケーション演習（中国語）	kotoba,bunka
193861	国際コミュニケーション演習（中国語）	kotoba,bunka
193863	国際コミュニケーション演習（中国語）	kotoba
193881	地域言語文化演習（朝鮮語）	kotoba,bunka
193891	国際コミュニケーション演習（スペイン語）	kotoba,bunka
193897	国際コミュニケーション演習（イタリア語）	kotoba,bunka
194001	総合英語（Liberal Arts & Sciences）	kotoba,tetsugaku
194003	総合英語（Liberal Arts & Sciences）	kotoba,bunka
194005	総合英語（Liberal Arts & Sciences）	kotoba
194007	総合英語（Liberal Arts & Sciences）	kotoba
194009	総合英語（Academic Skills）	kotoba
194011	総合英語（Content-based English）	kotoba
194013	総合英語（Performance Workshop）	kotoba
194015	総合英語（Liberal Arts & Sciences）	kotoba
194019	総合英語（Performance Workshop）	kotoba
194021	総合英語（Academic Skills）	kotoba
194023	総合英語（Content-based English）	kotoba,shinri,kyoiku
194025	総合英語（Liberal Arts & Sciences）	kotoba,bunka,shakai
194027	総合英語（Project-based English）	kotoba
194029	総合英語（Liberal Arts & Sciences）	kotoba,kokusai
194031	総合英語（Liberal Arts & Sciences）	kotoba,bungaku,shinri
194033	総合英語（Performance Workshop）	kotoba
194035	総合英語（Liberal Arts & Sciences）	kotoba
194041	総合英語（Content-based English）	kotoba
194043	総合英語（Performance Workshop）	kotoba
194045	総合英語（Project-based English）	kotoba
194047	総合英語（Performance Workshop）	kotoba
194049	総合英語（Liberal Arts & Sciences）	kotoba,rekishi,keizai,shoku,kankyo
194051	総合英語（Liberal Arts & Sciences）	kotoba
194055	総合英語（Liberal Arts & Sciences）	kotoba
194091	総合英語（Project-based English）	kotoba
194093	総合英語（Academic Skills）	kotoba
194095	総合英語（Liberal Arts & Sciences）	kotoba
194097	総合英語（Performance Workshop）	kotoba
194125	総合英語（Content-based English）	kotoba,shinri,kyoiku
194127	総合英語（Content-based English）	kotoba
194129	総合英語（Project-based English）	kotoba
194131	総合英語（Project-based English）	kotoba
194133	総合英語（Performance Workshop）	kotoba,bunka
194135	総合英語（Liberal Arts & Sciences）	kotoba,geijutsu,shakai,kankyo
194137	総合英語（Performance Workshop）	kotoba
194139	総合英語（Liberal Arts & Sciences）	kotoba,butsuri
194143	総合英語（Liberal Arts & Sciences）	kotoba
194145	総合英語（Project-based English）	kotoba,iryo
194147	総合英語（Liberal Arts & Sciences）	kotoba
194149	総合英語（Academic Skills）	kotoba
194151	総合英語（Liberal Arts & Sciences）	kotoba,rekishi,geijutsu,ikimono,joho
194153	総合英語（Liberal Arts & Sciences）	kotoba,bungaku,shinri
194155	総合英語（Liberal Arts & Sciences）	kotoba,bunka,shakai
194161	総合英語（Project-based English）（吹田開講）	kotoba
194163	総合英語（Liberal Arts & Sciences）（吹田開講）	kotoba,bunka,shakai
194165	総合英語（Performance Workshop）（吹田開講）	kotoba,bunka
194167	総合英語（Liberal Arts & Sciences）（吹田開講）	kotoba
194169	総合英語（Content-based English）（吹田開講）	kotoba
194171	総合英語（Project-based English）（吹田開講）	kotoba,iryo
194173	総合英語（Liberal Arts & Sciences）（吹田開講）	kotoba,shakai,kokusai,iryo,kankyo
194175	総合英語（Liberal Arts & Sciences）（吹田開講）	kotoba
194177	総合英語（Liberal Arts & Sciences）（吹田開講）	kotoba,shakai,seiji,iryo,ai
194179	総合英語（Academic Skills）（吹田開講）	kotoba
194181	総合英語（Liberal Arts & Sciences）（吹田開講）	kotoba,rekishi,tetsugaku
194183	総合英語（Liberal Arts & Sciences）（吹田開講）	kotoba,shakai
194185	総合英語（Academic Skills）（吹田開講）	kotoba
194191	総合英語（Project-based English）（吹田開講）	kotoba
194193	総合英語（Liberal Arts & Sciences）（吹田開講）	kotoba,bunka,shakai
194195	総合英語（Performance Workshop）（吹田開講）	kotoba,bunka
194197	総合英語（Liberal Arts & Sciences）（吹田開講）	kotoba
194199	総合英語（Content-based English）（吹田開講）	kotoba
194201	総合英語（Project-based English）（吹田開講）	kotoba,iryo
194203	総合英語（Liberal Arts & Sciences）（吹田開講）	kotoba,shakai,kokusai,iryo,kankyo
194205	総合英語（Liberal Arts & Sciences）（吹田開講）	kotoba
194207	総合英語（Liberal Arts & Sciences）（吹田開講）	kotoba,shakai,seiji,iryo,ai
194209	総合英語（Academic Skills）（吹田開講）	kotoba
194211	総合英語（Liberal Arts & Sciences）（吹田開講）	kotoba,rekishi,tetsugaku
194213	総合英語（Liberal Arts & Sciences）（吹田開講）	kotoba,shakai
194215	総合英語（Academic Skills）（吹田開講）	kotoba
194217	総合英語（Liberal Arts & Sciences）（吹田開講）	kotoba
194443	ドイツ語中級	kotoba,bunka,shoku
194445	ドイツ語中級	kotoba,shakai
194447	ドイツ語中級	kotoba
194449	ドイツ語中級	kotoba,shakai
194451	ドイツ語中級	kotoba,bunka
194453	ドイツ語中級	kotoba
194455	ドイツ語中級＜再履修生のみ＞（吹田開講）	kotoba,bunka
194457	ドイツ語中級＜再履修生のみ＞	kotoba,bungaku,rekishi,bunka
194459	ドイツ語中級＜再履修生のみ＞	kotoba
194461	ドイツ語上級	kotoba,bungaku,bunka,kyoiku
194523	フランス語中級	kotoba,bungaku
194525	フランス語中級	kotoba
194527	フランス語中級	kotoba,bungaku,rekishi,bunka
194529	フランス語中級	kotoba,bunka,seiji,kyoiku,kankyo
194531	フランス語中級	kotoba,bunka
194533	フランス語中級	kotoba
194535	フランス語上級	kotoba
194573	ロシア語中級	kotoba,bunka
194575	ロシア語中級	kotoba
194577	ロシア語上級	kotoba,shakai,seiji,keizai,kokusai
194593	中国語中級	kotoba,bunka,shakai
194595	中国語中級	kotoba
194596	中国語中級	kotoba,bunka,shakai
194597	中国語中級	kotoba
194598	中国語中級	kotoba
194599	中国語中級	kotoba,bunka,shakai
194601	中国語上級	kotoba
194623	朝鮮語中級	kotoba,bunka
194631	スペイン語中級	kotoba
194637	イタリア語中級	kotoba,bungaku
194667	英語選択	kotoba,bunka,shakai,shoku
194669	英語選択	kotoba,tetsugaku,shinri
194670	英語選択	kotoba
194673	ドイツ語中級選択	kotoba,shakai
194677	フランス語中級選択	kotoba
194681	ロシア語中級選択	kotoba,bunka
194685	中国語中級選択	kotoba
194689	ギリシャ語中級IV選択	kotoba,bungaku
194693	ラテン語中級IV選択	kotoba,bungaku
194703	地域言語文化演習（ドイツ語）	kotoba,bunka,shakai
194705	地域言語文化演習（ドイツ語）	kotoba,bungaku,tetsugaku,geijutsu,bunka
194733	地域言語文化演習（ドイツ語）＜再履修および自由選択用＞	kotoba,bunka
194783	国際コミュニケーション演習（フランス語）	kotoba,bungaku
194785	国際コミュニケーション演習（フランス語）	kotoba
194791	地域言語文化演習（フランス語）＜再履修生のみ＞	kotoba
194795	国際コミュニケーション演習（フランス語）（吹田開講）＜再履修生のみ＞	kotoba
194833	地域言語文化演習（ロシア語）	kotoba,bungaku,rekishi,bunka
194841	地域言語文化演習（ロシア語）＜再履修生のみ＞	kotoba
194853	国際コミュニケーション演習（中国語）	kotoba,bunka
194883	地域言語文化演習（朝鮮語）	kotoba,bunka
194891	地域言語文化演習（スペイン語）	kotoba,bunka
194897	地域言語文化演習（イタリア語）	kotoba,bunka
195001	実践英語（e-learning入門）	kotoba
195002	実践英語（e-learning応用）	kotoba
195003	実践英語（e-learning入門）	kotoba
195004	実践英語（e-learning応用）	kotoba
